timestamp,aX,aY,aZ
2026-05-25 04:54:12,16576,-704,-1124
2026-05-25 04:54:14,16732,-740,-1124
2026-05-25 04:54:16,16676,-612,-1060
2026-05-25 04:54:18,16704,-704,-1004
2026-05-25 04:54:20,16748,-636,-1084
2026-05-25 04:54:22,16708,-640,-1040
2026-05-25 04:54:24,16720,-276,-864
2026-05-25 04:54:26,16772,-620,-996
2026-05-25 04:54:28,16644,-576,-1068
2026-05-25 04:54:30,16644,-676,-952
2026-05-25 04:54:32,16656,-640,-1076
2026-05-25 04:54:34,16712,-620,-988
2026-05-25 04:54:36,16744,-708,-1088
2026-05-25 04:54:38,16752,-680,-968
2026-05-25 04:54:40,16724,-624,-1120
2026-05-25 04:54:42,16692,-652,-1132
2026-05-25 04:54:44,16712,-668,-1048
2026-05-25 04:54:46,16764,-676,-1148
2026-05-25 04:54:48,16704,-652,-1036
2026-05-25 04:54:50,16756,-644,-1076
2026-05-25 04:54:52,16940,-560,-1172
2026-05-25 04:54:54,16688,-660,-1056
2026-05-25 04:54:56,16680,-668,-1060
2026-05-25 04:54:58,17160,-880,-884
2026-05-25 04:55:00,16572,-820,-940
2026-05-25 04:55:02,16000,-736,-664
2026-05-25 04:55:04,16728,-840,-888
2026-05-25 04:55:06,16740,-692,-1168
2026-05-25 04:55:08,16644,-716,-1256
2026-05-25 04:55:10,16672,-664,-1236
2026-05-25 04:55:12,16644,-632,-1108
2026-05-25 04:55:14,16724,-704,-1264
2026-05-25 04:55:16,16648,-692,-1220
2026-05-25 04:55:18,16704,-764,-1136
2026-05-25 04:55:20,16664,-680,-1220
2026-05-25 04:55:22,16708,-788,-1112
2026-05-25 04:55:24,16684,-692,-1164
2026-05-25 04:55:26,16648,-716,-1176
2026-05-25 04:55:28,16700,-756,-1220
2026-05-25 04:55:30,16712,-736,-1228
2026-05-25 04:55:32,16716,-704,-1100
2026-05-25 04:55:34,16716,-652,-1164
2026-05-25 04:55:36,16716,-708,-1208
2026-05-25 04:55:38,16708,-620,-1156
2026-05-25 04:55:40,16692,-700,-1316
2026-05-25 04:55:42,16680,-704,-1180
2026-05-25 04:55:44,16672,-624,-1232
2026-05-25 04:55:46,16680,-640,-1164
2026-05-25 04:55:48,16700,-684,-1172
2026-05-25 04:55:50,16652,-708,-1224
2026-05-25 04:55:52,16724,-668,-1164
2026-05-25 04:55:54,16744,-692,-1092
2026-05-25 04:55:56,16660,-720,-1248
2026-05-25 04:55:58,16692,-632,-1192
2026-05-25 04:56:00,16668,-668,-1320
2026-05-25 04:56:02,16696,-732,-1172
2026-05-25 04:56:04,16752,-632,-1176
2026-05-25 04:56:06,16692,-704,-1164
2026-05-25 04:56:08,16684,-668,-1168
2026-05-25 04:56:10,16696,-704,-1180
2026-05-25 04:56:12,16724,-688,-1196
2026-05-25 04:56:14,16640,-688,-1188
2026-05-25 04:56:16,16672,-676,-1144
2026-05-25 04:56:18,16668,-676,-1104
2026-05-25 04:56:20,16724,-680,-1264
2026-05-25 04:56:22,16660,-712,-1168
2026-05-25 04:56:24,16672,-736,-1132
2026-05-25 04:56:26,16744,-656,-1244
2026-05-25 04:56:28,16660,-748,-1292
2026-05-25 04:56:30,16744,-676,-1216
2026-05-25 04:56:32,16640,-688,-1188
2026-05-25 04:56:34,16700,-808,-1164
2026-05-25 04:56:36,16704,-664,-1264
2026-05-25 04:56:38,16656,-708,-1184
2026-05-25 04:56:40,16656,-676,-1204
2026-05-25 04:56:42,16692,-664,-1148
2026-05-25 04:56:44,16704,-708,-1120
2026-05-25 04:56:46,16672,-680,-1220
2026-05-25 04:56:48,16660,-692,-1148
2026-05-25 04:56:50,16740,-644,-1176
2026-05-25 04:56:52,16696,-696,-1216
2026-05-25 04:56:54,16716,-592,-1108
2026-05-25 04:56:56,16724,-652,-1172
2026-05-25 04:56:58,16660,-748,-1148
2026-05-25 04:57:00,16688,-680,-1112
2026-05-25 04:57:02,16668,-656,-1144
2026-05-25 04:57:04,16632,-680,-1196
2026-05-25 04:57:06,16708,-712,-1180
2026-05-25 04:57:08,16760,-700,-1260
2026-05-25 04:57:10,16696,-668,-1168
2026-05-25 04:57:12,16716,-672,-1188
2026-05-25 04:57:14,16708,-744,-1212
2026-05-25 04:57:16,16656,-660,-1112
2026-05-25 04:57:18,16648,-676,-1248
2026-05-25 04:57:20,16688,-644,-1148
2026-05-25 04:57:22,16712,-684,-1152
2026-05-25 04:57:24,16720,-696,-1144
2026-05-25 04:57:26,16712,-720,-1168
2026-05-25 04:57:28,16636,-644,-1184
2026-05-25 04:57:30,16708,-660,-1164
2026-05-25 04:57:32,16696,-732,-1144
2026-05-25 04:57:34,16672,-712,-1224
2026-05-25 04:57:36,16736,-640,-1160
2026-05-25 04:57:38,16660,-692,-1212
2026-05-25 04:57:40,16696,-656,-1132
2026-05-25 04:57:42,16752,-664,-1168
2026-05-25 04:57:44,16692,-664,-1212
2026-05-25 04:57:46,16656,-752,-1184
2026-05-25 04:57:48,16740,-652,-1296
2026-05-25 04:57:50,16672,-696,-1172
2026-05-25 04:57:52,16656,-684,-1248
2026-05-25 04:57:54,16696,-660,-1100
2026-05-25 04:57:56,16684,-700,-1152
2026-05-25 04:57:58,16684,-672,-1164
2026-05-25 04:58:00,16668,-688,-1224
2026-05-25 04:58:02,16660,-640,-1204
2026-05-25 04:58:04,16656,-692,-1184
2026-05-25 04:58:06,16644,-588,-1116
2026-05-25 04:58:08,16692,-716,-1192
2026-05-25 04:58:10,16720,-640,-1172
2026-05-25 04:58:12,16688,-668,-1248
2026-05-25 04:58:14,16708,-636,-1248
2026-05-25 04:58:16,16700,-672,-1068
2026-05-25 04:58:18,16696,-656,-1212
2026-05-25 04:58:20,16700,-708,-1264
2026-05-25 04:58:22,16660,-704,-1184
2026-05-25 04:58:24,16700,-692,-1196
2026-05-25 04:58:26,16660,-724,-1156
2026-05-25 04:58:28,16680,-688,-1208
2026-05-25 04:58:30,16692,-696,-1216
2026-05-25 04:58:32,16756,-716,-1216
2026-05-25 04:58:34,16668,-720,-1204
2026-05-25 04:58:36,16676,-724,-1116
2026-05-25 04:58:38,16720,-672,-1184
2026-05-25 04:58:40,16652,-664,-1264
2026-05-25 04:58:42,16660,-696,-1128
2026-05-25 04:58:44,16692,-628,-1228
2026-05-25 04:58:46,16744,-668,-1244
2026-05-25 04:58:48,16748,-684,-1124
2026-05-25 04:58:50,16716,-696,-1140
2026-05-25 04:58:52,16724,-672,-1224
2026-05-25 04:58:54,16716,-648,-1204
2026-05-25 04:58:56,16708,-712,-1092
2026-05-25 04:58:58,16692,-728,-1196
2026-05-25 04:59:00,16724,-684,-1116
2026-05-25 04:59:02,16748,-668,-1148
2026-05-25 04:59:04,16724,-708,-1116
2026-05-25 04:59:06,16652,-676,-1176
2026-05-25 04:59:08,16676,-628,-1284
2026-05-25 04:59:10,16756,-616,-1124
2026-05-25 04:59:12,16652,-672,-1168
2026-05-25 04:59:14,16712,-672,-1184
2026-05-25 04:59:16,16708,-696,-1228
2026-05-25 04:59:18,16708,-652,-1232
2026-05-25 04:59:20,16620,-704,-1228
2026-05-25 04:59:22,16700,-652,-1248
2026-05-25 04:59:24,16672,-712,-1104
2026-05-25 04:59:26,16740,-656,-1204
2026-05-25 04:59:28,16756,-656,-1188
2026-05-25 04:59:30,16704,-640,-1236
2026-05-25 04:59:32,16732,-640,-1100
2026-05-25 04:59:34,16740,-696,-1192
2026-05-25 04:59:36,16672,-692,-1208
2026-05-25 04:59:38,16696,-696,-1260
2026-05-25 04:59:40,16696,-668,-1236
2026-05-25 04:59:42,16712,-640,-1156
2026-05-25 04:59:44,16708,-716,-1128
2026-05-25 04:59:46,16704,-676,-1184
2026-05-25 04:59:48,16724,-716,-1152
2026-05-25 04:59:50,16776,-668,-1132
2026-05-25 04:59:52,16744,-656,-1228
2026-05-25 04:59:54,16660,-684,-1176
2026-05-25 04:59:56,16736,-716,-1260
2026-05-25 04:59:58,16652,-684,-1228
2026-05-25 05:00:00,16716,-688,-1156
2026-05-25 05:00:02,16680,-696,-1252
2026-05-25 05:00:04,16632,-656,-1060
2026-05-25 05:00:06,16728,-736,-1204
2026-05-25 05:00:08,16664,-708,-1192
2026-05-25 05:00:10,16672,-660,-1168
2026-05-25 05:00:12,16652,-736,-1216
2026-05-25 05:00:14,16688,-708,-1180
2026-05-25 05:00:16,16700,-708,-1224
2026-05-25 05:00:18,16680,-640,-1164
2026-05-25 05:00:20,16724,-652,-1192
2026-05-25 05:00:22,16708,-720,-1192
2026-05-25 05:00:24,16736,-636,-1232
2026-05-25 05:00:26,16708,-648,-1100
2026-05-25 05:00:28,16736,-644,-1184
2026-05-25 05:00:30,16688,-708,-1264
2026-05-25 05:00:32,16728,-616,-1048
2026-05-25 05:00:34,16744,-696,-1208
2026-05-25 05:00:36,16692,-636,-1220
2026-05-25 05:00:38,16748,-704,-1148
2026-05-25 05:00:40,16644,-680,-1232
2026-05-25 05:00:42,16720,-640,-1136
2026-05-25 05:00:44,16644,-724,-1136
2026-05-25 05:00:46,16724,-680,-1188
2026-05-25 05:00:48,16680,-752,-1228
2026-05-25 05:00:50,16616,-632,-1132
2026-05-25 05:00:52,16712,-720,-1132
2026-05-25 05:00:54,16764,-644,-1124
2026-05-25 05:00:56,16748,-656,-1168
2026-05-25 05:00:58,16628,-692,-1248
2026-05-25 05:01:00,16692,-720,-1112
2026-05-25 05:01:02,16668,-684,-1124
2026-05-25 05:01:04,17092,-1032,-1396
2026-05-25 05:01:06,16664,-776,-1040
2026-05-25 05:01:08,16680,-748,-1068
2026-05-25 05:01:10,16640,-724,-1040
2026-05-25 05:01:12,16620,-784,-1024
2026-05-25 05:01:14,16636,-760,-1084
2026-05-25 05:01:16,16672,-716,-1080
2026-05-25 05:01:18,16672,-708,-1164
2026-05-25 05:01:20,16692,-768,-1220
2026-05-25 05:01:22,16720,-736,-1064
2026-05-25 05:01:24,16728,-732,-1076
2026-05-25 05:01:26,16720,-816,-1052
2026-05-25 05:01:28,16696,-752,-1160
2026-05-25 05:01:30,16708,-712,-1128
2026-05-25 05:01:32,16708,-792,-1120
2026-05-25 05:01:34,16708,-784,-1076
2026-05-25 05:01:36,16624,-768,-1164
2026-05-25 05:01:38,16676,-736,-1100
2026-05-25 05:01:40,16700,-724,-1120
2026-05-25 05:01:42,16752,-748,-1152
2026-05-25 05:01:44,16656,-720,-1016
2026-05-25 05:01:46,16756,-748,-1132
2026-05-25 05:01:48,16700,-712,-1148
2026-05-25 05:01:50,16724,-724,-1180
2026-05-25 05:01:52,16652,-780,-1036
2026-05-25 05:01:54,16744,-724,-1192
2026-05-25 05:01:56,16684,-700,-1092
2026-05-25 05:01:58,16708,-736,-1192
2026-05-25 05:02:00,16692,-744,-1096
2026-05-25 05:02:02,16736,-768,-1032
2026-05-25 05:02:04,16716,-776,-1044
2026-05-25 05:02:06,16756,-764,-1164
2026-05-25 05:02:08,16712,-760,-1084
2026-05-25 05:02:10,16708,-708,-1108
2026-05-25 05:02:12,16688,-736,-1188
2026-05-25 05:02:14,16708,-788,-1076
2026-05-25 05:02:16,16640,-696,-1128
2026-05-25 05:02:18,16688,-784,-1052
2026-05-25 05:02:20,16748,-748,-1116
2026-05-25 05:02:22,16676,-828,-1044
2026-05-25 05:02:24,16664,-752,-1104
2026-05-25 05:02:26,16704,-752,-1196
2026-05-25 05:02:28,16744,-768,-1148
2026-05-25 05:02:30,16724,-744,-1084
2026-05-25 05:02:32,16704,-748,-1048
2026-05-25 05:02:34,16700,-760,-1144
2026-05-25 05:02:36,16684,-728,-1180
2026-05-25 05:02:38,16724,-692,-1204
2026-05-25 05:02:40,16716,-728,-1136
2026-05-25 05:02:42,16700,-780,-1188
2026-05-25 05:02:44,16632,-756,-1124
2026-05-25 05:02:46,16668,-736,-1124
2026-05-25 05:02:48,16640,-748,-1152
2026-05-25 05:02:50,16660,-728,-1124
2026-05-25 05:02:52,16740,-740,-1048
2026-05-25 05:02:54,16708,-724,-1104
2026-05-25 05:02:56,16724,-660,-1140
2026-05-25 05:02:58,16676,-672,-1044
2026-05-25 05:03:00,16664,-724,-1168
2026-05-25 05:03:02,16692,-804,-1068
2026-05-25 05:03:04,16664,-752,-1112
2026-05-25 05:03:06,16724,-664,-1080
2026-05-25 05:03:08,16688,-768,-1112
2026-05-25 05:03:10,16704,-764,-1096
2026-05-25 05:03:12,16656,-680,-1164
2026-05-25 05:03:14,16744,-748,-1136
2026-05-25 05:03:16,16668,-700,-1104
2026-05-25 05:03:18,16676,-728,-1212
2026-05-25 05:03:20,16752,-724,-1104
2026-05-25 05:03:22,16656,-712,-1204
2026-05-25 05:03:24,16716,-740,-1144
2026-05-25 05:03:26,16740,-752,-1164
2026-05-25 05:03:28,16688,-744,-1192
2026-05-25 05:03:30,16652,-768,-1220
2026-05-25 05:03:32,16664,-804,-1092
2026-05-25 05:03:34,16652,-732,-1172
2026-05-25 05:03:36,16752,-708,-1172
2026-05-25 05:03:38,16724,-740,-1216
2026-05-25 05:03:40,16692,-736,-1112
2026-05-25 05:03:42,16736,-684,-1144
2026-05-25 05:03:44,16700,-700,-1088
2026-05-25 05:03:46,16688,-740,-1176
2026-05-25 05:03:48,16656,-680,-1108
2026-05-25 05:03:50,16720,-716,-1184
2026-05-25 05:03:52,16696,-716,-1076
2026-05-25 05:03:54,16684,-712,-1160
2026-05-25 05:03:56,16724,-648,-1172
2026-05-25 05:03:58,16712,-720,-1188
2026-05-25 05:04:00,16700,-724,-1140
2026-05-25 05:04:02,16736,-696,-1204
2026-05-25 05:04:04,16664,-740,-1160
2026-05-25 05:04:06,16716,-696,-1128
2026-05-25 05:04:08,16676,-652,-1056
2026-05-25 05:04:10,16720,-712,-1096
2026-05-25 05:04:12,16684,-744,-1144
2026-05-25 05:04:14,16728,-696,-1136
2026-05-25 05:04:16,16736,-776,-1140
2026-05-25 05:04:18,16652,-696,-1124
2026-05-25 05:04:20,16752,-688,-1092
2026-05-25 05:04:22,16748,-676,-1188
2026-05-25 05:04:24,16728,-640,-1148
2026-05-25 05:04:26,16664,-708,-1208
2026-05-25 05:04:28,16816,-748,-1192
2026-05-25 05:04:30,16736,-736,-1084
2026-05-25 05:04:32,16780,-696,-1088
2026-05-25 05:04:34,16728,-700,-1124
2026-05-25 05:04:36,16712,-732,-1096
2026-05-25 05:04:38,16720,-732,-1144
2026-05-25 05:04:40,16744,-700,-1160
2026-05-25 05:04:42,16696,-736,-1080
2026-05-25 05:04:44,16740,-744,-1104
2026-05-25 05:04:46,16728,-748,-1128
2026-05-25 05:04:48,16724,-696,-1144
2026-05-25 05:04:50,16728,-688,-1176
2026-05-25 05:04:52,16684,-672,-1124
2026-05-25 05:04:54,16712,-664,-1140
2026-05-25 05:04:56,16752,-720,-1096
2026-05-25 05:04:58,16720,-744,-1136
2026-05-25 05:05:00,16680,-664,-1192
2026-05-25 05:05:02,16720,-704,-1136
2026-05-25 05:05:04,16656,-720,-1100
2026-05-25 05:05:06,16728,-764,-1032
2026-05-25 05:05:08,16672,-656,-1120
2026-05-25 05:05:10,16700,-684,-1096
2026-05-25 05:05:12,16672,-712,-1160
2026-05-25 05:05:14,16684,-688,-1128
2026-05-25 05:05:16,16704,-688,-1100
2026-05-25 05:05:18,16708,-700,-1140
2026-05-25 05:05:20,16724,-660,-1072
2026-05-25 05:05:22,16756,-608,-1192
2026-05-25 05:05:24,16732,-680,-1232
2026-05-25 05:05:26,16684,-744,-1148
2026-05-25 05:05:28,16692,-696,-1204
2026-05-25 05:05:30,16728,-720,-1132
2026-05-25 05:05:32,16728,-768,-1120
2026-05-25 05:05:34,16684,-716,-1060
2026-05-25 05:05:36,16696,-728,-1156
2026-05-25 05:05:38,16748,-684,-1192
2026-05-25 05:05:40,16676,-720,-1092
2026-05-25 05:05:42,16672,-708,-1144
2026-05-25 05:05:44,16688,-676,-1124
2026-05-25 05:05:46,16636,-780,-1128
2026-05-25 05:05:48,16696,-616,-1092
2026-05-25 05:05:50,16716,-716,-1180
2026-05-25 05:05:52,16736,-712,-1124
2026-05-25 05:05:54,16664,-692,-1164
2026-05-25 05:05:56,16700,-692,-1164
2026-05-25 05:05:58,16716,-688,-1080
2026-05-25 05:06:00,16720,-716,-1128
2026-05-25 05:06:02,16716,-716,-1108
2026-05-25 05:06:04,16716,-728,-1076
2026-05-25 05:06:06,16724,-716,-1112
2026-05-25 05:06:08,16692,-712,-1132
2026-05-25 05:06:10,16724,-712,-1128
2026-05-25 05:06:12,16676,-696,-1084
2026-05-25 05:06:14,16696,-736,-1092
2026-05-25 05:06:16,16680,-744,-1140
2026-05-25 05:06:18,16680,-704,-1144
2026-05-25 05:06:20,16652,-740,-1104
2026-05-25 05:06:22,16672,-732,-1032
2026-05-25 05:06:24,16700,-700,-1112
2026-05-25 05:06:26,16672,-688,-1188
2026-05-25 05:06:28,16692,-664,-1120
2026-05-25 05:06:30,16632,-716,-1084
2026-05-25 05:06:32,16736,-724,-1112
2026-05-25 05:06:34,16684,-672,-1160
2026-05-25 05:06:36,16744,-652,-1112
2026-05-25 05:06:38,16688,-680,-1132
2026-05-25 05:06:40,16692,-732,-1048
2026-05-25 05:06:42,16748,-728,-1208
2026-05-25 05:06:44,16768,-712,-1132
2026-05-25 05:06:46,16712,-728,-1208
2026-05-25 05:06:48,16756,-724,-1140
2026-05-25 05:06:50,16684,-700,-1100
2026-05-25 05:06:52,16648,-680,-1128
2026-05-25 05:06:54,16700,-696,-1152
2026-05-25 05:06:56,16616,-700,-1176
2026-05-25 05:06:58,16660,-732,-1120
2026-05-25 05:07:00,16668,-744,-1016
2026-05-25 05:07:02,16712,-712,-1172
2026-05-25 05:07:04,16700,-696,-1116
2026-05-25 05:07:06,16692,-744,-1124
2026-05-25 05:07:08,16688,-732,-1224
2026-05-25 05:07:10,16704,-676,-1172
2026-05-25 05:07:12,16684,-712,-1184
2026-05-25 05:07:14,16672,-664,-1132
2026-05-25 05:07:16,16708,-644,-1120
2026-05-25 05:07:18,16680,-752,-1124
2026-05-25 05:07:20,16688,-688,-1256
2026-05-25 05:07:22,16752,-708,-1104
2026-05-25 05:07:24,16720,-704,-1044
2026-05-25 05:07:26,16724,-744,-1112
2026-05-25 05:07:28,16736,-728,-1116
2026-05-25 05:07:30,16716,-704,-1080
2026-05-25 05:07:32,16748,-772,-1168
2026-05-25 05:07:34,16684,-700,-1168
2026-05-25 05:07:36,16684,-768,-1116
2026-05-25 05:07:38,16756,-724,-1092
2026-05-25 05:07:40,16680,-704,-1228
2026-05-25 05:07:42,16676,-704,-1132
2026-05-25 05:07:44,16688,-712,-1192
2026-05-25 05:07:46,16644,-696,-1124
2026-05-25 05:07:48,16712,-696,-1144
2026-05-25 05:07:50,16700,-740,-1120
2026-05-25 05:07:52,16664,-688,-1112
2026-05-25 05:07:54,16664,-736,-1220
2026-05-25 05:07:56,16760,-732,-1180
2026-05-25 05:07:58,16716,-680,-1148
2026-05-25 05:08:00,16744,-704,-1148
2026-05-25 05:08:02,16728,-772,-1104
2026-05-25 05:08:04,16708,-632,-1156
2026-05-25 05:08:06,16668,-740,-1196
2026-05-25 05:08:08,16752,-708,-1096
2026-05-25 05:08:10,16708,-676,-1052
2026-05-25 05:08:12,16720,-756,-1244
2026-05-25 05:08:14,16740,-688,-1116
2026-05-25 05:08:16,16688,-732,-1084
2026-05-25 05:08:18,16748,-676,-1080
2026-05-25 05:08:20,16708,-724,-1200
2026-05-25 05:08:22,16712,-732,-1116
2026-05-25 05:08:24,16688,-680,-1168
2026-05-25 05:08:26,16772,-752,-1096
2026-05-25 05:08:28,16700,-708,-1192
2026-05-25 05:08:30,16688,-700,-1072
2026-05-25 05:08:32,16680,-684,-1112
2026-05-25 05:08:34,16704,-700,-1136
2026-05-25 05:08:36,16700,-712,-1140
2026-05-25 05:08:38,16708,-692,-1136
2026-05-25 05:08:40,16732,-652,-1148
2026-05-25 05:08:42,16688,-704,-1120
2026-05-25 05:08:44,16692,-716,-1148
2026-05-25 05:08:46,16728,-720,-1136
2026-05-25 05:08:48,16700,-680,-1188
2026-05-25 05:08:50,16672,-740,-1152
2026-05-25 05:08:52,16676,-712,-1208
2026-05-25 05:08:54,16676,-668,-1132
2026-05-25 05:08:56,16708,-752,-1064
2026-05-25 05:08:58,16636,-700,-1144
2026-05-25 05:09:00,16692,-664,-1100
2026-05-25 05:09:02,16676,-656,-1156
2026-05-25 05:09:04,16700,-676,-1208
2026-05-25 05:09:06,16672,-724,-1120
2026-05-25 05:09:08,16768,-672,-1060
2026-05-25 05:09:10,16708,-692,-1176
2026-05-25 05:09:12,16684,-664,-1184
2026-05-25 05:09:14,16688,-712,-1128
2026-05-25 05:09:16,16608,-700,-1156
2026-05-25 05:09:18,16680,-684,-1076
2026-05-25 05:09:20,16724,-696,-1144
2026-05-25 05:09:22,16712,-720,-1160
2026-05-25 05:09:24,16656,-688,-1200
2026-05-25 05:09:26,16700,-776,-1196
2026-05-25 05:09:28,16716,-752,-1160
2026-05-25 05:09:30,16752,-716,-1204
2026-05-25 05:09:32,16668,-608,-1156
2026-05-25 05:09:34,16692,-752,-1172
2026-05-25 05:09:36,16656,-716,-1120
2026-05-25 05:09:38,16648,-704,-1036
2026-05-25 05:09:40,16768,-720,-1096
2026-05-25 05:09:42,16676,-704,-1092
2026-05-25 05:09:44,16644,-696,-1148
2026-05-25 05:09:46,16684,-668,-1036
2026-05-25 05:09:48,16684,-708,-1076
2026-05-25 05:09:50,16724,-680,-1104
2026-05-25 05:09:52,16716,-756,-1144
2026-05-25 05:09:54,16656,-704,-1080
2026-05-25 05:09:56,16684,-688,-1132
2026-05-25 05:09:58,16628,-728,-1116
2026-05-25 05:10:00,16740,-700,-1056
2026-05-25 05:10:02,16684,-716,-1208
2026-05-25 05:10:04,16644,-728,-1120
2026-05-25 05:10:06,16692,-704,-1076
2026-05-25 05:10:08,16644,-664,-1080
2026-05-25 05:10:10,16712,-668,-1220
2026-05-25 05:10:12,16688,-784,-1080
2026-05-25 05:10:14,16732,-708,-1172
2026-05-25 05:10:16,16716,-728,-1056
2026-05-25 05:10:18,16708,-688,-1168
2026-05-25 05:10:20,16684,-716,-1132
2026-05-25 05:10:22,16732,-672,-1112
2026-05-25 05:10:24,16608,-692,-1220
2026-05-25 05:10:26,16672,-728,-1040
2026-05-25 05:10:28,16696,-712,-1168
2026-05-25 05:10:30,16664,-688,-1112
2026-05-25 05:10:32,16736,-736,-1128
2026-05-25 05:10:34,16684,-696,-1124
2026-05-25 05:10:36,16652,-712,-1096
2026-05-25 05:10:38,16688,-716,-1120
2026-05-25 05:10:40,16648,-704,-1128
2026-05-25 05:10:42,16696,-672,-1064
2026-05-25 05:10:44,16696,-756,-1044
2026-05-25 05:10:46,16700,-688,-1220
2026-05-25 05:10:48,16704,-672,-1108
2026-05-25 05:10:50,16724,-740,-1048
2026-05-25 05:10:52,16748,-696,-1232
2026-05-25 05:10:54,16700,-736,-1156
2026-05-25 05:10:56,16728,-676,-1156
2026-05-25 05:10:58,16704,-660,-1060
2026-05-25 05:11:00,16680,-736,-1164
2026-05-25 05:11:02,16684,-632,-1116
2026-05-25 05:11:04,16768,-684,-1072
2026-05-25 05:11:06,16632,-660,-1156
2026-05-25 05:11:08,16676,-756,-1144
2026-05-25 05:11:10,16780,-652,-1128
2026-05-25 05:11:12,16720,-732,-1092
2026-05-25 05:11:14,16704,-724,-1076
2026-05-25 05:11:16,16664,-720,-1140
2026-05-25 05:11:18,16688,-716,-1068
2026-05-25 05:11:20,16656,-760,-1148
2026-05-25 05:11:22,16700,-720,-1140
2026-05-25 05:11:24,16684,-664,-1052
2026-05-25 05:11:26,16704,-696,-1148
2026-05-25 05:11:28,16716,-680,-1012
2026-05-25 05:11:30,16652,-720,-1072
2026-05-25 05:11:32,16816,-732,-1096
2026-05-25 05:11:34,16732,-676,-1116
2026-05-25 05:11:36,16732,-668,-1124
2026-05-25 05:11:38,16744,-756,-1092
2026-05-25 05:11:40,16716,-720,-1080
2026-05-25 05:11:42,16640,-656,-1040
2026-05-25 05:11:44,16664,-720,-1096
2026-05-25 05:11:46,16684,-724,-1196
2026-05-25 05:11:48,16696,-752,-1108
2026-05-25 05:11:50,16688,-716,-1136
2026-05-25 05:11:52,16680,-696,-1136
2026-05-25 05:11:54,16676,-748,-1068
2026-05-25 05:11:56,16712,-704,-1200
2026-05-25 05:11:58,16704,-652,-1104
2026-05-25 05:12:00,16684,-628,-1140
2026-05-25 05:12:02,16684,-760,-1108
2026-05-25 05:12:04,16712,-656,-1116
2026-05-25 05:12:06,16672,-640,-1100
2026-05-25 05:12:08,16716,-664,-1168
2026-05-25 05:12:10,16704,-684,-1144
2026-05-25 05:12:12,16724,-664,-1164
2026-05-25 05:12:14,16744,-740,-1164
2026-05-25 05:12:16,16680,-704,-1080
2026-05-25 05:12:18,16680,-692,-1156
2026-05-25 05:12:20,16704,-696,-1184
2026-05-25 05:12:22,16704,-788,-1100
2026-05-25 05:12:24,16688,-672,-1064
2026-05-25 05:12:26,16692,-748,-1116
2026-05-25 05:12:28,16636,-668,-1092
2026-05-25 05:12:30,16660,-736,-1212
2026-05-25 05:12:32,16664,-720,-1120
2026-05-25 05:12:34,16764,-776,-1192
2026-05-25 05:12:36,16700,-696,-1064
2026-05-25 05:12:38,16708,-764,-1140
2026-05-25 05:12:40,16684,-664,-1044
2026-05-25 05:12:42,16736,-692,-1120
2026-05-25 05:12:44,16716,-692,-1124
2026-05-25 05:12:46,16732,-724,-1192
2026-05-25 05:12:48,16684,-644,-1092
2026-05-25 05:12:50,16636,-752,-1120
2026-05-25 05:12:52,16740,-712,-1096
2026-05-25 05:12:54,16684,-724,-1212
2026-05-25 05:12:56,16724,-708,-1132
2026-05-25 05:12:58,16736,-712,-1104
2026-05-25 05:13:00,16680,-740,-1016
2026-05-25 05:13:02,16676,-752,-1124
2026-05-25 05:13:04,16696,-728,-1052
2026-05-25 05:13:06,16708,-696,-1100
2026-05-25 05:13:08,16676,-696,-1084
2026-05-25 05:13:10,16696,-668,-1172
2026-05-25 05:13:12,16736,-732,-1140
2026-05-25 05:13:14,16712,-684,-1136
2026-05-25 05:13:16,16692,-708,-1068
2026-05-25 05:13:18,16736,-664,-1136
2026-05-25 05:13:20,16748,-604,-1068
2026-05-25 05:13:22,16708,-648,-1120
2026-05-25 05:13:24,16748,-688,-1044
2026-05-25 05:13:26,16700,-716,-1156
2026-05-25 05:13:28,16672,-740,-1128
2026-05-25 05:13:30,16660,-708,-1144
2026-05-25 05:13:32,16684,-748,-1052
2026-05-25 05:13:34,16712,-704,-1132
2026-05-25 05:13:36,16760,-740,-1220
2026-05-25 05:13:38,16684,-680,-1148
2026-05-25 05:13:40,16648,-700,-1120
2026-05-25 05:13:42,16656,-732,-1076
2026-05-25 05:13:44,16708,-692,-1152
2026-05-25 05:13:46,16656,-652,-1080
2026-05-25 05:13:48,16728,-792,-1108
2026-05-25 05:13:50,16760,-728,-1104
2026-05-25 05:13:52,16740,-680,-1116
2026-05-25 05:13:54,16688,-736,-1100
2026-05-25 05:13:56,16680,-648,-1124
2026-05-25 05:13:58,16660,-688,-1112
2026-05-25 05:14:00,16716,-684,-1148
2026-05-25 05:14:02,16604,-600,-1044
2026-05-25 05:14:04,16732,-640,-1216
2026-05-25 05:14:06,16752,-708,-1200
2026-05-25 05:14:08,16740,-704,-1184
2026-05-25 05:14:10,16780,-724,-1392
2026-05-25 05:14:12,16672,-700,-1368
2026-05-25 05:14:14,16712,-688,-1264
2026-05-25 05:14:16,16732,-712,-1260
2026-05-25 05:14:18,16744,-636,-1236
2026-05-25 05:14:20,16660,-740,-1248
2026-05-25 05:14:22,16656,-732,-1264
2026-05-25 05:14:24,16684,-648,-1292
2026-05-25 05:14:26,16688,-724,-1344
2026-05-25 05:14:28,16692,-712,-1232
2026-05-25 05:14:30,16736,-736,-1280
2026-05-25 05:14:32,16716,-648,-1204
2026-05-25 05:14:34,16724,-656,-1124
2026-05-25 05:14:36,16764,-744,-1272
2026-05-25 05:14:38,16620,-756,-1272
2026-05-25 05:14:40,16656,-720,-1264
2026-05-25 05:14:42,16668,-780,-1184
2026-05-25 05:14:44,16676,-716,-1192
2026-05-25 05:14:46,16748,-764,-1212
2026-05-25 05:14:48,16684,-728,-1232
2026-05-25 05:14:50,16692,-720,-1224
2026-05-25 05:14:52,16724,-696,-1264
2026-05-25 05:14:54,16728,-740,-1172
2026-05-25 05:14:56,16716,-716,-1216
2026-05-25 05:14:58,16696,-684,-1224
2026-05-25 05:15:00,16668,-724,-1184
2026-05-25 05:15:02,16672,-744,-1280
2026-05-25 05:15:04,16704,-716,-1180
2026-05-25 05:15:06,16640,-700,-1156
2026-05-25 05:15:08,16732,-772,-1196
2026-05-25 05:15:10,16752,-696,-1252
2026-05-25 05:15:12,16680,-740,-1232
2026-05-25 05:15:14,16692,-720,-1128
2026-05-25 05:15:16,16684,-732,-1228
2026-05-25 05:15:18,16712,-812,-1208
2026-05-25 05:15:20,16708,-676,-1264
2026-05-25 05:15:22,16816,-752,-1260
2026-05-25 05:15:24,16740,-708,-1128
2026-05-25 05:15:26,16736,-748,-1224
2026-05-25 05:15:28,16656,-652,-1204
2026-05-25 05:15:30,16688,-700,-1144
2026-05-25 05:15:32,16736,-700,-1252
2026-05-25 05:15:34,16680,-684,-1072
2026-05-25 05:15:36,16696,-744,-1192
2026-05-25 05:15:38,16700,-724,-1156
2026-05-25 05:15:40,16712,-712,-1260
2026-05-25 05:15:42,16688,-644,-1196
2026-05-25 05:15:44,16692,-676,-1164
2026-05-25 05:15:46,16672,-676,-1148
2026-05-25 05:15:48,16716,-692,-1176
2026-05-25 05:15:50,16676,-708,-1260
2026-05-25 05:15:52,16708,-660,-1156
2026-05-25 05:15:54,16700,-668,-1252
2026-05-25 05:15:56,16696,-756,-1264
2026-05-25 05:15:58,16724,-688,-1168
2026-05-25 05:16:00,16784,-760,-1240
2026-05-25 05:16:02,16680,-704,-1160
2026-05-25 05:16:04,16756,-672,-1232
2026-05-25 05:16:06,16736,-712,-1116
2026-05-25 05:16:08,16724,-748,-1256
2026-05-25 05:16:10,16668,-732,-1184
2026-05-25 05:16:12,16728,-688,-1200
2026-05-25 05:16:14,16724,-704,-1228
2026-05-25 05:16:16,16740,-696,-1224
2026-05-25 05:16:18,16696,-736,-1332
2026-05-25 05:16:20,16664,-716,-1128
2026-05-25 05:16:22,16696,-688,-1264
2026-05-25 05:16:24,16696,-732,-1176
2026-05-25 05:16:26,16712,-728,-1252
2026-05-25 05:16:28,16664,-692,-1196
2026-05-25 05:16:30,16688,-736,-1268
2026-05-25 05:16:32,16724,-712,-1216
2026-05-25 05:16:34,16692,-712,-1244
2026-05-25 05:16:36,16668,-688,-1124
2026-05-25 05:16:38,16752,-696,-1188
2026-05-25 05:16:40,16680,-664,-1228
2026-05-25 05:16:42,16664,-744,-1156
2026-05-25 05:16:44,16692,-676,-1228
2026-05-25 05:16:46,16680,-736,-1288
2026-05-25 05:16:48,16680,-676,-1220
2026-05-25 05:16:50,16740,-672,-1268
2026-05-25 05:16:52,16716,-708,-1264
2026-05-25 05:16:54,16712,-652,-1168
2026-05-25 05:16:56,16652,-700,-1160
2026-05-25 05:16:58,16768,-680,-1232
2026-05-25 05:17:00,16732,-712,-1220
2026-05-25 05:17:02,16780,-736,-1228
2026-05-25 05:17:04,16688,-708,-1236
2026-05-25 05:17:06,16696,-712,-1168
2026-05-25 05:17:08,16680,-732,-1116
2026-05-25 05:17:10,16708,-668,-1164
2026-05-25 05:17:12,16724,-696,-1148
2026-05-25 05:17:14,16700,-636,-1280
2026-05-25 05:17:16,16716,-736,-1172
2026-05-25 05:17:18,16652,-680,-1148
2026-05-25 05:17:20,16692,-700,-1256
2026-05-25 05:17:22,16676,-664,-1296
2026-05-25 05:17:24,16652,-660,-1120
2026-05-25 05:17:26,16680,-684,-1256
2026-05-25 05:17:28,16696,-724,-1272
2026-05-25 05:17:30,16740,-684,-1248
2026-05-25 05:17:32,16716,-696,-1204
2026-05-25 05:17:34,16700,-712,-1200
2026-05-25 05:17:36,16716,-688,-1184
2026-05-25 05:17:38,16632,-772,-1152
2026-05-25 05:17:40,16776,-696,-1192
2026-05-25 05:17:42,16692,-732,-1196
2026-05-25 05:17:44,16716,-716,-1292
2026-05-25 05:17:46,16688,-684,-1256
2026-05-25 05:17:48,16664,-680,-1172
2026-05-25 05:17:50,16692,-716,-1188
2026-05-25 05:17:52,16680,-716,-1276
2026-05-25 05:17:54,16740,-692,-1196
2026-05-25 05:17:56,16684,-692,-1296
2026-05-25 05:17:58,16692,-748,-1188
2026-05-25 05:18:00,16720,-704,-1160
2026-05-25 05:18:02,16616,-700,-1160
2026-05-25 05:18:04,16696,-644,-1168
2026-05-25 05:18:06,16744,-680,-1196
2026-05-25 05:18:08,16664,-652,-1236
2026-05-25 05:18:10,16744,-696,-1196
2026-05-25 05:18:12,16668,-708,-1192
2026-05-25 05:18:14,16748,-748,-1172
2026-05-25 05:18:16,16700,-764,-1264
2026-05-25 05:18:18,16724,-692,-1244
2026-05-25 05:18:20,16668,-696,-1248
2026-05-25 05:18:22,16696,-696,-1224
2026-05-25 05:18:24,16700,-732,-1196
2026-05-25 05:18:26,16680,-740,-1256
2026-05-25 05:18:28,16684,-704,-1232
2026-05-25 05:18:30,16668,-684,-1184
2026-05-25 05:18:32,16688,-732,-1300
2026-05-25 05:18:34,16708,-644,-1232
2026-05-25 05:18:36,16708,-736,-1244
2026-05-25 05:18:38,16728,-672,-1196
2026-05-25 05:18:40,16700,-708,-1140
2026-05-25 05:18:42,16736,-716,-1244
2026-05-25 05:18:44,16684,-684,-1192
2026-05-25 05:18:46,16704,-692,-1208
2026-05-25 05:18:48,16672,-704,-1220
2026-05-25 05:18:50,16652,-712,-1264
2026-05-25 05:18:52,16716,-696,-1240
2026-05-25 05:18:54,16732,-752,-1244
2026-05-25 05:18:56,16704,-688,-1216
2026-05-25 05:18:58,16664,-696,-1172
2026-05-25 05:19:00,16696,-716,-1152
2026-05-25 05:19:02,16668,-712,-1292
2026-05-25 05:19:04,16660,-696,-1240
2026-05-25 05:19:06,16668,-708,-1148
2026-05-25 05:19:08,16688,-712,-1144
2026-05-25 05:19:10,16760,-716,-1204
2026-05-25 05:19:12,16784,-688,-1220
2026-05-25 05:19:14,16700,-760,-1208
2026-05-25 05:19:16,16708,-728,-1208
2026-05-25 05:19:18,16720,-716,-1272
2026-05-25 05:19:20,16688,-720,-1180
2026-05-25 05:19:22,16668,-712,-1208
2026-05-25 05:19:24,16676,-724,-1212
2026-05-25 05:19:26,16720,-712,-1268
2026-05-25 05:19:28,16748,-720,-1212
2026-05-25 05:19:30,16712,-740,-1096
2026-05-25 05:19:32,16684,-744,-1164
2026-05-25 05:19:34,16664,-740,-1168
2026-05-25 05:19:36,16752,-748,-1132
2026-05-25 05:19:38,16680,-652,-1064
2026-05-25 05:19:40,16696,-724,-1232
2026-05-25 05:19:42,16720,-732,-1260
2026-05-25 05:19:44,16740,-692,-1224
2026-05-25 05:19:46,16680,-732,-1196
2026-05-25 05:19:48,16732,-684,-1208
2026-05-25 05:19:50,16696,-704,-1224
2026-05-25 05:19:52,16684,-720,-1156
2026-05-25 05:19:54,16644,-700,-1180
2026-05-25 05:19:56,16624,-684,-1236
2026-05-25 05:19:58,16740,-680,-1244
2026-05-25 05:20:00,16776,-708,-1200
2026-05-25 05:20:02,16696,-636,-1140
2026-05-25 05:20:04,16684,-632,-1172
2026-05-25 05:20:06,16684,-664,-1248
2026-05-25 05:20:08,16644,-728,-1248
2026-05-25 05:20:10,16692,-700,-1212
2026-05-25 05:20:12,16660,-748,-1240
2026-05-25 05:20:14,16664,-644,-1284
2026-05-25 05:20:16,16684,-640,-1144
2026-05-25 05:20:18,16744,-692,-1172
2026-05-25 05:20:20,16696,-716,-1236
2026-05-25 05:20:22,16712,-724,-1156
2026-05-25 05:20:24,16676,-716,-1108
2026-05-25 05:20:26,16744,-640,-1160
2026-05-25 05:20:28,16676,-676,-1208
2026-05-25 05:20:30,16728,-752,-1184
2026-05-25 05:20:32,16708,-712,-1080
2026-05-25 05:20:34,16664,-716,-1268
2026-05-25 05:20:36,16676,-688,-1288
2026-05-25 05:20:38,16704,-692,-1204
2026-05-25 05:20:40,16740,-688,-1132
2026-05-25 05:20:42,16688,-700,-1192
2026-05-25 05:20:44,16664,-704,-1236
2026-05-25 05:20:46,16636,-692,-1216
2026-05-25 05:20:48,16716,-716,-1192
2026-05-25 05:20:50,16692,-736,-1228
2026-05-25 05:20:52,16640,-676,-1164
2026-05-25 05:20:54,16688,-732,-1212
2026-05-25 05:20:56,16780,-692,-1224
2026-05-25 05:20:58,16684,-684,-1300
2026-05-25 05:21:00,16684,-736,-1192
2026-05-25 05:21:02,16660,-744,-1188
2026-05-25 05:21:04,16680,-740,-1116
2026-05-25 05:21:06,16724,-640,-1216
2026-05-25 05:21:08,16696,-688,-1196
2026-05-25 05:21:10,16704,-740,-1172
2026-05-25 05:21:12,16724,-660,-1124
2026-05-25 05:21:14,16744,-740,-1156
2026-05-25 05:21:16,16664,-684,-1252
2026-05-25 05:21:18,16708,-708,-1192
2026-05-25 05:21:20,16676,-720,-1132
2026-05-25 05:21:22,16732,-744,-1128
2026-05-25 05:21:24,16692,-692,-1152
2026-05-25 05:21:26,16744,-704,-1256
2026-05-25 05:21:28,16736,-688,-1132
2026-05-25 05:21:30,16704,-704,-1200
2026-05-25 05:21:32,16692,-700,-1248
2026-05-25 05:21:34,16712,-648,-1248
2026-05-25 05:21:36,16636,-672,-1236
2026-05-25 05:21:38,16712,-704,-1220
2026-05-25 05:21:40,16680,-680,-1264
2026-05-25 05:21:42,16676,-708,-1212
2026-05-25 05:21:44,16704,-732,-1168
2026-05-25 05:21:46,16704,-760,-1196
2026-05-25 05:21:48,16696,-716,-1288
2026-05-25 05:21:50,16652,-692,-1156
2026-05-25 05:21:52,16668,-688,-1196
2026-05-25 05:21:54,16716,-724,-1220
2026-05-25 05:21:56,16664,-704,-1372
2026-05-25 05:21:58,16752,-688,-1184
2026-05-25 05:22:00,16716,-744,-1208
2026-05-25 05:22:02,16628,-688,-1168
2026-05-25 05:22:04,16660,-712,-1240
2026-05-25 05:22:06,16728,-688,-1156
2026-05-25 05:22:08,16724,-712,-1112
2026-05-25 05:22:10,16664,-704,-1224
2026-05-25 05:22:12,16668,-692,-1204
2026-05-25 05:22:14,16728,-744,-1168
2026-05-25 05:22:16,16732,-716,-1264
2026-05-25 05:22:18,16736,-736,-1184
2026-05-25 05:22:20,16712,-788,-1176
2026-05-25 05:22:22,16732,-756,-1080
2026-05-25 05:22:24,16728,-684,-1156
2026-05-25 05:22:26,16736,-728,-1148
2026-05-25 05:22:28,16664,-708,-1112
2026-05-25 05:22:30,16640,-740,-1204
2026-05-25 05:22:32,16704,-720,-1184
2026-05-25 05:22:34,16724,-696,-1248
2026-05-25 05:22:36,16624,-760,-1168
2026-05-25 05:22:38,16680,-704,-1136
2026-05-25 05:22:40,16692,-656,-1168
2026-05-25 05:22:42,16720,-708,-1240
2026-05-25 05:22:44,16716,-724,-1228
2026-05-25 05:22:46,16716,-736,-1192
2026-05-25 05:22:48,16668,-776,-1116
2026-05-25 05:22:50,16744,-764,-1152
2026-05-25 05:22:52,16700,-676,-1216
2026-05-25 05:22:54,16628,-696,-1284
2026-05-25 05:22:56,16624,-732,-1152
2026-05-25 05:22:58,16696,-724,-1236
2026-05-25 05:23:00,16716,-720,-1216
2026-05-25 05:23:02,16700,-760,-1312
2026-05-25 05:23:04,16732,-736,-1148
2026-05-25 05:23:06,16700,-728,-1192
2026-05-25 05:23:08,16640,-740,-1188
2026-05-25 05:23:10,16664,-724,-1172
2026-05-25 05:23:12,16692,-784,-1228
2026-05-25 05:23:14,16692,-744,-1208
2026-05-25 05:23:16,16660,-676,-1272
2026-05-25 05:23:18,16736,-732,-1220
2026-05-25 05:23:20,16668,-748,-1188
2026-05-25 05:23:22,16692,-688,-1188
2026-05-25 05:23:24,16724,-704,-1180
2026-05-25 05:23:26,16704,-752,-1176
2026-05-25 05:23:28,16716,-724,-1232
2026-05-25 05:23:30,16712,-744,-1240
2026-05-25 05:23:32,16748,-704,-1212
2026-05-25 05:23:34,16696,-732,-1072
2026-05-25 05:23:36,16684,-700,-1184
2026-05-25 05:23:38,16684,-688,-1188
2026-05-25 05:23:40,16712,-724,-1152
2026-05-25 05:23:42,16704,-744,-1216
2026-05-25 05:23:44,16732,-724,-1184
2026-05-25 05:23:46,16648,-656,-1176
2026-05-25 05:23:48,16628,-704,-1232
2026-05-25 05:23:50,16696,-744,-1232
2026-05-25 05:23:52,16668,-728,-1216
2026-05-25 05:23:54,16688,-700,-1092
2026-05-25 05:23:56,16680,-728,-1140
2026-05-25 05:23:58,16672,-700,-1200
2026-05-25 05:24:00,16748,-724,-1128
2026-05-25 05:24:02,16628,-712,-1244
2026-05-25 05:24:04,16712,-676,-1216
2026-05-25 05:24:06,16744,-676,-1168
2026-05-25 05:24:08,16736,-704,-1196
2026-05-25 05:24:10,16724,-716,-1248
2026-05-25 05:24:12,16680,-704,-1252
2026-05-25 05:24:14,16652,-640,-1160
2026-05-25 05:24:16,16712,-704,-1236
2026-05-25 05:24:18,16672,-776,-1124
2026-05-25 05:24:20,16724,-772,-1260
2026-05-25 05:24:22,16672,-696,-1188
2026-05-25 05:24:24,16692,-688,-1208
2026-05-25 05:24:26,16672,-624,-1232
2026-05-25 05:24:28,16716,-712,-1208
2026-05-25 05:24:30,16696,-736,-1220
2026-05-25 05:24:32,16696,-684,-1192
2026-05-25 05:24:34,16688,-752,-1156
2026-05-25 05:24:36,16676,-776,-1228
2026-05-25 05:24:38,16732,-700,-1032
2026-05-25 05:24:40,16696,-736,-1264
2026-05-25 05:24:42,16712,-732,-1220
2026-05-25 05:24:44,16712,-724,-1140
2026-05-25 05:24:46,16752,-724,-1276
2026-05-25 05:24:48,16684,-784,-1144
2026-05-25 05:24:50,16716,-736,-1204
2026-05-25 05:24:52,16696,-704,-1212
2026-05-25 05:24:54,16704,-664,-1224
2026-05-25 05:24:56,16704,-768,-1136
2026-05-25 05:24:58,16740,-684,-1272
2026-05-25 05:25:00,16736,-708,-1200
2026-05-25 05:25:02,16724,-756,-1176
2026-05-25 05:25:04,16712,-688,-1072
2026-05-25 05:25:06,16736,-764,-1148
2026-05-25 05:25:08,16740,-724,-1148
2026-05-25 05:25:10,16648,-728,-1148
2026-05-25 05:25:12,16692,-788,-1312
2026-05-25 05:25:14,16628,-660,-1260
2026-05-25 05:25:16,16764,-688,-1124
2026-05-25 05:25:18,16680,-788,-1148
2026-05-25 05:25:20,16704,-708,-1220
2026-05-25 05:25:22,16684,-768,-1236
2026-05-25 05:25:24,16688,-672,-1176
2026-05-25 05:25:26,16700,-744,-1172
2026-05-25 05:25:28,16672,-652,-1212
2026-05-25 05:25:30,16684,-692,-1252
2026-05-25 05:25:32,16712,-728,-1192
2026-05-25 05:25:34,16704,-748,-1232
2026-05-25 05:25:36,16720,-708,-1180
2026-05-25 05:25:38,16736,-624,-1208
2026-05-25 05:25:40,16668,-680,-1156
2026-05-25 05:25:42,16752,-708,-1168
2026-05-25 05:25:44,16696,-708,-1132
2026-05-25 05:25:46,16676,-716,-1240
2026-05-25 05:25:48,16748,-692,-1176
2026-05-25 05:25:50,16632,-720,-1140
2026-05-25 05:25:52,16724,-700,-1180
2026-05-25 05:25:54,16720,-732,-1200
2026-05-25 05:25:56,16644,-716,-1208
2026-05-25 05:25:58,16712,-700,-1212
2026-05-25 05:26:00,16676,-720,-1116
2026-05-25 05:26:02,16660,-660,-1160
2026-05-25 05:26:04,16696,-664,-1216
2026-05-25 05:26:06,16688,-712,-1200
2026-05-25 05:26:08,16644,-728,-1164
2026-05-25 05:26:10,16688,-760,-1184
2026-05-25 05:26:12,16756,-684,-1256
2026-05-25 05:26:14,16636,-788,-1196
2026-05-25 05:26:16,16680,-740,-1188
2026-05-25 05:26:18,16704,-728,-1212
2026-05-25 05:26:20,16704,-748,-1132
2026-05-25 05:26:22,16712,-780,-1236
2026-05-25 05:26:24,16676,-724,-1200
2026-05-25 05:26:26,16668,-716,-1280
2026-05-25 05:26:28,16672,-692,-1172
2026-05-25 05:26:30,16720,-716,-1284
2026-05-25 05:26:32,16696,-764,-1224
2026-05-25 05:26:34,16672,-792,-1216
2026-05-25 05:26:36,16708,-700,-1264
2026-05-25 05:26:38,16720,-676,-1244
2026-05-25 05:26:40,16700,-732,-1168
2026-05-25 05:26:42,16676,-716,-1196
2026-05-25 05:26:44,16640,-684,-1096
2026-05-25 05:26:46,16712,-736,-1212
2026-05-25 05:26:48,16700,-704,-1208
2026-05-25 05:26:50,16676,-708,-1148
2026-05-25 05:26:52,16704,-632,-1196
2026-05-25 05:26:54,16652,-640,-1292
2026-05-25 05:26:56,16688,-736,-1176
2026-05-25 05:26:58,16708,-676,-1132
2026-05-25 05:27:00,16652,-756,-1132
2026-05-25 05:27:02,16672,-736,-1196
2026-05-25 05:27:04,16680,-692,-1204
2026-05-25 05:27:06,16704,-732,-1236
2026-05-25 05:27:08,16732,-756,-1140
2026-05-25 05:27:10,16696,-724,-1284
2026-05-25 05:27:12,16768,-660,-1180
2026-05-25 05:27:14,16668,-656,-1256
2026-05-25 05:27:16,16752,-732,-1124
2026-05-25 05:27:18,16760,-668,-1284
2026-05-25 05:27:20,16680,-644,-1244
2026-05-25 05:27:22,16640,-736,-1228
2026-05-25 05:27:24,16684,-716,-1232
2026-05-25 05:27:26,16676,-720,-1240
2026-05-25 05:27:28,16712,-712,-1216
2026-05-25 05:27:30,16720,-648,-1248
2026-05-25 05:27:32,16680,-732,-1188
2026-05-25 05:27:34,16716,-756,-1208
2026-05-25 05:27:36,16728,-736,-1148
2026-05-25 05:27:38,16752,-696,-1204
2026-05-25 05:27:40,16692,-696,-1188
2026-05-25 05:27:42,16692,-756,-1084
2026-05-25 05:27:44,16740,-804,-1140
2026-05-25 05:27:46,16700,-736,-1124
2026-05-25 05:27:48,16712,-720,-1116
2026-05-25 05:27:50,16708,-728,-1124
2026-05-25 05:27:52,16716,-736,-1228
2026-05-25 05:27:54,16664,-688,-1204
2026-05-25 05:27:56,16636,-696,-1216
2026-05-25 05:27:58,16692,-748,-1176
2026-05-25 05:28:00,16676,-700,-1120
2026-05-25 05:28:02,16648,-712,-1184
2026-05-25 05:28:04,16720,-752,-1112
2026-05-25 05:28:06,16740,-716,-1188
2026-05-25 05:28:08,16732,-752,-1224
2026-05-25 05:28:10,16728,-724,-1116
2026-05-25 05:28:12,16724,-676,-1156
2026-05-25 05:28:14,16656,-708,-1196
2026-05-25 05:28:16,16656,-688,-1244
2026-05-25 05:28:18,16660,-696,-1096
2026-05-25 05:28:20,16712,-704,-1136
2026-05-25 05:28:22,16680,-696,-1252
2026-05-25 05:28:24,16724,-684,-1172
2026-05-25 05:28:26,16684,-664,-1156
2026-05-25 05:28:28,16684,-668,-1148
2026-05-25 05:28:30,16660,-728,-1248
2026-05-25 05:28:32,16680,-728,-1168
2026-05-25 05:28:34,16720,-704,-1160
2026-05-25 05:28:36,16640,-656,-1196
2026-05-25 05:28:38,16688,-668,-1244
2026-05-25 05:28:40,16708,-652,-1264
2026-05-25 05:28:42,16692,-720,-1192
2026-05-25 05:28:44,16740,-688,-1144
2026-05-25 05:28:46,16696,-676,-1248
2026-05-25 05:28:48,16708,-712,-1216
2026-05-25 05:28:50,16708,-736,-1240
2026-05-25 05:28:52,16688,-652,-1096
2026-05-25 05:28:54,16784,-712,-1340
2026-05-25 05:28:56,16712,-732,-1224
2026-05-25 05:28:58,16712,-656,-1204
2026-05-25 05:29:00,16648,-708,-1240
2026-05-25 05:29:02,16676,-736,-1232
2026-05-25 05:29:04,16668,-684,-1104
2026-05-25 05:29:06,16672,-704,-1124
2026-05-25 05:29:08,16716,-652,-1296
2026-05-25 05:29:10,16732,-660,-1268
2026-05-25 05:29:12,16708,-716,-1128
2026-05-25 05:29:14,16644,-720,-1144
2026-05-25 05:29:16,16680,-728,-1216
2026-05-25 05:29:18,16684,-776,-1292
2026-05-25 05:29:20,16680,-712,-1336
2026-05-25 05:29:22,16696,-684,-1232
2026-05-25 05:29:24,16744,-724,-1156
2026-05-25 05:29:26,16704,-712,-1232
2026-05-25 05:29:28,16688,-728,-1188
2026-05-25 05:29:30,16688,-740,-1132
2026-05-25 05:29:32,16704,-736,-1140
2026-05-25 05:29:34,16700,-700,-1272
2026-05-25 05:29:36,16712,-732,-1228
2026-05-25 05:29:38,16712,-692,-1148
2026-05-25 05:29:40,16780,-632,-1148
2026-05-25 05:29:42,16700,-772,-1116
2026-05-25 05:29:44,16680,-708,-1168
2026-05-25 05:29:46,16716,-684,-1184
2026-05-25 05:29:48,16716,-704,-1180
2026-05-25 05:29:50,16708,-704,-1132
2026-05-25 05:29:52,16652,-688,-1096
2026-05-25 05:29:54,16688,-712,-1184
2026-05-25 05:29:56,16640,-692,-1144
2026-05-25 05:29:58,16712,-708,-1204
2026-05-25 05:30:00,16720,-740,-1136
2026-05-25 05:30:02,16748,-696,-1088
2026-05-25 05:30:04,16664,-688,-1116
2026-05-25 05:30:06,16692,-656,-1204
2026-05-25 05:30:08,16720,-740,-1224
2026-05-25 05:30:10,16656,-684,-1244
2026-05-25 05:30:12,16704,-696,-1244
2026-05-25 05:30:14,16696,-748,-1188
2026-05-25 05:30:16,16700,-728,-1184
2026-05-25 05:30:18,16696,-652,-1132
2026-05-25 05:30:20,16704,-652,-1208
2026-05-25 05:30:22,16744,-652,-1176
2026-05-25 05:30:24,16644,-692,-1224
2026-05-25 05:30:26,16680,-700,-1128
2026-05-25 05:30:28,16704,-704,-1160
2026-05-25 05:30:30,16732,-764,-1192
2026-05-25 05:30:32,16688,-684,-1072
2026-05-25 05:30:34,16648,-716,-1208
2026-05-25 05:30:36,16668,-724,-1208
2026-05-25 05:30:38,16656,-712,-1232
2026-05-25 05:30:40,16744,-684,-1204
2026-05-25 05:30:42,16696,-764,-1248
2026-05-25 05:30:44,16696,-692,-1220
2026-05-25 05:30:46,16752,-740,-1172
2026-05-25 05:30:48,16724,-796,-1188
2026-05-25 05:30:50,16724,-748,-1156
2026-05-25 05:30:52,16684,-712,-1280
2026-05-25 05:30:54,16684,-704,-1192
2026-05-25 05:30:56,16716,-728,-1124
2026-05-25 05:30:58,16684,-696,-1216
2026-05-25 05:31:00,16732,-692,-1200
2026-05-25 05:31:02,16624,-692,-1216
2026-05-25 05:31:04,16680,-656,-1188
2026-05-25 05:31:06,16756,-700,-1096
2026-05-25 05:31:08,16724,-764,-1128
2026-05-25 05:31:10,16644,-696,-1340
2026-05-25 05:31:12,16724,-708,-1228
2026-05-25 05:31:14,16696,-692,-1252
2026-05-25 05:31:16,16684,-728,-1136
2026-05-25 05:31:18,16716,-684,-1196
2026-05-25 05:31:20,16684,-668,-1200
2026-05-25 05:31:22,16740,-688,-1264
2026-05-25 05:31:24,16620,-676,-1216
2026-05-25 05:31:26,16700,-696,-1176
2026-05-25 05:31:28,16696,-688,-1200
2026-05-25 05:31:30,16724,-724,-1252
2026-05-25 05:31:32,16704,-676,-1304
2026-05-25 05:31:34,16636,-668,-1232
2026-05-25 05:31:36,16720,-732,-1252
2026-05-25 05:31:38,16696,-668,-1216
2026-05-25 05:31:40,16708,-712,-1220
2026-05-25 05:31:42,16708,-720,-1244
2026-05-25 05:31:44,16664,-696,-1120
2026-05-25 05:31:46,16748,-680,-1264
2026-05-25 05:31:48,16700,-656,-1184
2026-05-25 05:31:50,16736,-736,-1100
2026-05-25 05:31:52,16696,-688,-1156
2026-05-25 05:31:54,16740,-732,-1180
2026-05-25 05:31:56,16736,-660,-1128
2026-05-25 05:31:58,16716,-704,-1216
2026-05-25 05:32:00,16728,-716,-1288
2026-05-25 05:32:02,16652,-716,-1180
2026-05-25 05:32:04,16680,-712,-1160
2026-05-25 05:32:06,16720,-764,-1292
2026-05-25 05:32:08,16720,-712,-1224
2026-05-25 05:32:10,16716,-700,-1260
2026-05-25 05:32:12,16704,-724,-1132
2026-05-25 05:32:14,16712,-732,-1172
2026-05-25 05:32:16,16644,-716,-1288
2026-05-25 05:32:18,16628,-748,-1152
2026-05-25 05:32:20,16668,-704,-1224
2026-05-25 05:32:22,16704,-728,-1180
2026-05-25 05:32:24,16676,-732,-1192
2026-05-25 05:32:26,16724,-724,-1200
2026-05-25 05:32:28,16684,-712,-1204
2026-05-25 05:32:30,16736,-736,-1256
2026-05-25 05:32:32,16696,-728,-1192
2026-05-25 05:32:34,16656,-756,-1128
2026-05-25 05:32:36,16696,-672,-1104
2026-05-25 05:32:38,16712,-696,-1240
2026-05-25 05:32:40,16748,-740,-1292
2026-05-25 05:32:42,16648,-772,-1200
2026-05-25 05:32:44,16728,-760,-1240
2026-05-25 05:32:46,16668,-732,-1164
2026-05-25 05:32:48,16656,-660,-1256
2026-05-25 05:32:50,16696,-652,-1184
2026-05-25 05:32:52,16664,-684,-1168
2026-05-25 05:32:54,16664,-684,-1184
2026-05-25 05:32:56,16740,-728,-1232
2026-05-25 05:32:58,16728,-776,-1144
2026-05-25 05:33:00,16696,-688,-1200
2026-05-25 05:33:02,16736,-732,-1132
2026-05-25 05:33:04,16680,-724,-1220
2026-05-25 05:33:06,16704,-640,-1256
2026-05-25 05:33:08,16764,-656,-1228
2026-05-25 05:33:10,16652,-760,-1168
2026-05-25 05:33:12,16764,-704,-1156
2026-05-25 05:33:14,16656,-708,-1224
2026-05-25 05:33:16,16736,-696,-1192
2026-05-25 05:33:18,16744,-680,-1208
2026-05-25 05:33:20,16736,-700,-1144
2026-05-25 05:33:22,16692,-692,-1228
2026-05-25 05:33:24,16620,-696,-1232
2026-05-25 05:33:26,16764,-732,-1132
2026-05-25 05:33:28,16668,-724,-1212
2026-05-25 05:33:30,16696,-736,-1180
2026-05-25 05:33:32,16684,-732,-1232
2026-05-25 05:33:34,16672,-672,-1136
2026-05-25 05:33:36,16692,-720,-1224
2026-05-25 05:33:38,16700,-676,-1268
2026-05-25 05:33:40,16716,-744,-1228
2026-05-25 05:33:42,16664,-744,-1136
2026-05-25 05:33:44,16652,-692,-1080
2026-05-25 05:33:46,16716,-712,-1232
2026-05-25 05:33:48,16728,-660,-1148
2026-05-25 05:33:50,16760,-732,-1132
2026-05-25 05:33:52,16700,-720,-1052
2026-05-25 05:33:54,16744,-656,-1152
2026-05-25 05:33:56,16724,-708,-1240
2026-05-25 05:33:58,16656,-680,-1256
2026-05-25 05:34:00,16708,-780,-1136
2026-05-25 05:34:02,16676,-776,-1184
2026-05-25 05:34:04,16740,-720,-1232
2026-05-25 05:34:06,16716,-732,-1104
2026-05-25 05:34:08,16716,-692,-1160
2026-05-25 05:34:10,16704,-728,-1156
2026-05-25 05:34:12,16676,-668,-1200
2026-05-25 05:34:14,16744,-752,-1148
2026-05-25 05:34:16,16708,-684,-1048
2026-05-25 05:34:18,16724,-680,-1256
2026-05-25 05:34:20,16732,-624,-1208
2026-05-25 05:34:22,16680,-732,-1184
2026-05-25 05:34:24,16716,-680,-1200
2026-05-25 05:34:26,16700,-716,-1176
2026-05-25 05:34:28,16732,-728,-1192
2026-05-25 05:34:30,16732,-724,-1140
2026-05-25 05:34:32,16708,-732,-1308
2026-05-25 05:34:34,16704,-764,-1252
2026-05-25 05:34:36,16700,-700,-1156
2026-05-25 05:34:38,16680,-720,-1332
2026-05-25 05:34:40,16712,-712,-1176
2026-05-25 05:34:42,16740,-672,-1096
2026-05-25 05:34:44,16660,-744,-1168
2026-05-25 05:34:46,16736,-728,-1276
2026-05-25 05:34:48,16668,-696,-1172
2026-05-25 05:34:50,16716,-724,-1204
2026-05-25 05:34:52,16688,-696,-1156
2026-05-25 05:34:54,16692,-744,-1216
2026-05-25 05:34:56,16620,-668,-1184
2026-05-25 05:34:58,16748,-728,-1232
2026-05-25 05:35:00,16760,-672,-1228
2026-05-25 05:35:02,16688,-724,-1200
2026-05-25 05:35:04,16732,-720,-1228
2026-05-25 05:35:06,16644,-772,-1192
2026-05-25 05:35:08,16704,-752,-1236
2026-05-25 05:35:10,16660,-688,-1220
2026-05-25 05:35:12,16728,-716,-1240
2026-05-25 05:35:14,16700,-716,-1192
2026-05-25 05:35:16,16620,-700,-1212
2026-05-25 05:35:18,16724,-700,-1284
2026-05-25 05:35:20,16684,-760,-1244
2026-05-25 05:35:22,16736,-736,-1184
2026-05-25 05:35:24,16684,-712,-1208
2026-05-25 05:35:26,16700,-716,-1124
2026-05-25 05:35:28,16664,-656,-1216
2026-05-25 05:35:30,16668,-728,-1148
2026-05-25 05:35:32,16712,-732,-1188
2026-05-25 05:35:34,16676,-664,-1152
2026-05-25 05:35:36,16688,-772,-1220
2026-05-25 05:35:38,16696,-716,-1224
2026-05-25 05:35:40,16672,-712,-1088
2026-05-25 05:35:42,16704,-696,-1112
2026-05-25 05:35:44,16656,-724,-1152
2026-05-25 05:35:46,16744,-720,-1184
2026-05-25 05:35:48,16632,-716,-1156
2026-05-25 05:35:50,16676,-696,-1156
2026-05-25 05:35:52,16696,-732,-1020
2026-05-25 05:35:54,16716,-732,-1268
2026-05-25 05:35:56,16772,-780,-1168
2026-05-25 05:35:58,16792,-712,-1184
2026-05-25 05:36:00,16700,-768,-1140
2026-05-25 05:36:02,16700,-732,-1152
2026-05-25 05:36:04,16640,-684,-1236
2026-05-25 05:36:06,16748,-684,-1256
2026-05-25 05:36:08,16688,-696,-1176
2026-05-25 05:36:10,16680,-668,-1192
2026-05-25 05:36:12,16696,-680,-1144
2026-05-25 05:36:14,16644,-724,-1224
2026-05-25 05:36:16,16756,-716,-1180
2026-05-25 05:36:18,16728,-740,-1156
2026-05-25 05:36:20,16788,-684,-1124
2026-05-25 05:36:22,16752,-696,-1204
2026-05-25 05:36:24,16760,-752,-1176
2026-05-25 05:36:26,16732,-724,-1160
2026-05-25 05:36:28,16656,-692,-1180
2026-05-25 05:36:30,16808,-716,-1336
2026-05-25 05:36:32,16720,-696,-1156
2026-05-25 05:36:34,16740,-740,-1100
2026-05-25 05:36:36,16684,-732,-1208
2026-05-25 05:36:38,16700,-716,-1132
2026-05-25 05:36:40,16748,-712,-1276
2026-05-25 05:36:42,16680,-784,-1152
2026-05-25 05:36:44,16776,-668,-1304
2026-05-25 05:36:46,16760,-700,-1160
2026-05-25 05:36:48,16724,-700,-1272
2026-05-25 05:36:50,16716,-684,-1256
2026-05-25 05:36:52,16752,-692,-1128
2026-05-25 05:36:54,16700,-744,-1108
2026-05-25 05:36:56,16736,-736,-1188
2026-05-25 05:36:58,16708,-696,-1172
2026-05-25 05:37:00,16688,-720,-1228
2026-05-25 05:37:02,16684,-744,-1120
2026-05-25 05:37:04,16656,-676,-1212
2026-05-25 05:37:06,16712,-652,-1148
2026-05-25 05:37:08,16688,-760,-1152
2026-05-25 05:37:10,16696,-716,-1268
2026-05-25 05:37:12,16664,-744,-1148
2026-05-25 05:37:14,16716,-628,-1264
2026-05-25 05:37:16,16732,-664,-1224
2026-05-25 05:37:18,16700,-736,-1220
2026-05-25 05:37:20,16708,-668,-1236
2026-05-25 05:37:22,16736,-736,-1152
2026-05-25 05:37:24,16672,-704,-1196
2026-05-25 05:37:26,16708,-700,-1168
2026-05-25 05:37:28,16744,-676,-1116
2026-05-25 05:37:30,16652,-724,-1156
2026-05-25 05:37:32,16716,-688,-1068
2026-05-25 05:37:34,16708,-692,-1236
2026-05-25 05:37:36,16724,-696,-1232
2026-05-25 05:37:38,16712,-764,-1184
2026-05-25 05:37:40,16700,-712,-1292
2026-05-25 05:37:42,16724,-696,-1188
2026-05-25 05:37:44,16696,-696,-1152
2026-05-25 05:37:46,16648,-632,-1164
2026-05-25 05:37:48,16660,-676,-1232
2026-05-25 05:37:50,16712,-756,-1136
2026-05-25 05:37:52,16692,-740,-1128
2026-05-25 05:37:54,16728,-700,-1208
2026-05-25 05:37:56,16672,-744,-1200
2026-05-25 05:37:58,16712,-728,-1184
2026-05-25 05:38:00,16672,-676,-1204
2026-05-25 05:38:02,16612,-696,-1200
2026-05-25 05:38:04,16704,-680,-1112
2026-05-25 05:38:06,16708,-660,-1144
2026-05-25 05:38:08,16712,-756,-1156
2026-05-25 05:38:10,16732,-700,-1216
2026-05-25 05:38:12,16632,-784,-1204
2026-05-25 05:38:14,16736,-652,-1184
2026-05-25 05:38:16,16672,-700,-1188
2026-05-25 05:38:18,16684,-708,-1216
2026-05-25 05:38:20,16712,-708,-1192
2026-05-25 05:38:22,16640,-692,-1196
2026-05-25 05:38:24,16752,-704,-1184
2026-05-25 05:38:26,16704,-752,-1148
2026-05-25 05:38:28,16688,-680,-1096
2026-05-25 05:38:30,16668,-676,-1208
2026-05-25 05:38:32,16728,-732,-1128
2026-05-25 05:38:34,16660,-640,-1124
2026-05-25 05:38:36,16756,-756,-1168
2026-05-25 05:38:38,16708,-716,-1144
2026-05-25 05:38:40,16724,-768,-1168
2026-05-25 05:38:42,16652,-712,-1220
2026-05-25 05:38:44,16736,-732,-1164
2026-05-25 05:38:46,16664,-672,-1236
2026-05-25 05:38:48,16684,-656,-1164
2026-05-25 05:38:50,16708,-668,-1272
2026-05-25 05:38:52,16732,-660,-1300
2026-05-25 05:38:54,16628,-700,-1224
2026-05-25 05:38:56,16728,-696,-1148
2026-05-25 05:38:58,16748,-664,-1220
2026-05-25 05:39:00,16692,-696,-1200
2026-05-25 05:39:02,16700,-780,-1208
2026-05-25 05:39:04,16728,-656,-1220
2026-05-25 05:39:06,16752,-720,-1240
2026-05-25 05:39:08,16732,-656,-1084
2026-05-25 05:39:10,16648,-720,-1212
2026-05-25 05:39:12,16676,-744,-1332
2026-05-25 05:39:14,16704,-664,-1136
2026-05-25 05:39:16,16664,-744,-1224
2026-05-25 05:39:18,16652,-720,-1204
2026-05-25 05:39:20,16756,-724,-1216
2026-05-25 05:39:22,16708,-736,-1092
2026-05-25 05:39:24,16724,-672,-1244
2026-05-25 05:39:26,16708,-708,-1064
2026-05-25 05:39:28,16696,-716,-1212
2026-05-25 05:39:30,16716,-696,-1144
2026-05-25 05:39:32,16672,-696,-1116
2026-05-25 05:39:34,16716,-704,-1116
2026-05-25 05:39:36,16708,-728,-1220
2026-05-25 05:39:38,16724,-716,-1240
2026-05-25 05:39:40,16780,-696,-1116
2026-05-25 05:39:42,16672,-736,-1256
2026-05-25 05:39:44,16716,-792,-1192
2026-05-25 05:39:46,16736,-736,-1140
2026-05-25 05:39:48,16704,-712,-1044
2026-05-25 05:39:50,16760,-716,-1248
2026-05-25 05:39:52,16688,-732,-1280
2026-05-25 05:39:54,16700,-684,-1220
2026-05-25 05:39:56,16684,-708,-1240
2026-05-25 05:39:58,16748,-688,-1192
2026-05-25 05:40:00,16716,-716,-1156
2026-05-25 05:40:02,16700,-720,-1140
2026-05-25 05:40:04,16636,-708,-1208
2026-05-25 05:40:06,16632,-680,-1144
2026-05-25 05:40:08,16684,-744,-1172
2026-05-25 05:40:10,16636,-704,-1200
2026-05-25 05:40:12,16708,-744,-1124
2026-05-25 05:40:14,16728,-760,-1184
2026-05-25 05:40:16,16680,-772,-1252
2026-05-25 05:40:18,16724,-672,-1136
2026-05-25 05:40:20,16744,-728,-1220
2026-05-25 05:40:22,16704,-732,-1108
2026-05-25 05:40:24,16724,-708,-1196
2026-05-25 05:40:26,16684,-712,-1180
2026-05-25 05:40:28,16688,-664,-1184
2026-05-25 05:40:30,16660,-672,-1180
2026-05-25 05:40:32,16696,-716,-1132
2026-05-25 05:40:34,16656,-708,-1144
2026-05-25 05:40:36,16716,-656,-1220
2026-05-25 05:40:38,16628,-732,-1208
2026-05-25 05:40:40,16704,-676,-1184
2026-05-25 05:40:42,16696,-656,-1136
2026-05-25 05:40:44,16732,-736,-1292
2026-05-25 05:40:46,16724,-720,-1212
2026-05-25 05:40:48,16716,-724,-1244
2026-05-25 05:40:50,16744,-732,-1112
2026-05-25 05:40:52,16760,-656,-1236
2026-05-25 05:40:54,16728,-704,-1240
2026-05-25 05:40:56,16684,-712,-1080
2026-05-25 05:40:58,16688,-724,-1168
2026-05-25 05:41:00,16684,-724,-1232
2026-05-25 05:41:02,16708,-736,-1224
2026-05-25 05:41:04,16696,-728,-1100
2026-05-25 05:41:06,16672,-724,-1220
2026-05-25 05:41:08,16760,-752,-1124
2026-05-25 05:41:10,16656,-716,-1272
2026-05-25 05:41:12,16772,-660,-1208
2026-05-25 05:41:14,16720,-732,-1264
2026-05-25 05:41:16,16688,-752,-1180
2026-05-25 05:41:18,16688,-712,-1156
2026-05-25 05:41:20,16712,-724,-1216
2026-05-25 05:41:22,16704,-704,-1136
2026-05-25 05:41:24,16720,-712,-1172
2026-05-25 05:41:26,16672,-764,-1168
2026-05-25 05:41:28,16644,-652,-1108
2026-05-25 05:41:30,16636,-748,-1172
2026-05-25 05:41:32,16684,-736,-1180
2026-05-25 05:41:34,16664,-784,-1220
2026-05-25 05:41:36,16700,-724,-1212
2026-05-25 05:41:38,16716,-752,-1052
2026-05-25 05:41:40,16700,-692,-1228
2026-05-25 05:41:42,16732,-720,-1228
2026-05-25 05:41:44,16712,-736,-1184
2026-05-25 05:41:46,16660,-708,-1140
2026-05-25 05:41:48,16736,-680,-1164
2026-05-25 05:41:50,16704,-684,-1100
2026-05-25 05:41:52,16724,-720,-1180
2026-05-25 05:41:54,16732,-676,-1204
2026-05-25 05:41:56,16732,-824,-1176
2026-05-25 05:41:58,16672,-684,-1244
2026-05-25 05:42:00,16716,-676,-1212
2026-05-25 05:42:02,16672,-756,-1200
2026-05-25 05:42:04,16696,-720,-1132
2026-05-25 05:42:06,16656,-752,-1184
2026-05-25 05:42:08,16736,-736,-1232
2026-05-25 05:42:10,16692,-716,-1148
2026-05-25 05:42:12,16644,-700,-1228
2026-05-25 05:42:14,16624,-728,-1168
2026-05-25 05:42:16,16632,-716,-1176
2026-05-25 05:42:18,16696,-724,-1112
2026-05-25 05:42:20,16688,-740,-1184
2026-05-25 05:42:22,16716,-680,-1196
2026-05-25 05:42:24,16700,-688,-1252
2026-05-25 05:42:26,16744,-656,-1296
2026-05-25 05:42:28,16724,-688,-1268
2026-05-25 05:42:30,16644,-740,-1152
2026-05-25 05:42:32,16744,-676,-1204
2026-05-25 05:42:34,16684,-708,-1196
2026-05-25 05:42:36,16680,-708,-1200
2026-05-25 05:42:38,16684,-724,-1184
2026-05-25 05:42:40,16656,-680,-1132
2026-05-25 05:42:42,16688,-732,-1244
2026-05-25 05:42:44,16728,-652,-1216
2026-05-25 05:42:46,16672,-656,-1244
2026-05-25 05:42:48,16728,-712,-1276
2026-05-25 05:42:50,16724,-728,-1228
2026-05-25 05:42:52,16740,-680,-1008
2026-05-25 05:42:54,16680,-676,-1336
2026-05-25 05:42:56,16704,-736,-1212
2026-05-25 05:42:58,16616,-712,-1284
2026-05-25 05:43:00,16684,-664,-1168
2026-05-25 05:43:02,16708,-680,-1216
2026-05-25 05:43:04,16764,-704,-1184
2026-05-25 05:43:06,16708,-692,-1108
2026-05-25 05:43:08,16688,-688,-1184
2026-05-25 05:43:10,16680,-664,-1132
2026-05-25 05:43:12,16644,-696,-1216
2026-05-25 05:43:14,16668,-648,-1120
2026-05-25 05:43:16,16692,-700,-1196
2026-05-25 05:43:18,16688,-676,-1196
2026-05-25 05:43:20,16692,-752,-1196
2026-05-25 05:43:22,16708,-692,-1144
2026-05-25 05:43:24,16708,-716,-1248
2026-05-25 05:43:26,16680,-740,-1252
2026-05-25 05:43:28,16656,-660,-1124
2026-05-25 05:43:30,16700,-744,-1224
2026-05-25 05:43:32,16756,-740,-1228
2026-05-25 05:43:34,16680,-696,-1240
2026-05-25 05:43:36,16688,-656,-1212
2026-05-25 05:43:38,16708,-712,-1168
2026-05-25 05:43:40,16736,-724,-1168
2026-05-25 05:43:42,16672,-704,-1276
2026-05-25 05:43:44,16720,-728,-1180
2026-05-25 05:43:46,16712,-652,-1224
2026-05-25 05:43:48,16652,-660,-1144
2026-05-25 05:43:50,16704,-696,-1160
2026-05-25 05:43:52,16696,-692,-1216
2026-05-25 05:43:54,16752,-696,-1216
2026-05-25 05:43:56,16716,-760,-1096
2026-05-25 05:43:58,16684,-704,-1168
2026-05-25 05:44:00,16696,-728,-1244
2026-05-25 05:44:02,16720,-736,-1188
2026-05-25 05:44:04,16712,-724,-1120
2026-05-25 05:44:06,16668,-708,-1268
2026-05-25 05:44:08,16660,-656,-1156
2026-05-25 05:44:10,16740,-712,-1172
2026-05-25 05:44:12,16692,-660,-1188
2026-05-25 05:44:14,16676,-716,-1188
2026-05-25 05:44:16,16676,-672,-1196
2026-05-25 05:44:18,16696,-688,-1300
2026-05-25 05:44:20,16700,-664,-1216
2026-05-25 05:44:22,16616,-648,-1252
2026-05-25 05:44:24,16716,-680,-1192
2026-05-25 05:44:26,16704,-684,-1216
2026-05-25 05:44:28,16700,-716,-1204
2026-05-25 05:44:30,16696,-648,-1204
2026-05-25 05:44:32,16684,-696,-1164
2026-05-25 05:44:34,16696,-684,-1108
2026-05-25 05:44:36,16680,-716,-1208
2026-05-25 05:44:38,16692,-696,-1160
2026-05-25 05:44:40,16692,-708,-1256
2026-05-25 05:44:42,16704,-652,-1164
2026-05-25 05:44:44,16724,-748,-1200
2026-05-25 05:44:46,16684,-768,-1172
2026-05-25 05:44:48,16672,-624,-1148
2026-05-25 05:44:50,16688,-728,-1100
2026-05-25 05:44:52,16700,-636,-1156
2026-05-25 05:44:54,16688,-680,-1192
2026-05-25 05:44:56,16660,-740,-1116
2026-05-25 05:44:58,16628,-704,-1164
2026-05-25 05:45:00,16704,-704,-1208
2026-05-25 05:45:02,16648,-752,-1204
2026-05-25 05:45:04,16732,-708,-1136
2026-05-25 05:45:06,16716,-688,-1220
2026-05-25 05:45:08,16696,-672,-1160
2026-05-25 05:45:10,16664,-768,-1132
2026-05-25 05:45:12,16636,-712,-1172
2026-05-25 05:45:14,16728,-660,-1152
2026-05-25 05:45:16,16652,-692,-1212
2026-05-25 05:45:18,16700,-740,-1164
2026-05-25 05:45:20,16700,-692,-1192
2026-05-25 05:45:22,16684,-712,-1204
2026-05-25 05:45:24,16680,-728,-1092
2026-05-25 05:45:26,16676,-660,-1112
2026-05-25 05:45:28,16704,-672,-1232
2026-05-25 05:45:30,16712,-716,-1200
2026-05-25 05:45:32,16644,-804,-1168
2026-05-25 05:45:34,16760,-680,-1220
2026-05-25 05:45:36,16696,-676,-1208
2026-05-25 05:45:38,16656,-676,-1236
2026-05-25 05:45:40,16680,-656,-1244
2026-05-25 05:45:42,16736,-708,-1160
2026-05-25 05:45:44,16692,-732,-1244
2026-05-25 05:45:46,16688,-684,-1132
2026-05-25 05:45:48,16684,-700,-1240
2026-05-25 05:45:50,16740,-716,-1236
2026-05-25 05:45:52,16716,-664,-1184
2026-05-25 05:45:54,16648,-696,-1260
2026-05-25 05:45:56,16736,-728,-1224
2026-05-25 05:45:58,16728,-708,-1196
2026-05-25 05:46:00,16680,-704,-1240
2026-05-25 05:46:02,16724,-696,-1132
2026-05-25 05:46:04,16668,-720,-1192
2026-05-25 05:46:06,16596,-712,-1196
2026-05-25 05:46:08,16744,-764,-1216
2026-05-25 05:46:10,16716,-728,-1248
2026-05-25 05:46:12,16716,-696,-1244
2026-05-25 05:46:14,16688,-704,-1224
2026-05-25 05:46:16,16696,-704,-1172
2026-05-25 05:46:18,16684,-704,-1152
2026-05-25 05:46:20,16708,-692,-1284
2026-05-25 05:46:22,16676,-692,-1256
2026-05-25 05:46:24,16660,-680,-1204
2026-05-25 05:46:26,16716,-668,-1196
2026-05-25 05:46:28,16712,-708,-1200
2026-05-25 05:46:30,16700,-716,-1144
2026-05-25 05:46:32,16736,-780,-1244
2026-05-25 05:46:34,16716,-752,-1120
2026-05-25 05:46:36,16656,-716,-1172
2026-05-25 05:46:38,16696,-696,-1144
2026-05-25 05:46:40,16748,-672,-1192
2026-05-25 05:46:42,16700,-692,-1140
2026-05-25 05:46:44,16672,-708,-1244
2026-05-25 05:46:46,16680,-740,-1264
2026-05-25 05:46:48,16632,-660,-1184
2026-05-25 05:46:50,16720,-692,-1100
2026-05-25 05:46:52,16672,-676,-1220
2026-05-25 05:46:54,16716,-664,-1212
2026-05-25 05:46:56,16712,-684,-1244
2026-05-25 05:46:58,16720,-680,-1072
2026-05-25 05:47:00,16724,-672,-1288
2026-05-25 05:47:02,16660,-724,-1240
2026-05-25 05:47:04,16696,-724,-1076
2026-05-25 05:47:06,16704,-724,-1180
2026-05-25 05:47:08,16684,-696,-1216
2026-05-25 05:47:10,16660,-688,-1228
2026-05-25 05:47:12,16644,-696,-1156
2026-05-25 05:47:14,16704,-724,-1124
2026-05-25 05:47:16,16688,-716,-1188
2026-05-25 05:47:18,16736,-724,-1188
2026-05-25 05:47:20,16700,-696,-1204
2026-05-25 05:47:22,16676,-760,-1080
2026-05-25 05:47:24,16692,-780,-1240
2026-05-25 05:47:26,16664,-728,-1212
2026-05-25 05:47:28,16708,-740,-1140
2026-05-25 05:47:30,16648,-692,-1184
2026-05-25 05:47:32,16652,-744,-1248
2026-05-25 05:47:34,16672,-772,-1136
2026-05-25 05:47:36,16704,-712,-1264
2026-05-25 05:47:38,16680,-700,-1200
2026-05-25 05:47:40,16700,-744,-1212
2026-05-25 05:47:42,16756,-704,-1140
2026-05-25 05:47:44,16636,-732,-1224
2026-05-25 05:47:46,16732,-752,-1216
2026-05-25 05:47:48,16740,-708,-1108
2026-05-25 05:47:50,16712,-708,-1196
2026-05-25 05:47:52,16720,-688,-1240
2026-05-25 05:47:54,16668,-648,-1164
2026-05-25 05:47:56,16656,-688,-1116
2026-05-25 05:47:58,16680,-696,-1152
2026-05-25 05:48:00,16664,-704,-1180
2026-05-25 05:48:02,16696,-664,-1216
2026-05-25 05:48:04,16684,-704,-1264
2026-05-25 05:48:06,16684,-760,-1164
2026-05-25 05:48:08,16724,-700,-1232
2026-05-25 05:48:10,16744,-700,-1184
2026-05-25 05:48:12,16716,-716,-1320
2026-05-25 05:48:14,16672,-700,-1252
2026-05-25 05:48:16,16772,-752,-1220
2026-05-25 05:48:18,16636,-696,-1184
2026-05-25 05:48:20,16712,-704,-1208
2026-05-25 05:48:22,16704,-708,-1196
2026-05-25 05:48:24,16660,-652,-1324
2026-05-25 05:48:26,16760,-676,-1168
2026-05-25 05:48:28,16740,-688,-1280
2026-05-25 05:48:30,16708,-700,-1076
2026-05-25 05:48:32,16688,-752,-1140
2026-05-25 05:48:34,16700,-704,-1192
2026-05-25 05:48:36,16676,-652,-1256
2026-05-25 05:48:38,16664,-672,-1192
2026-05-25 05:48:40,16696,-700,-1284
2026-05-25 05:48:42,16672,-696,-1180
2026-05-25 05:48:44,16644,-740,-1212
2026-05-25 05:48:46,16672,-720,-1200
2026-05-25 05:48:48,16668,-692,-1120
2026-05-25 05:48:50,16776,-700,-1188
2026-05-25 05:48:52,16744,-676,-1188
2026-05-25 05:48:54,16632,-720,-1184
2026-05-25 05:48:56,16692,-744,-1120
2026-05-25 05:48:58,16736,-700,-1284
2026-05-25 05:49:00,16652,-748,-1196
2026-05-25 05:49:02,16652,-664,-1236
2026-05-25 05:49:04,16696,-700,-1212
2026-05-25 05:49:06,16696,-740,-1240
2026-05-25 05:49:08,16768,-760,-1192
2026-05-25 05:49:10,16736,-764,-1136
2026-05-25 05:49:12,16696,-728,-1156
2026-05-25 05:49:14,16736,-704,-1220
2026-05-25 05:49:16,16736,-672,-1164
2026-05-25 05:49:18,16688,-684,-1260
2026-05-25 05:49:20,16712,-696,-1268
2026-05-25 05:49:22,16704,-744,-1156
2026-05-25 05:49:24,16652,-768,-1188
2026-05-25 05:49:26,16732,-680,-1120
2026-05-25 05:49:28,16760,-724,-1256
2026-05-25 05:49:30,16700,-684,-1200
2026-05-25 05:49:32,16716,-644,-1088
2026-05-25 05:49:34,16696,-680,-1164
2026-05-25 05:49:36,16692,-648,-1116
2026-05-25 05:49:38,16704,-656,-1232
2026-05-25 05:49:40,16688,-708,-1056
2026-05-25 05:49:42,16700,-624,-1180
2026-05-25 05:49:44,16772,-744,-1196
2026-05-25 05:49:46,16672,-704,-1244
2026-05-25 05:49:48,16644,-728,-1172
2026-05-25 05:49:50,16740,-644,-1196
2026-05-25 05:49:52,16656,-676,-1176
2026-05-25 05:49:54,16692,-684,-1100
2026-05-25 05:49:56,16720,-744,-1204
2026-05-25 05:49:58,16668,-676,-1076
2026-05-25 05:50:00,16688,-716,-1196
2026-05-25 05:50:02,16692,-668,-1076
2026-05-25 05:50:04,16700,-732,-1216
2026-05-25 05:50:06,16712,-640,-1184
2026-05-25 05:50:08,16744,-744,-1212
2026-05-25 05:50:10,16700,-684,-1188
2026-05-25 05:50:12,16680,-728,-1192
2026-05-25 05:50:14,16696,-684,-1140
2026-05-25 05:50:16,16692,-724,-1140
2026-05-25 05:50:18,16728,-664,-1176
2026-05-25 05:50:20,16692,-724,-1316
2026-05-25 05:50:22,16724,-700,-1148
2026-05-25 05:50:24,16636,-748,-1156
2026-05-25 05:50:26,16668,-708,-1228
2026-05-25 05:50:28,16652,-728,-1180
2026-05-25 05:50:30,16700,-692,-1256
2026-05-25 05:50:32,16708,-748,-1160
2026-05-25 05:50:34,16684,-688,-1232
2026-05-25 05:50:36,16768,-728,-1228
2026-05-25 05:50:38,16732,-756,-1172
2026-05-25 05:50:40,16680,-724,-1260
2026-05-25 05:50:42,16688,-660,-1212
2026-05-25 05:50:44,16648,-688,-1184
2026-05-25 05:50:46,16720,-680,-1180
2026-05-25 05:50:48,16688,-704,-1164
2026-05-25 05:50:50,16692,-716,-1132
2026-05-25 05:50:52,16728,-708,-1236
2026-05-25 05:50:54,16668,-740,-1208
2026-05-25 05:50:56,16736,-692,-1208
2026-05-25 05:50:58,16700,-680,-1000
2026-05-25 05:51:00,16620,-800,-1268
2026-05-25 05:51:02,16708,-688,-1176
2026-05-25 05:51:04,16712,-692,-1280
2026-05-25 05:51:06,16700,-716,-1164
2026-05-25 05:51:08,16736,-728,-1208
2026-05-25 05:51:10,16704,-704,-1144
2026-05-25 05:51:12,16656,-712,-1164
2026-05-25 05:51:14,16740,-712,-1140
2026-05-25 05:51:16,16680,-696,-1208
2026-05-25 05:51:18,16696,-704,-1168
2026-05-25 05:51:20,16656,-732,-1268
2026-05-25 05:51:22,16680,-724,-1136
2026-05-25 05:51:24,16692,-728,-1160
2026-05-25 05:51:26,16728,-728,-1128
2026-05-25 05:51:28,16664,-732,-1276
2026-05-25 05:51:30,16700,-732,-1208
2026-05-25 05:51:32,16700,-800,-1196
2026-05-25 05:51:34,16692,-736,-1136
2026-05-25 05:51:36,16680,-692,-1124
2026-05-25 05:51:38,16688,-676,-1276
2026-05-25 05:51:40,16776,-724,-1180
2026-05-25 05:51:42,16732,-732,-1128
2026-05-25 05:51:44,16712,-660,-1208
2026-05-25 05:51:46,16664,-708,-1220
2026-05-25 05:51:48,16688,-676,-1200
2026-05-25 05:51:50,16712,-688,-1152
2026-05-25 05:51:52,16676,-744,-1076
2026-05-25 05:51:54,16680,-692,-1280
2026-05-25 05:51:56,16660,-736,-1200
2026-05-25 05:51:58,16732,-688,-1200
2026-05-25 05:52:00,16724,-680,-1200
2026-05-25 05:52:02,16672,-676,-1080
2026-05-25 05:52:04,16680,-696,-1200
2026-05-25 05:52:06,16732,-808,-1172
2026-05-25 05:52:08,16712,-740,-1316
2026-05-25 05:52:10,16740,-724,-1248
2026-05-25 05:52:12,16680,-692,-1168
2026-05-25 05:52:14,16720,-624,-1292
2026-05-25 05:52:16,16672,-676,-1164
2026-05-25 05:52:18,16704,-744,-1252
2026-05-25 05:52:20,16684,-696,-1128
2026-05-25 05:52:22,16656,-724,-1168
2026-05-25 05:52:24,16668,-732,-1124
2026-05-25 05:52:26,16672,-656,-1280
2026-05-25 05:52:28,16636,-732,-1156
2026-05-25 05:52:30,16712,-756,-1168
2026-05-25 05:52:32,16724,-708,-1172
2026-05-25 05:52:34,16780,-724,-1148
2026-05-25 05:52:36,16668,-696,-1200
2026-05-25 05:52:38,16720,-656,-1196
2026-05-25 05:52:40,16728,-692,-1256
2026-05-25 05:52:42,16700,-772,-1168
2026-05-25 05:52:44,16752,-692,-1204
2026-05-25 05:52:46,16728,-720,-1212
2026-05-25 05:52:48,16688,-756,-1152
2026-05-25 05:52:50,16716,-708,-1156
2026-05-25 05:52:52,16708,-664,-1228
2026-05-25 05:52:54,16676,-684,-1232
2026-05-25 05:52:56,16720,-716,-1228
2026-05-25 05:52:58,16680,-740,-1172
2026-05-25 05:53:00,16640,-696,-1164
2026-05-25 05:53:02,16684,-688,-1188
2026-05-25 05:53:04,16708,-700,-1156
2026-05-25 05:53:06,16752,-768,-1144
2026-05-25 05:53:08,16692,-780,-1232
2026-05-25 05:53:10,16780,-712,-1140
2026-05-25 05:53:12,16740,-672,-1116
2026-05-25 05:53:14,16704,-772,-1108
2026-05-25 05:53:16,16692,-704,-1200
2026-05-25 05:53:18,16680,-732,-1224
2026-05-25 05:53:20,16724,-692,-1204
2026-05-25 05:53:22,16732,-716,-1256
2026-05-25 05:53:24,16772,-692,-1156
2026-05-25 05:53:26,16700,-748,-1116
2026-05-25 05:53:28,16708,-724,-1172
2026-05-25 05:53:30,16668,-732,-1292
2026-05-25 05:53:32,16688,-700,-1284
2026-05-25 05:53:34,16740,-652,-1152
2026-05-25 05:53:36,16720,-732,-1232
2026-05-25 05:53:38,16720,-696,-1256
2026-05-25 05:53:40,16660,-732,-1160
2026-05-25 05:53:42,16692,-744,-1128
2026-05-25 05:53:44,16732,-692,-1128
2026-05-25 05:53:46,16684,-684,-1156
2026-05-25 05:53:48,16724,-720,-1172
2026-05-25 05:53:50,16692,-704,-1140
2026-05-25 05:53:52,16684,-616,-1144
2026-05-25 05:53:54,16728,-716,-1128
2026-05-25 05:53:56,16656,-676,-1280
2026-05-25 05:53:58,16748,-720,-1120
2026-05-25 05:54:00,16744,-728,-1164
2026-05-25 05:54:02,16720,-760,-1148
2026-05-25 05:54:04,16768,-688,-1192
2026-05-25 05:54:06,16624,-696,-1132
2026-05-25 05:54:08,16744,-676,-1328
2026-05-25 05:54:10,16700,-672,-1252
2026-05-25 05:54:12,16668,-712,-1148
2026-05-25 05:54:14,16696,-740,-1236
2026-05-25 05:54:16,16704,-752,-1204
2026-05-25 05:54:18,16672,-672,-1196
2026-05-25 05:54:20,16620,-708,-1148
2026-05-25 05:54:22,16720,-660,-1192
2026-05-25 05:54:24,16740,-704,-1188
2026-05-25 05:54:26,16660,-700,-1152
2026-05-25 05:54:28,16668,-656,-1064
2026-05-25 05:54:30,16640,-732,-1180
2026-05-25 05:54:32,16704,-648,-1260
2026-05-25 05:54:34,16712,-624,-1260
2026-05-25 05:54:36,16656,-688,-1188
2026-05-25 05:54:38,16736,-704,-1296
2026-05-25 05:54:40,16656,-676,-1192
2026-05-25 05:54:42,16668,-788,-1148
2026-05-25 05:54:44,16716,-724,-1184
2026-05-25 05:54:46,16700,-712,-1172
2026-05-25 05:54:48,16648,-648,-1216
2026-05-25 05:54:50,16684,-696,-1232
2026-05-25 05:54:52,16756,-772,-1160
2026-05-25 05:54:54,16700,-708,-1172
2026-05-25 05:54:56,16708,-736,-1204
2026-05-25 05:54:58,16700,-704,-1196
2026-05-25 05:55:00,16688,-728,-1224
2026-05-25 05:55:02,16688,-680,-1212
2026-05-25 05:55:04,16704,-704,-1224
2026-05-25 05:55:06,16700,-736,-1096
2026-05-25 05:55:08,16728,-672,-1188
2026-05-25 05:55:10,16620,-668,-1240
2026-05-25 05:55:12,16728,-680,-1152
2026-05-25 05:55:14,16672,-744,-1112
2026-05-25 05:55:16,16684,-684,-1100
2026-05-25 05:55:18,16752,-716,-1232
2026-05-25 05:55:20,16704,-696,-1188
2026-05-25 05:55:22,16692,-684,-1148
2026-05-25 05:55:24,16676,-672,-1148
2026-05-25 05:55:26,16724,-692,-1248
2026-05-25 05:55:28,16716,-656,-1192
2026-05-25 05:55:30,16728,-676,-1184
2026-05-25 05:55:32,16736,-788,-1176
2026-05-25 05:55:34,16692,-744,-1256
2026-05-25 05:55:36,16704,-768,-1180
2026-05-25 05:55:38,16744,-708,-1180
2026-05-25 05:55:40,16692,-724,-1264
2026-05-25 05:55:42,16660,-736,-1080
2026-05-25 05:55:44,16752,-708,-1108
2026-05-25 05:55:46,16688,-748,-1216
2026-05-25 05:55:48,16696,-624,-1268
2026-05-25 05:55:50,16740,-724,-1188
2026-05-25 05:55:52,16676,-688,-1300
2026-05-25 05:55:54,16684,-644,-1136
2026-05-25 05:55:56,16676,-752,-1112
2026-05-25 05:55:58,16724,-672,-1188
2026-05-25 05:56:00,16720,-656,-1240
2026-05-25 05:56:02,16632,-700,-1188
2026-05-25 05:56:04,16716,-700,-1208
2026-05-25 05:56:06,16684,-744,-1152
2026-05-25 05:56:08,16652,-720,-1112
2026-05-25 05:56:10,16700,-704,-1128
2026-05-25 05:56:12,16684,-708,-1204
2026-05-25 05:56:14,16708,-704,-1228
2026-05-25 05:56:16,16660,-676,-1268
2026-05-25 05:56:18,16684,-712,-1184
2026-05-25 05:56:20,16728,-732,-1224
2026-05-25 05:56:22,16676,-744,-1164
2026-05-25 05:56:24,16768,-680,-1144
2026-05-25 05:56:26,16760,-704,-1132
2026-05-25 05:56:28,16676,-676,-1200
2026-05-25 05:56:30,16696,-704,-1180
2026-05-25 05:56:32,16740,-720,-1192
2026-05-25 05:56:34,16680,-668,-1248
2026-05-25 05:56:36,16696,-684,-1244
2026-05-25 05:56:38,16692,-712,-1236
2026-05-25 05:56:40,16704,-728,-1176
2026-05-25 05:56:42,16732,-624,-1200
2026-05-25 05:56:44,16596,-676,-1168
2026-05-25 05:56:46,16712,-688,-1220
2026-05-25 05:56:48,16696,-680,-1104
2026-05-25 05:56:50,16648,-744,-1180
2026-05-25 05:56:52,16716,-692,-1148
2026-05-25 05:56:54,16716,-792,-1184
2026-05-25 05:56:56,16756,-756,-1164
2026-05-25 05:56:58,16652,-696,-1176
2026-05-25 05:57:00,16636,-692,-1216
2026-05-25 05:57:02,16676,-732,-1164
2026-05-25 05:57:04,16684,-680,-1164
2026-05-25 05:57:06,16708,-740,-1176
2026-05-25 05:57:08,16720,-736,-1224
2026-05-25 05:57:10,16684,-712,-1228
2026-05-25 05:57:12,16728,-716,-1140
2026-05-25 05:57:14,16680,-696,-1184
2026-05-25 05:57:16,16672,-656,-1152
2026-05-25 05:57:18,16680,-684,-1188
2026-05-25 05:57:20,16756,-696,-1188
2026-05-25 05:57:22,16732,-696,-1056
2026-05-25 05:57:24,16672,-624,-1256
2026-05-25 05:57:26,16728,-776,-1164
2026-05-25 05:57:28,16708,-764,-1260
2026-05-25 05:57:30,16720,-780,-1116
2026-05-25 05:57:32,16744,-708,-1188
2026-05-25 05:57:34,16724,-692,-1204
2026-05-25 05:57:36,16684,-712,-1172
2026-05-25 05:57:38,16724,-704,-1164
2026-05-25 05:57:40,16720,-644,-1128
2026-05-25 05:57:42,16696,-724,-1236
2026-05-25 05:57:44,16708,-764,-1296
2026-05-25 05:57:46,16700,-736,-1144
2026-05-25 05:57:48,16672,-732,-1192
2026-05-25 05:57:50,16700,-696,-1128
2026-05-25 05:57:52,16636,-672,-1176
2026-05-25 05:57:54,16720,-640,-1192
2026-05-25 05:57:56,16652,-620,-1116
2026-05-25 05:57:58,16692,-712,-1188
2026-05-25 05:58:00,16664,-700,-1180
2026-05-25 05:58:02,16680,-684,-1160
2026-05-25 05:58:04,16672,-696,-1156
2026-05-25 05:58:06,16660,-700,-1176
2026-05-25 05:58:08,16632,-644,-1216
2026-05-25 05:58:10,16752,-716,-1168
2026-05-25 05:58:12,16684,-732,-1116
2026-05-25 05:58:14,16680,-664,-1100
2026-05-25 05:58:16,16736,-692,-1192
2026-05-25 05:58:18,16668,-668,-1256
2026-05-25 05:58:20,16668,-692,-1228
2026-05-25 05:58:22,16700,-724,-1084
2026-05-25 05:58:24,16668,-712,-1240
2026-05-25 05:58:26,16712,-728,-1204
2026-05-25 05:58:28,16688,-684,-1088
2026-05-25 05:58:30,16700,-680,-1204
2026-05-25 05:58:32,16720,-772,-1192
2026-05-25 05:58:34,16668,-720,-1240
2026-05-25 05:58:36,16680,-704,-1212
2026-05-25 05:58:38,16668,-668,-1248
2026-05-25 05:58:40,16676,-744,-1192
2026-05-25 05:58:42,16704,-656,-1144
2026-05-25 05:58:44,16660,-700,-1188
2026-05-25 05:58:46,16704,-652,-1256
2026-05-25 05:58:48,16684,-704,-1144
2026-05-25 05:58:50,16772,-708,-1280
2026-05-25 05:58:52,16692,-724,-1188
2026-05-25 05:58:54,16728,-652,-1176
2026-05-25 05:58:56,16740,-680,-1156
2026-05-25 05:58:58,16700,-668,-1136
2026-05-25 05:59:00,16668,-704,-1156
2026-05-25 05:59:02,16668,-692,-1208
2026-05-25 05:59:04,16716,-696,-1168
2026-05-25 05:59:06,16712,-720,-1140
2026-05-25 05:59:08,16676,-752,-1168
2026-05-25 05:59:10,16692,-696,-1212
2026-05-25 05:59:12,16700,-680,-1244
2026-05-25 05:59:14,16720,-760,-1212
2026-05-25 05:59:16,16652,-708,-1232
2026-05-25 05:59:18,16672,-736,-1100
2026-05-25 05:59:20,16672,-740,-1260
2026-05-25 05:59:22,16652,-716,-1144
2026-05-25 05:59:24,16640,-688,-1144
2026-05-25 05:59:26,16700,-724,-1148
2026-05-25 05:59:28,16692,-704,-1152
2026-05-25 05:59:30,16700,-680,-1180
2026-05-25 05:59:32,16684,-724,-1176
2026-05-25 05:59:34,16712,-676,-1152
2026-05-25 05:59:36,16716,-704,-1088
2026-05-25 05:59:38,16672,-780,-1176
2026-05-25 05:59:40,16684,-672,-1292
2026-05-25 05:59:42,16732,-676,-1184
2026-05-25 05:59:44,16740,-744,-1120
2026-05-25 05:59:46,16732,-680,-1108
2026-05-25 05:59:48,16732,-660,-1172
2026-05-25 05:59:50,16684,-676,-1260
2026-05-25 05:59:52,16640,-736,-1192
2026-05-25 05:59:54,16764,-716,-1160
2026-05-25 05:59:56,16712,-716,-1184
2026-05-25 05:59:58,16700,-632,-1204
2026-05-25 06:00:00,16756,-664,-1144
2026-05-25 06:00:02,16752,-612,-1292
2026-05-25 06:00:04,16724,-700,-1116
2026-05-25 06:00:06,16676,-660,-1192
2026-05-25 06:00:08,16688,-708,-1272
2026-05-25 06:00:10,16680,-700,-1156
2026-05-25 06:00:12,16684,-724,-1244
2026-05-25 06:00:14,16708,-668,-1228
2026-05-25 06:00:16,16680,-728,-1152
2026-05-25 06:00:18,16660,-700,-1232
2026-05-25 06:00:20,16708,-764,-1240
2026-05-25 06:00:22,16680,-772,-1152
2026-05-25 06:00:24,16672,-708,-1308
2026-05-25 06:00:26,16708,-676,-1128
2026-05-25 06:00:28,16708,-676,-1200
2026-05-25 06:00:30,16676,-708,-1168
2026-05-25 06:00:32,16740,-632,-1224
2026-05-25 06:00:34,16672,-708,-1136
2026-05-25 06:00:36,16652,-692,-1144
2026-05-25 06:00:38,16668,-696,-1176
2026-05-25 06:00:40,16684,-772,-1160
2026-05-25 06:00:42,16664,-728,-1228
2026-05-25 06:00:44,16688,-716,-1228
2026-05-25 06:00:46,16732,-728,-1180
2026-05-25 06:00:48,16792,-696,-1076
2026-05-25 06:00:50,16656,-720,-1160
2026-05-25 06:00:52,16740,-728,-1204
2026-05-25 06:00:54,16656,-724,-1184
2026-05-25 06:00:56,16644,-716,-1152
2026-05-25 06:00:58,16680,-652,-1236
2026-05-25 06:01:00,16676,-720,-1316
2026-05-25 06:01:02,16680,-960,-1092
2026-05-25 06:01:04,16220,-1328,3708
2026-05-25 06:01:06,16872,-844,-1544
2026-05-25 06:01:08,16720,-788,-1168
2026-05-25 06:01:10,16676,-660,-1004
2026-05-25 06:01:12,16700,-808,-1120
2026-05-25 06:01:14,16736,-740,-1176
2026-05-25 06:01:16,16664,-792,-1172
2026-05-25 06:01:18,16724,-720,-1192
2026-05-25 06:01:20,16732,-756,-1108
2026-05-25 06:01:22,16680,-792,-1160
2026-05-25 06:01:24,16760,-744,-1148
2026-05-25 06:01:26,16760,-680,-1140
2026-05-25 06:01:28,16680,-788,-1124
2026-05-25 06:01:30,16676,-776,-1184
2026-05-25 06:01:32,16664,-740,-1108
2026-05-25 06:01:34,16712,-780,-1040
2026-05-25 06:01:36,16712,-756,-1164
2026-05-25 06:01:38,16724,-736,-1152
2026-05-25 06:01:40,16720,-724,-1068
2026-05-25 06:01:42,16720,-748,-1092
2026-05-25 06:01:44,16704,-764,-1116
2026-05-25 06:01:46,16668,-756,-1204
2026-05-25 06:01:48,16668,-744,-1120
2026-05-25 06:01:50,16752,-760,-1088
2026-05-25 06:01:52,16708,-748,-1088
2026-05-25 06:01:54,16724,-748,-1164
2026-05-25 06:01:56,16664,-768,-1096
2026-05-25 06:01:58,16716,-868,-1148
2026-05-25 06:02:00,16648,-772,-1188
2026-05-25 06:02:02,16692,-784,-1188
2026-05-25 06:02:04,16736,-748,-1120
2026-05-25 06:02:06,16704,-804,-1108
2026-05-25 06:02:08,16716,-780,-1032
2026-05-25 06:02:10,16716,-792,-1088
2026-05-25 06:02:12,16692,-752,-1020
2026-05-25 06:02:14,16692,-808,-1104
2026-05-25 06:02:16,16724,-772,-1156
2026-05-25 06:02:18,16716,-716,-1156
2026-05-25 06:02:20,16624,-800,-1168
2026-05-25 06:02:22,16680,-748,-1020
2026-05-25 06:02:24,16636,-780,-1140
2026-05-25 06:02:26,16644,-680,-1116
2026-05-25 06:02:28,16672,-664,-1180
2026-05-25 06:02:30,16728,-708,-1088
2026-05-25 06:02:32,16720,-764,-1144
2026-05-25 06:02:34,16684,-764,-1112
2026-05-25 06:02:36,16676,-792,-1120
2026-05-25 06:02:38,16716,-816,-1044
2026-05-25 06:02:40,16636,-784,-1108
2026-05-25 06:02:42,16732,-732,-1116
2026-05-25 06:02:44,16712,-728,-1028
2026-05-25 06:02:46,16680,-772,-1184
2026-05-25 06:02:48,16648,-828,-1104
2026-05-25 06:02:50,16724,-760,-1168
2026-05-25 06:02:52,16636,-788,-1124
2026-05-25 06:02:54,16720,-812,-1156
2026-05-25 06:02:56,16648,-780,-1084
2026-05-25 06:02:58,16648,-676,-1152
2026-05-25 06:03:00,16676,-768,-1068
2026-05-25 06:03:02,16660,-740,-1116
2026-05-25 06:03:04,16680,-744,-1084
2026-05-25 06:03:06,16704,-736,-1176
2026-05-25 06:03:08,16704,-736,-1212
2026-05-25 06:03:10,16696,-764,-1152
2026-05-25 06:03:12,16732,-764,-1068
2026-05-25 06:03:14,16716,-744,-1128
2026-05-25 06:03:16,16720,-808,-1180
2026-05-25 06:03:18,16740,-736,-1168
2026-05-25 06:03:20,16688,-772,-1124
2026-05-25 06:03:22,16688,-836,-1164
2026-05-25 06:03:24,16648,-832,-1200
2026-05-25 06:03:26,16660,-732,-1108
2026-05-25 06:03:28,16720,-748,-1100
2026-05-25 06:03:30,16656,-812,-1068
2026-05-25 06:03:32,16728,-752,-1108
2026-05-25 06:03:34,16724,-792,-1104
2026-05-25 06:03:36,16736,-720,-1144
2026-05-25 06:03:38,16672,-756,-1248
2026-05-25 06:03:40,16680,-768,-1076
2026-05-25 06:03:42,16728,-828,-1204
2026-05-25 06:03:44,16632,-712,-1096
2026-05-25 06:03:46,16712,-740,-1056
2026-05-25 06:03:48,16688,-716,-1052
2026-05-25 06:03:50,16672,-728,-1108
2026-05-25 06:03:52,16676,-748,-1124
2026-05-25 06:03:54,16700,-820,-1152
2026-05-25 06:03:56,16700,-760,-1100
2026-05-25 06:03:58,16696,-804,-1080
2026-05-25 06:04:00,16720,-744,-1028
2026-05-25 06:04:02,16740,-756,-1172
2026-05-25 06:04:04,16704,-772,-1084
2026-05-25 06:04:06,16632,-764,-1016
2026-05-25 06:04:08,16644,-788,-1124
2026-05-25 06:04:10,16704,-752,-1088
2026-05-25 06:04:12,16664,-752,-1064
2026-05-25 06:04:14,16704,-728,-1048
2026-05-25 06:04:16,16692,-792,-1188
2026-05-25 06:04:18,16676,-736,-1008
2026-05-25 06:04:20,16716,-732,-1056
2026-05-25 06:04:22,16676,-724,-1116
2026-05-25 06:04:24,16712,-772,-1092
2026-05-25 06:04:26,16656,-724,-1116
2026-05-25 06:04:28,16688,-820,-1104
2026-05-25 06:04:30,16684,-664,-1112
2026-05-25 06:04:32,16704,-752,-1144
2026-05-25 06:04:34,16760,-708,-1092
2026-05-25 06:04:36,16700,-804,-1100
2026-05-25 06:04:38,16660,-764,-1072
2026-05-25 06:04:40,16688,-812,-1172
2026-05-25 06:04:42,16684,-788,-1104
2026-05-25 06:04:44,16696,-808,-1140
2026-05-25 06:04:46,16688,-800,-1112
2026-05-25 06:04:48,16716,-716,-1076
2026-05-25 06:04:50,16644,-748,-1116
2026-05-25 06:04:52,16672,-768,-1184
2026-05-25 06:04:54,16756,-772,-1044
2026-05-25 06:04:56,16692,-760,-1088
2026-05-25 06:04:58,16672,-772,-1232
2026-05-25 06:05:00,16692,-792,-1024
2026-05-25 06:05:02,16708,-756,-1028
2026-05-25 06:05:04,16756,-828,-1072
2026-05-25 06:05:06,16656,-772,-1060
2026-05-25 06:05:08,16692,-732,-1220
2026-05-25 06:05:10,16740,-724,-1056
2026-05-25 06:05:12,16708,-808,-1076
2026-05-25 06:05:14,16712,-764,-1140
2026-05-25 06:05:16,16696,-740,-1096
2026-05-25 06:05:18,16716,-760,-1180
2026-05-25 06:05:20,16692,-744,-1148
2026-05-25 06:05:22,16708,-784,-1040
2026-05-25 06:05:24,16668,-724,-1216
2026-05-25 06:05:26,16700,-756,-1132
2026-05-25 06:05:28,16720,-764,-1116
2026-05-25 06:05:30,16720,-784,-1132
2026-05-25 06:05:32,16640,-732,-1072
2026-05-25 06:05:34,16720,-836,-1104
2026-05-25 06:05:36,16724,-784,-1168
2026-05-25 06:05:38,16744,-788,-1100
2026-05-25 06:05:40,16740,-760,-1044
2026-05-25 06:05:42,16716,-808,-1104
2026-05-25 06:05:44,16744,-764,-1188
2026-05-25 06:05:46,16640,-816,-1228
2026-05-25 06:05:48,16680,-772,-1128
2026-05-25 06:05:50,16680,-728,-1000
2026-05-25 06:05:52,16632,-796,-1104
2026-05-25 06:05:54,16716,-800,-1140
2026-05-25 06:05:56,16756,-764,-1152
2026-05-25 06:05:58,16712,-740,-1068
2026-05-25 06:06:00,16756,-744,-1032
2026-05-25 06:06:02,16672,-784,-1148
2026-05-25 06:06:04,16664,-736,-1124
2026-05-25 06:06:06,16708,-804,-1092
2026-05-25 06:06:08,16668,-784,-1088
2026-05-25 06:06:10,16656,-756,-1104
2026-05-25 06:06:12,16728,-788,-1080
2026-05-25 06:06:14,16688,-768,-1104
2026-05-25 06:06:16,16688,-764,-1132
2026-05-25 06:06:18,16716,-812,-1068
2026-05-25 06:06:20,16712,-776,-1172
2026-05-25 06:06:22,16696,-772,-1040
2026-05-25 06:06:24,16708,-772,-1040
2026-05-25 06:06:26,16700,-768,-1136
2026-05-25 06:06:28,16640,-768,-1052
2026-05-25 06:06:30,16732,-728,-1196
2026-05-25 06:06:32,16708,-756,-1144
2026-05-25 06:06:34,16716,-816,-1100
2026-05-25 06:06:36,16752,-740,-1084
2026-05-25 06:06:38,16748,-796,-1144
2026-05-25 06:06:40,16628,-832,-1104
2026-05-25 06:06:42,16724,-732,-1120
2026-05-25 06:06:44,16692,-716,-1144
2026-05-25 06:06:46,16688,-800,-1164
2026-05-25 06:06:48,16712,-760,-1128
2026-05-25 06:06:50,16720,-820,-1112
2026-05-25 06:06:52,16712,-792,-1100
2026-05-25 06:06:54,16704,-752,-1084
2026-05-25 06:06:56,16732,-768,-1088
2026-05-25 06:06:58,16708,-788,-1108
2026-05-25 06:07:00,16684,-744,-1176
2026-05-25 06:07:02,16656,-844,-1104
2026-05-25 06:07:04,16704,-780,-1096
2026-05-25 06:07:06,16656,-776,-1100
2026-05-25 06:07:08,16652,-796,-1072
2026-05-25 06:07:10,16676,-752,-1108
2026-05-25 06:07:12,16744,-744,-1112
2026-05-25 06:07:14,16684,-808,-1148
2026-05-25 06:07:16,16676,-804,-1124
2026-05-25 06:07:18,16752,-764,-1080
2026-05-25 06:07:20,16712,-736,-1072
2026-05-25 06:07:22,16680,-804,-1120
2026-05-25 06:07:24,16692,-720,-1116
2026-05-25 06:07:26,16712,-728,-1112
2026-05-25 06:07:28,16704,-752,-1124
2026-05-25 06:07:30,16732,-824,-1144
2026-05-25 06:07:32,16712,-792,-1076
2026-05-25 06:07:34,16628,-728,-1156
2026-05-25 06:07:36,16684,-744,-1052
2026-05-25 06:07:38,16672,-776,-1136
2026-05-25 06:07:40,16664,-736,-1084
2026-05-25 06:07:42,16704,-792,-1148
2026-05-25 06:07:44,16704,-780,-1136
2026-05-25 06:07:46,16664,-728,-1116
2026-05-25 06:07:48,16672,-764,-1136
2026-05-25 06:07:50,16728,-792,-1084
2026-05-25 06:07:52,16628,-796,-1036
2026-05-25 06:07:54,16684,-756,-996
2026-05-25 06:07:56,16716,-728,-1168
2026-05-25 06:07:58,16688,-784,-1140
2026-05-25 06:08:00,16676,-792,-1160
2026-05-25 06:08:02,16724,-784,-1032
2026-05-25 06:08:04,16728,-788,-1020
2026-05-25 06:08:06,16768,-764,-1104
2026-05-25 06:08:08,16620,-792,-1080
2026-05-25 06:08:10,16648,-796,-1104
2026-05-25 06:08:12,16620,-792,-1128
2026-05-25 06:08:14,16732,-692,-1080
2026-05-25 06:08:16,16676,-744,-1036
2026-05-25 06:08:18,16688,-732,-1156
2026-05-25 06:08:20,16716,-824,-1108
2026-05-25 06:08:22,16712,-776,-1092
2026-05-25 06:08:24,16708,-792,-1072
2026-05-25 06:08:26,16684,-752,-1152
2026-05-25 06:08:28,16668,-760,-1088
2026-05-25 06:08:30,16680,-756,-1072
2026-05-25 06:08:32,16596,-724,-1068
2026-05-25 06:08:34,16716,-712,-1128
2026-05-25 06:08:36,16744,-804,-1160
2026-05-25 06:08:38,16696,-800,-1140
2026-05-25 06:08:40,16708,-796,-1060
2026-05-25 06:08:42,16652,-736,-1076
2026-05-25 06:08:44,16628,-800,-1076
2026-05-25 06:08:46,16736,-780,-1040
2026-05-25 06:08:48,16672,-744,-1188
2026-05-25 06:08:50,16636,-748,-1096
2026-05-25 06:08:52,16680,-800,-1144
2026-05-25 06:08:54,16700,-800,-1092
2026-05-25 06:08:56,16704,-812,-1000
2026-05-25 06:08:58,16680,-764,-1116
2026-05-25 06:09:00,16668,-768,-1148
2026-05-25 06:09:02,16684,-740,-1104
2026-05-25 06:09:04,16680,-792,-1088
2026-05-25 06:09:06,16716,-792,-1136
2026-05-25 06:09:08,16672,-804,-1144
2026-05-25 06:09:10,16636,-816,-1120
2026-05-25 06:09:12,16676,-776,-1128
2026-05-25 06:09:14,16724,-764,-1100
2026-05-25 06:09:16,16756,-836,-1172
2026-05-25 06:09:18,16636,-784,-1016
2026-05-25 06:09:20,16688,-804,-992
2026-05-25 06:09:22,16640,-732,-1136
2026-05-25 06:09:24,16684,-804,-1120
2026-05-25 06:09:26,16676,-812,-1120
2026-05-25 06:09:28,16732,-764,-1116
2026-05-25 06:09:30,16716,-780,-1136
2026-05-25 06:09:32,16748,-696,-1092
2026-05-25 06:09:34,16708,-812,-1140
2026-05-25 06:09:36,16708,-792,-1176
2026-05-25 06:09:38,16668,-744,-1196
2026-05-25 06:09:40,16732,-740,-1036
2026-05-25 06:09:42,16700,-812,-1112
2026-05-25 06:09:44,16692,-752,-1140
2026-05-25 06:09:46,16692,-776,-1084
2026-05-25 06:09:48,16680,-780,-1136
2026-05-25 06:09:50,16660,-736,-1084
2026-05-25 06:09:52,16684,-692,-1204
2026-05-25 06:09:54,16692,-724,-1140
2026-05-25 06:09:56,16664,-748,-1132
2026-05-25 06:09:58,16704,-764,-1132
2026-05-25 06:10:00,16756,-840,-1124
2026-05-25 06:10:02,16696,-776,-1224
2026-05-25 06:10:04,16688,-764,-1032
2026-05-25 06:10:06,16716,-692,-1124
2026-05-25 06:10:08,16684,-780,-1084
2026-05-25 06:10:10,16680,-816,-1068
2026-05-25 06:10:12,16680,-788,-1100
2026-05-25 06:10:14,16668,-768,-1076
2026-05-25 06:10:16,16704,-756,-1112
2026-05-25 06:10:18,16680,-800,-1144
2026-05-25 06:10:20,16728,-764,-1120
2026-05-25 06:10:22,16672,-764,-1092
2026-05-25 06:10:24,16664,-772,-1180
2026-05-25 06:10:26,16700,-784,-1032
2026-05-25 06:10:28,16716,-752,-1136
2026-05-25 06:10:30,16712,-720,-1168
2026-05-25 06:10:32,16676,-744,-1052
2026-05-25 06:10:34,16672,-784,-1156
2026-05-25 06:10:36,16672,-732,-1264
2026-05-25 06:10:38,16696,-780,-1052
2026-05-25 06:10:40,16736,-764,-1012
2026-05-25 06:10:42,16676,-812,-1112
2026-05-25 06:10:44,16704,-760,-1160
2026-05-25 06:10:46,16692,-720,-1084
2026-05-25 06:10:48,16736,-744,-1116
2026-05-25 06:10:50,16624,-804,-1168
2026-05-25 06:10:52,16712,-800,-1128
2026-05-25 06:10:54,16660,-816,-1128
2026-05-25 06:10:56,16708,-836,-1128
2026-05-25 06:10:58,16732,-812,-1160
2026-05-25 06:11:00,16692,-776,-1172
2026-05-25 06:11:02,16732,-728,-1080
2026-05-25 06:11:04,16696,-744,-1132
2026-05-25 06:11:06,16704,-768,-1032
2026-05-25 06:11:08,16688,-760,-1108
2026-05-25 06:11:10,16684,-768,-1132
2026-05-25 06:11:12,16672,-760,-1168
2026-05-25 06:11:14,16744,-712,-1100
2026-05-25 06:11:16,16728,-756,-1064
2026-05-25 06:11:18,16640,-812,-1144
2026-05-25 06:11:20,16644,-736,-1228
2026-05-25 06:11:22,16652,-768,-1088
2026-05-25 06:11:24,16660,-736,-1056
2026-05-25 06:11:26,16700,-764,-1108
2026-05-25 06:11:28,16672,-752,-1112
2026-05-25 06:11:30,16692,-756,-1056
2026-05-25 06:11:32,16684,-724,-1144
2026-05-25 06:11:34,16680,-796,-1212
2026-05-25 06:11:36,16700,-784,-1184
2026-05-25 06:11:38,16696,-768,-1108
2026-05-25 06:11:40,16692,-792,-1116
2026-05-25 06:11:42,16592,-756,-1148
2026-05-25 06:11:44,16696,-792,-1052
2026-05-25 06:11:46,16692,-788,-1148
2026-05-25 06:11:48,16692,-828,-1124
2026-05-25 06:11:50,16708,-788,-1108
2026-05-25 06:11:52,16708,-788,-1088
2026-05-25 06:11:54,16684,-760,-1092
2026-05-25 06:11:56,16728,-788,-1052
2026-05-25 06:11:58,16668,-804,-1144
2026-05-25 06:12:00,16704,-756,-1104
2026-05-25 06:12:02,16620,-736,-1144
2026-05-25 06:12:04,16644,-708,-1208
2026-05-25 06:12:06,16688,-768,-1068
2026-05-25 06:12:08,16696,-744,-1168
2026-05-25 06:12:10,16680,-808,-1120
2026-05-25 06:12:12,16696,-748,-1124
2026-05-25 06:12:14,16716,-788,-1160
2026-05-25 06:12:16,16692,-748,-1100
2026-05-25 06:12:18,16660,-792,-1100
2026-05-25 06:12:20,16684,-796,-1212
2026-05-25 06:12:22,16728,-732,-1176
2026-05-25 06:12:24,16716,-800,-1120
2026-05-25 06:12:26,16704,-736,-1052
2026-05-25 06:12:28,16648,-784,-1128
2026-05-25 06:12:30,16728,-808,-1124
2026-05-25 06:12:32,16664,-724,-1100
2026-05-25 06:12:34,16700,-752,-1084
2026-05-25 06:12:36,16672,-764,-1168
2026-05-25 06:12:38,16704,-792,-1028
2026-05-25 06:12:40,16684,-804,-1116
2026-05-25 06:12:42,16668,-776,-1176
2026-05-25 06:12:44,16700,-736,-1160
2026-05-25 06:12:46,16672,-816,-1128
2026-05-25 06:12:48,16660,-724,-1120
2026-05-25 06:12:50,16656,-768,-1092
2026-05-25 06:12:52,16684,-676,-1100
2026-05-25 06:12:54,16696,-824,-1148
2026-05-25 06:12:56,16712,-784,-1084
2026-05-25 06:12:58,16692,-792,-1080
2026-05-25 06:13:00,16704,-772,-1124
2026-05-25 06:13:02,16692,-828,-1048
2026-05-25 06:13:04,16672,-696,-1072
2026-05-25 06:13:06,16752,-768,-1088
2026-05-25 06:13:08,16708,-796,-1060
2026-05-25 06:13:10,16640,-772,-1176
2026-05-25 06:13:12,16688,-768,-1032
2026-05-25 06:13:14,16728,-748,-1108
2026-05-25 06:13:16,16696,-804,-1032
2026-05-25 06:13:18,16696,-756,-1116
2026-05-25 06:13:20,16696,-772,-1124
2026-05-25 06:13:22,16696,-764,-1080
2026-05-25 06:13:24,16788,-764,-1116
2026-05-25 06:13:26,16640,-764,-1100
2026-05-25 06:13:28,16672,-780,-1084
2026-05-25 06:13:30,16740,-772,-1088
2026-05-25 06:13:32,16668,-780,-1068
2026-05-25 06:13:34,16664,-796,-1032
2026-05-25 06:13:36,16696,-748,-1008
2026-05-25 06:13:38,16660,-756,-1124
2026-05-25 06:13:40,16652,-792,-1112
2026-05-25 06:13:42,16684,-704,-1104
2026-05-25 06:13:44,16660,-712,-1168
2026-05-25 06:13:46,16656,-776,-1064
2026-05-25 06:13:48,16712,-804,-1036
2026-05-25 06:13:50,16712,-764,-1020
2026-05-25 06:13:52,16656,-776,-1100
2026-05-25 06:13:54,16656,-744,-1064
2026-05-25 06:13:56,16640,-736,-1108
2026-05-25 06:13:58,16720,-764,-1112
2026-05-25 06:14:00,16672,-724,-1092
2026-05-25 06:14:02,16656,-828,-1060
2026-05-25 06:14:04,16696,-816,-1128
2026-05-25 06:14:06,16644,-748,-1108
2026-05-25 06:14:08,16696,-756,-1088
2026-05-25 06:14:10,16672,-716,-1152
2026-05-25 06:14:12,16668,-768,-1128
2026-05-25 06:14:14,16656,-756,-1104
2026-05-25 06:14:16,16684,-828,-1068
2026-05-25 06:14:18,16672,-796,-1156
2026-05-25 06:14:20,16668,-764,-1144
2026-05-25 06:14:22,16712,-728,-1148
2026-05-25 06:14:24,16660,-800,-1124
2026-05-25 06:14:26,16712,-796,-1108
2026-05-25 06:14:28,16676,-712,-1104
2026-05-25 06:14:30,16636,-756,-1068
2026-05-25 06:14:32,16652,-716,-1036
2026-05-25 06:14:34,16656,-812,-1104
2026-05-25 06:14:36,16700,-804,-1132
2026-05-25 06:14:38,16672,-724,-1064
2026-05-25 06:14:40,16612,-736,-1104
2026-05-25 06:14:42,16752,-708,-1124
2026-05-25 06:14:44,16728,-796,-1124
2026-05-25 06:14:46,16672,-772,-1156
2026-05-25 06:14:48,16672,-744,-1148
2026-05-25 06:14:50,16700,-816,-1136
2026-05-25 06:14:52,16736,-772,-1148
2026-05-25 06:14:54,16696,-744,-1088
2026-05-25 06:14:56,16740,-720,-1076
2026-05-25 06:14:58,16696,-796,-1124
2026-05-25 06:15:00,16668,-808,-1112
2026-05-25 06:15:02,16696,-784,-1148
2026-05-25 06:15:04,16720,-792,-1092
2026-05-25 06:15:06,16672,-792,-968
2026-05-25 06:15:08,16652,-780,-1184
2026-05-25 06:15:10,16668,-756,-1088
2026-05-25 06:15:12,16660,-740,-1084
2026-05-25 06:15:14,16664,-760,-1116
2026-05-25 06:15:16,16736,-804,-1072
2026-05-25 06:15:18,16720,-728,-1208
2026-05-25 06:15:20,16740,-732,-1080
2026-05-25 06:15:22,16668,-740,-992
2026-05-25 06:15:24,16680,-680,-1128
2026-05-25 06:15:26,16700,-756,-1004
2026-05-25 06:15:28,16712,-692,-1072
2026-05-25 06:15:30,16704,-756,-996
2026-05-25 06:15:32,16668,-716,-1184
2026-05-25 06:15:34,16652,-872,-1072
2026-05-25 06:15:36,16704,-736,-1108
2026-05-25 06:15:38,16676,-776,-1068
2026-05-25 06:15:40,16720,-848,-1068
2026-05-25 06:15:42,16672,-760,-1068
2026-05-25 06:15:44,16712,-736,-1108
2026-05-25 06:15:46,16740,-768,-1132
2026-05-25 06:15:48,16736,-764,-1052
2026-05-25 06:15:50,16676,-792,-1120
2026-05-25 06:15:52,16740,-704,-1196
2026-05-25 06:15:54,16632,-792,-1116
2026-05-25 06:15:56,16696,-772,-1068
2026-05-25 06:15:58,16748,-836,-1112
2026-05-25 06:16:00,16756,-776,-1092
2026-05-25 06:16:02,16652,-816,-1072
2026-05-25 06:16:04,16684,-804,-1076
2026-05-25 06:16:06,16684,-784,-1164
2026-05-25 06:16:08,16628,-788,-1208
2026-05-25 06:16:10,16700,-784,-1108
2026-05-25 06:16:12,16680,-748,-1028
2026-05-25 06:16:14,16696,-712,-1160
2026-05-25 06:16:16,16720,-776,-1152
2026-05-25 06:16:18,16672,-728,-1128
2026-05-25 06:16:20,16740,-748,-1108
2026-05-25 06:16:22,16664,-776,-1144
2026-05-25 06:16:24,16636,-756,-1192
2026-05-25 06:16:26,16776,-764,-1148
2026-05-25 06:16:28,16716,-756,-1056
2026-05-25 06:16:30,16692,-772,-1116
2026-05-25 06:16:32,16696,-808,-1068
2026-05-25 06:16:34,16688,-736,-1172
2026-05-25 06:16:36,16676,-724,-1024
2026-05-25 06:16:38,16676,-796,-1056
2026-05-25 06:16:40,16636,-788,-1040
2026-05-25 06:16:42,16696,-784,-1136
2026-05-25 06:16:44,16660,-796,-1124
2026-05-25 06:16:46,16636,-756,-1132
2026-05-25 06:16:48,16616,-752,-1060
2026-05-25 06:16:50,16748,-804,-1028
2026-05-25 06:16:52,16676,-776,-1108
2026-05-25 06:16:54,16688,-764,-1068
2026-05-25 06:16:56,16656,-772,-1092
2026-05-25 06:16:58,16740,-744,-1084
2026-05-25 06:17:00,16616,-760,-1132
2026-05-25 06:17:02,16632,-728,-1076
2026-05-25 06:17:04,16676,-744,-1056
2026-05-25 06:17:06,16668,-764,-1132
2026-05-25 06:17:08,16652,-780,-1036
2026-05-25 06:17:10,16668,-796,-1088
2026-05-25 06:17:12,16720,-732,-1056
2026-05-25 06:17:14,16700,-780,-1088
2026-05-25 06:17:16,16692,-764,-1008
2026-05-25 06:17:18,16648,-744,-1068
2026-05-25 06:17:20,16696,-660,-1168
2026-05-25 06:17:22,16704,-796,-1108
2026-05-25 06:17:24,16700,-836,-1124
2026-05-25 06:17:26,16680,-796,-1172
2026-05-25 06:17:28,16696,-772,-1084
2026-05-25 06:17:30,16648,-788,-1152
2026-05-25 06:17:32,16676,-768,-1124
2026-05-25 06:17:34,16680,-788,-1168
2026-05-25 06:17:36,16640,-720,-1076
2026-05-25 06:17:38,16716,-796,-1132
2026-05-25 06:17:40,16704,-780,-1108
2026-05-25 06:17:42,16624,-808,-1148
2026-05-25 06:17:44,16704,-772,-1104
2026-05-25 06:17:46,16680,-764,-1076
2026-05-25 06:17:48,16656,-768,-1128
2026-05-25 06:17:50,16684,-764,-1076
2026-05-25 06:17:52,16700,-764,-1124
2026-05-25 06:17:54,16728,-716,-1160
2026-05-25 06:17:56,16724,-760,-1168
2026-05-25 06:17:58,16696,-760,-1048
2026-05-25 06:18:00,16724,-768,-1080
2026-05-25 06:18:02,16692,-804,-1084
2026-05-25 06:18:04,16680,-788,-1100
2026-05-25 06:18:06,16684,-772,-1100
2026-05-25 06:18:08,16712,-780,-1120
2026-05-25 06:18:10,16736,-812,-1192
2026-05-25 06:18:12,16700,-812,-1180
2026-05-25 06:18:14,16692,-752,-1100
2026-05-25 06:18:16,16700,-760,-1056
2026-05-25 06:18:18,16644,-788,-1112
2026-05-25 06:18:20,16684,-792,-1172
2026-05-25 06:18:22,16660,-800,-1168
2026-05-25 06:18:24,16692,-860,-1084
2026-05-25 06:18:26,16712,-800,-1096
2026-05-25 06:18:28,16692,-736,-1092
2026-05-25 06:18:30,16712,-756,-1192
2026-05-25 06:18:32,16708,-760,-1176
2026-05-25 06:18:34,16708,-816,-1136
2026-05-25 06:18:36,16628,-768,-1208
2026-05-25 06:18:38,16672,-728,-1144
2026-05-25 06:18:40,16736,-876,-1156
2026-05-25 06:18:42,16688,-716,-1108
2026-05-25 06:18:44,16664,-716,-1128
2026-05-25 06:18:46,16716,-784,-1096
2026-05-25 06:18:48,16768,-812,-1128
2026-05-25 06:18:50,16664,-740,-1136
2026-05-25 06:18:52,16684,-808,-1072
2026-05-25 06:18:54,16732,-716,-1072
2026-05-25 06:18:56,16700,-732,-1116
2026-05-25 06:18:58,16724,-816,-1080
2026-05-25 06:19:00,16644,-796,-1116
2026-05-25 06:19:02,16696,-808,-1100
2026-05-25 06:19:04,16620,-752,-1120
2026-05-25 06:19:06,16700,-824,-1120
2026-05-25 06:19:08,16656,-724,-1120
2026-05-25 06:19:10,16696,-720,-1100
2026-05-25 06:19:12,16636,-828,-1112
2026-05-25 06:19:14,16680,-832,-1104
2026-05-25 06:19:16,16724,-856,-1068
2026-05-25 06:19:18,16672,-684,-1156
2026-05-25 06:19:20,16696,-796,-1140
2026-05-25 06:19:22,16704,-776,-1104
2026-05-25 06:19:24,16628,-792,-1088
2026-05-25 06:19:26,16644,-736,-1088
2026-05-25 06:19:28,16720,-816,-1084
2026-05-25 06:19:30,16648,-776,-1048
2026-05-25 06:19:32,16644,-768,-1120
2026-05-25 06:19:34,16696,-752,-1056
2026-05-25 06:19:36,16720,-788,-1144
2026-05-25 06:19:38,16676,-832,-1088
2026-05-25 06:19:40,16704,-724,-1036
2026-05-25 06:19:42,16716,-772,-1212
2026-05-25 06:19:44,16748,-768,-1084
2026-05-25 06:19:46,16736,-780,-1132
2026-05-25 06:19:48,16696,-712,-1188
2026-05-25 06:19:50,16712,-756,-1056
2026-05-25 06:19:52,16692,-740,-1168
2026-05-25 06:19:54,16672,-828,-1068
2026-05-25 06:19:56,16652,-752,-1072
2026-05-25 06:19:58,16716,-816,-1064
2026-05-25 06:20:00,16680,-732,-1188
2026-05-25 06:20:02,16656,-748,-1144
2026-05-25 06:20:04,16664,-772,-1116
2026-05-25 06:20:06,16684,-792,-1064
2026-05-25 06:20:08,16620,-804,-1164
2026-05-25 06:20:10,16644,-764,-1112
2026-05-25 06:20:12,16732,-760,-1104
2026-05-25 06:20:14,16704,-812,-1136
2026-05-25 06:20:16,16692,-780,-1140
2026-05-25 06:20:18,16568,-792,-1196
2026-05-25 06:20:20,16636,-740,-1200
2026-05-25 06:20:22,16708,-736,-1064
2026-05-25 06:20:24,16672,-780,-1144
2026-05-25 06:20:26,16656,-748,-1176
2026-05-25 06:20:28,16708,-784,-1012
2026-05-25 06:20:30,16660,-756,-1176
2026-05-25 06:20:32,16704,-740,-1188
2026-05-25 06:20:34,16656,-788,-1136
2026-05-25 06:20:36,16684,-768,-1076
2026-05-25 06:20:38,16700,-784,-1128
2026-05-25 06:20:40,16736,-776,-1080
2026-05-25 06:20:42,16668,-704,-1108
2026-05-25 06:20:44,16704,-744,-1136
2026-05-25 06:20:46,16628,-704,-1124
2026-05-25 06:20:48,16736,-732,-1044
2026-05-25 06:20:50,16636,-752,-1044
2026-05-25 06:20:52,16632,-760,-1120
2026-05-25 06:20:54,16704,-756,-1124
2026-05-25 06:20:56,16720,-772,-1100
2026-05-25 06:20:58,16632,-688,-1032
2026-05-25 06:21:00,16672,-772,-1100
2026-05-25 06:21:02,16652,-796,-1112
2026-05-25 06:21:04,16652,-808,-1192
2026-05-25 06:21:06,16708,-736,-1124
2026-05-25 06:21:08,16704,-748,-1052
2026-05-25 06:21:10,16672,-800,-1112
2026-05-25 06:21:12,16668,-776,-1068
2026-05-25 06:21:14,16692,-780,-1088
2026-05-25 06:21:16,16696,-740,-1092
2026-05-25 06:21:18,16624,-748,-1140
2026-05-25 06:21:20,16668,-712,-1140
2026-05-25 06:21:22,16656,-744,-1120
2026-05-25 06:21:24,16628,-792,-1184
2026-05-25 06:21:26,16668,-804,-1100
2026-05-25 06:21:28,16724,-792,-1100
2026-05-25 06:21:30,16728,-780,-1156
2026-05-25 06:21:32,16668,-784,-1064
2026-05-25 06:21:34,16748,-752,-1120
2026-05-25 06:21:36,16620,-744,-1056
2026-05-25 06:21:38,16700,-784,-1100
2026-05-25 06:21:40,16696,-812,-1132
2026-05-25 06:21:42,16664,-764,-1136
2026-05-25 06:21:44,16684,-812,-1128
2026-05-25 06:21:46,16764,-720,-1052
2026-05-25 06:21:48,16768,-856,-1060
2026-05-25 06:21:50,16720,-848,-1216
2026-05-25 06:21:52,16808,-732,-1100
2026-05-25 06:21:54,16648,-672,-1188
2026-05-25 06:21:56,16708,-648,-1136
2026-05-25 06:21:58,16684,-732,-1112
2026-05-25 06:22:00,16664,-676,-1092
2026-05-25 06:22:02,16688,-724,-1144
2026-05-25 06:22:04,16704,-724,-1020
2026-05-25 06:22:06,16692,-764,-1088
2026-05-25 06:22:08,16676,-672,-1164
2026-05-25 06:22:10,16680,-688,-1084
2026-05-25 06:22:12,16692,-672,-1084
2026-05-25 06:22:14,16648,-660,-1088
2026-05-25 06:22:16,16716,-680,-1072
2026-05-25 06:22:18,16692,-656,-1080
2026-05-25 06:22:20,16680,-684,-1116
2026-05-25 06:22:22,16620,-672,-1016
2026-05-25 06:22:24,16728,-688,-1096
2026-05-25 06:22:26,16672,-680,-1144
2026-05-25 06:22:28,16728,-660,-1128
2026-05-25 06:22:30,16712,-720,-1160
2026-05-25 06:22:32,16676,-684,-1024
2026-05-25 06:22:34,16672,-744,-1028
2026-05-25 06:22:36,16696,-732,-1056
2026-05-25 06:22:38,16656,-628,-1096
2026-05-25 06:22:40,16708,-620,-1140
2026-05-25 06:22:42,16684,-676,-1084
2026-05-25 06:22:44,16752,-1092,-1152
2026-05-25 06:22:46,16680,-748,-1152
2026-05-25 06:22:48,16708,-652,-1076
2026-05-25 06:22:50,16676,-724,-1040
2026-05-25 06:22:52,16696,-680,-1116
2026-05-25 06:22:54,16668,-668,-1024
2026-05-25 06:22:56,16692,-708,-1104
2026-05-25 06:22:58,16752,-700,-1028
2026-05-25 06:23:00,16728,-672,-1044
2026-05-25 06:23:02,16672,-716,-1096
2026-05-25 06:23:04,16676,-640,-1112
2026-05-25 06:23:06,16688,-648,-1096
2026-05-25 06:23:08,16728,-712,-1020
2026-05-25 06:23:10,16652,-724,-1080
2026-05-25 06:23:12,16684,-668,-1040
2026-05-25 06:23:14,16692,-680,-1144
2026-05-25 06:23:16,16696,-676,-1020
2026-05-25 06:23:18,16740,-712,-1124
2026-05-25 06:23:20,16700,-672,-1032
2026-05-25 06:23:22,16732,-684,-1140
2026-05-25 06:23:24,16692,-648,-1084
2026-05-25 06:23:26,16704,-704,-1064
2026-05-25 06:23:28,16676,-744,-1056
2026-05-25 06:23:30,16688,-692,-1156
2026-05-25 06:23:32,16684,-684,-1184
2026-05-25 06:23:34,16716,-676,-1016
2026-05-25 06:23:36,16716,-692,-1108
2026-05-25 06:23:38,16680,-680,-1088
2026-05-25 06:23:40,16712,-648,-1084
2026-05-25 06:23:42,16704,-648,-1112
2026-05-25 06:23:44,16680,-692,-1124
2026-05-25 06:23:46,16768,-604,-1152
2026-05-25 06:23:48,16700,-612,-1024
2026-05-25 06:23:50,16760,-660,-1148
2026-05-25 06:23:52,16636,-688,-1076
2026-05-25 06:23:54,16696,-724,-1088
2026-05-25 06:23:56,16676,-668,-1096
2026-05-25 06:23:58,16708,-664,-1008
2026-05-25 06:24:00,16632,-720,-1088
2026-05-25 06:24:02,16696,-720,-1184
2026-05-25 06:24:04,16632,-676,-1104
2026-05-25 06:24:06,16672,-696,-1140
2026-05-25 06:24:08,16752,-700,-1040
2026-05-25 06:24:10,16668,-704,-1012
2026-05-25 06:24:12,16656,-676,-1068
2026-05-25 06:24:14,16628,-712,-1100
2026-05-25 06:24:16,16656,-660,-1100
2026-05-25 06:24:18,16656,-680,-1072
2026-05-25 06:24:20,16684,-656,-1048
2026-05-25 06:24:22,16636,-656,-1172
2026-05-25 06:24:24,16700,-680,-1036
2026-05-25 06:24:26,16732,-584,-1112
2026-05-25 06:24:28,16776,-636,-1092
2026-05-25 06:24:30,16676,-668,-1104
2026-05-25 06:24:32,16684,-676,-1124
2026-05-25 06:24:34,16676,-680,-1072
2026-05-25 06:24:36,16708,-756,-1024
2026-05-25 06:24:38,16636,-712,-1140
2026-05-25 06:24:40,16740,-700,-1100
2026-05-25 06:24:42,16712,-628,-1092
2026-05-25 06:24:44,16680,-696,-1096
2026-05-25 06:24:46,16696,-652,-1008
2026-05-25 06:24:48,16720,-696,-1040
2026-05-25 06:24:50,16696,-688,-1120
2026-05-25 06:24:52,16688,-668,-1064
2026-05-25 06:24:54,16692,-676,-1124
2026-05-25 06:24:56,16704,-756,-1044
2026-05-25 06:24:58,16716,-648,-1060
2026-05-25 06:25:00,16676,-680,-1104
2026-05-25 06:25:02,16644,-696,-1040
2026-05-25 06:25:04,16720,-632,-1136
2026-05-25 06:25:06,16744,-700,-1124
2026-05-25 06:25:08,16640,-672,-1104
2026-05-25 06:25:10,16700,-716,-1056
2026-05-25 06:25:12,16716,-660,-1092
2026-05-25 06:25:14,16700,-648,-1048
2026-05-25 06:25:16,16680,-632,-1040
2026-05-25 06:25:18,16704,-660,-1112
2026-05-25 06:25:20,16672,-656,-1204
2026-05-25 06:25:22,16684,-660,-1148
2026-05-25 06:25:24,16676,-628,-1152
2026-05-25 06:25:26,16676,-664,-1088
2026-05-25 06:25:28,16704,-688,-1244
2026-05-25 06:25:30,16640,-692,-1116
2026-05-25 06:25:32,16668,-716,-1108
2026-05-25 06:25:34,16708,-700,-1096
2026-05-25 06:25:36,16728,-716,-1052
2026-05-25 06:25:38,16692,-656,-1120
2026-05-25 06:25:40,16676,-676,-1096
2026-05-25 06:25:42,16716,-676,-1132
2026-05-25 06:25:44,16692,-672,-1136
2026-05-25 06:25:46,16652,-712,-1092
2026-05-25 06:25:48,16704,-732,-1128
2026-05-25 06:25:50,16708,-632,-1096
2026-05-25 06:25:52,16708,-684,-1132
2026-05-25 06:25:54,16740,-668,-1116
2026-05-25 06:25:56,16736,-692,-1100
2026-05-25 06:25:58,16640,-632,-1172
2026-05-25 06:26:00,16708,-632,-1108
2026-05-25 06:26:02,16732,-660,-1176
2026-05-25 06:26:04,16712,-636,-1052
2026-05-25 06:26:06,16708,-700,-1192
2026-05-25 06:26:08,16744,-664,-1068
2026-05-25 06:26:10,16708,-668,-1072
2026-05-25 06:26:12,16672,-720,-1064
2026-05-25 06:26:14,16704,-676,-1088
2026-05-25 06:26:16,16696,-692,-1008
2026-05-25 06:26:18,16708,-688,-1136
2026-05-25 06:26:20,16676,-708,-1148
2026-05-25 06:26:22,16692,-676,-1040
2026-05-25 06:26:24,16684,-672,-1024
2026-05-25 06:26:26,16640,-664,-1000
2026-05-25 06:26:28,16652,-680,-1116
2026-05-25 06:26:30,16748,-680,-1044
2026-05-25 06:26:32,16764,-656,-1056
2026-05-25 06:26:34,16680,-624,-1092
2026-05-25 06:26:36,16692,-668,-1168
2026-05-25 06:26:38,16720,-676,-1112
2026-05-25 06:26:40,16720,-720,-1044
2026-05-25 06:26:42,16660,-632,-1092
2026-05-25 06:26:44,16676,-604,-1160
2026-05-25 06:26:46,16756,-664,-1156
2026-05-25 06:26:48,16688,-656,-1112
2026-05-25 06:26:50,16688,-684,-1088
2026-05-25 06:26:52,16688,-688,-1012
2026-05-25 06:26:54,16660,-672,-1116
2026-05-25 06:26:56,16620,-668,-1152
2026-05-25 06:26:58,16720,-652,-1140
2026-05-25 06:27:00,16736,-736,-1000
2026-05-25 06:27:02,16696,-672,-1088
2026-05-25 06:27:04,16708,-624,-1096
2026-05-25 06:27:06,16716,-632,-1032
2026-05-25 06:27:08,16668,-684,-1132
2026-05-25 06:27:10,16724,-716,-1044
2026-05-25 06:27:12,16708,-724,-1060
2026-05-25 06:27:14,16712,-748,-1036
2026-05-25 06:27:16,16712,-692,-1112
2026-05-25 06:27:18,16704,-680,-1156
2026-05-25 06:27:20,16636,-636,-1084
2026-05-25 06:27:22,16660,-668,-1112
2026-05-25 06:27:24,16724,-752,-1120
2026-05-25 06:27:26,16752,-728,-1112
2026-05-25 06:27:28,16688,-656,-1056
2026-05-25 06:27:30,16684,-668,-1052
2026-05-25 06:27:32,16764,-704,-1084
2026-05-25 06:27:34,16712,-652,-960
2026-05-25 06:27:36,16608,-676,-1100
2026-05-25 06:27:38,16688,-636,-1108
2026-05-25 06:27:40,16688,-672,-1160
2026-05-25 06:27:42,16672,-696,-1092
2026-05-25 06:27:44,16692,-636,-1072
2026-05-25 06:27:46,16744,-688,-1000
2026-05-25 06:27:48,16700,-664,-1124
2026-05-25 06:27:50,16740,-620,-1092
2026-05-25 06:27:52,16628,-640,-1048
2026-05-25 06:27:54,16656,-684,-1160
2026-05-25 06:27:56,16728,-744,-1076
2026-05-25 06:27:58,16688,-696,-1152
2026-05-25 06:28:00,16712,-756,-1020
2026-05-25 06:28:02,16700,-644,-1092
2026-05-25 06:28:04,16712,-728,-1120
2026-05-25 06:28:06,16704,-684,-1108
2026-05-25 06:28:08,16692,-704,-1088
2026-05-25 06:28:10,16724,-676,-1156
2026-05-25 06:28:12,16652,-704,-1156
2026-05-25 06:28:14,16640,-736,-1060
2026-05-25 06:28:16,16704,-652,-1056
2026-05-25 06:28:18,16652,-684,-1056
2026-05-25 06:28:20,16708,-692,-1012
2026-05-25 06:28:22,16744,-684,-1112
2026-05-25 06:28:24,16708,-676,-988
2026-05-25 06:28:26,16660,-648,-1084
2026-05-25 06:28:28,16648,-644,-1056
2026-05-25 06:28:30,16660,-620,-1024
2026-05-25 06:28:32,16660,-620,-1112
2026-05-25 06:28:34,16700,-668,-1068
2026-05-25 06:28:36,16676,-672,-1196
2026-05-25 06:28:38,16728,-676,-1144
2026-05-25 06:28:40,16700,-660,-1100
2026-05-25 06:28:42,16652,-644,-1048
2026-05-25 06:28:44,16668,-696,-1116
2026-05-25 06:28:46,16664,-728,-1128
2026-05-25 06:28:48,16688,-676,-1128
2026-05-25 06:28:50,16728,-656,-1040
2026-05-25 06:28:52,16740,-688,-1160
2026-05-25 06:28:54,16672,-676,-1108
2026-05-25 06:28:56,16648,-684,-1140
2026-05-25 06:28:58,16676,-700,-1004
2026-05-25 06:29:00,16704,-668,-1120
2026-05-25 06:29:02,16728,-724,-1088
2026-05-25 06:29:04,16712,-624,-1024
2026-05-25 06:29:06,16780,-716,-1080
2026-05-25 06:29:08,16732,-688,-1052
2026-05-25 06:29:10,16668,-680,-1100
2026-05-25 06:29:12,16680,-640,-1036
2026-05-25 06:29:14,16684,-744,-1072
2026-05-25 06:29:16,16660,-696,-1120
2026-05-25 06:29:18,16708,-644,-1148
2026-05-25 06:29:20,16628,-636,-1036
2026-05-25 06:29:22,16672,-688,-976
2026-05-25 06:29:24,16612,-644,-1176
2026-05-25 06:29:26,16720,-704,-1044
2026-05-25 06:29:28,16688,-652,-1092
2026-05-25 06:29:30,16688,-708,-1088
2026-05-25 06:29:32,16700,-680,-1052
2026-05-25 06:29:34,16740,-620,-1012
2026-05-25 06:29:36,16664,-660,-1008
2026-05-25 06:29:38,16680,-736,-1152
2026-05-25 06:29:40,16672,-720,-1076
2026-05-25 06:29:42,16756,-708,-1064
2026-05-25 06:29:44,16700,-612,-1124
2026-05-25 06:29:46,16616,-608,-1036
2026-05-25 06:29:48,16716,-700,-1092
2026-05-25 06:29:50,16680,-660,-1072
2026-05-25 06:29:52,16724,-712,-1064
2026-05-25 06:29:54,16744,-672,-1200
2026-05-25 06:29:56,16712,-664,-1076
2026-05-25 06:29:58,16700,-640,-972
2026-05-25 06:30:00,16724,-660,-1172
2026-05-25 06:30:02,16712,-684,-1064
2026-05-25 06:30:04,16732,-652,-1112
2026-05-25 06:30:06,16756,-684,-1032
2026-05-25 06:30:08,16636,-676,-1136
2026-05-25 06:30:10,16728,-660,-1044
2026-05-25 06:30:12,16724,-704,-1152
2026-05-25 06:30:14,16716,-688,-1144
2026-05-25 06:30:16,16692,-684,-1012
2026-05-25 06:30:18,16724,-680,-1024
2026-05-25 06:30:20,16712,-664,-972
2026-05-25 06:30:22,16712,-672,-1064
2026-05-25 06:30:24,16700,-680,-1072
2026-05-25 06:30:26,16740,-632,-996
2026-05-25 06:30:28,16724,-688,-1120
2026-05-25 06:30:30,16652,-612,-1100
2026-05-25 06:30:32,16740,-716,-1104
2026-05-25 06:30:34,16664,-652,-1132
2026-05-25 06:30:36,16668,-640,-1140
2026-05-25 06:30:38,16728,-624,-1032
2026-05-25 06:30:40,16652,-688,-1084
2026-05-25 06:30:42,16680,-684,-1092
2026-05-25 06:30:44,16732,-688,-1096
2026-05-25 06:30:46,16736,-664,-1076
2026-05-25 06:30:48,16696,-628,-1092
2026-05-25 06:30:50,16704,-652,-1020
2026-05-25 06:30:52,16692,-688,-1152
2026-05-25 06:30:54,16676,-708,-1032
2026-05-25 06:30:56,16676,-660,-1068
2026-05-25 06:30:58,16656,-688,-1112
2026-05-25 06:31:00,16644,-640,-1028
2026-05-25 06:31:02,16680,-684,-1176
2026-05-25 06:31:04,16728,-700,-1004
2026-05-25 06:31:06,16684,-636,-1148
2026-05-25 06:31:08,16644,-692,-1152
2026-05-25 06:31:10,16704,-668,-1048
2026-05-25 06:31:12,16756,-688,-1148
2026-05-25 06:31:14,16684,-684,-1120
2026-05-25 06:31:16,16716,-676,-1056
2026-05-25 06:31:18,16744,-700,-1020
2026-05-25 06:31:20,16708,-700,-1088
2026-05-25 06:31:22,16768,-656,-1116
2026-05-25 06:31:24,16696,-616,-1084
2026-05-25 06:31:26,16744,-692,-1052
2026-05-25 06:31:28,16724,-668,-1152
2026-05-25 06:31:30,16736,-648,-1044
2026-05-25 06:31:32,16748,-696,-1132
2026-05-25 06:31:34,16688,-628,-1040
2026-05-25 06:31:36,16664,-620,-1116
2026-05-25 06:31:38,16728,-668,-1100
2026-05-25 06:31:40,16720,-680,-1056
2026-05-25 06:31:42,16756,-724,-1036
2026-05-25 06:31:44,16712,-668,-1096
2026-05-25 06:31:46,16688,-692,-1128
2026-05-25 06:31:48,16700,-700,-1088
2026-05-25 06:31:50,16684,-660,-1072
2026-05-25 06:31:52,16704,-668,-1088
2026-05-25 06:31:54,16624,-684,-1048
2026-05-25 06:31:56,16692,-672,-1176
2026-05-25 06:31:58,16652,-680,-1120
2026-05-25 06:32:00,16680,-660,-1132
2026-05-25 06:32:02,16716,-604,-1136
2026-05-25 06:32:04,16688,-668,-1128
2026-05-25 06:32:06,16748,-648,-1028
2026-05-25 06:32:08,16628,-624,-1052
2026-05-25 06:32:10,16688,-604,-1100
2026-05-25 06:32:12,16656,-684,-1036
2026-05-25 06:32:14,16652,-720,-1096
2026-05-25 06:32:16,16664,-712,-1160
2026-05-25 06:32:18,16712,-692,-1176
2026-05-25 06:32:20,16664,-660,-1040
2026-05-25 06:32:22,16660,-696,-1160
2026-05-25 06:32:24,16712,-668,-1164
2026-05-25 06:32:26,16716,-668,-1028
2026-05-25 06:32:28,16684,-680,-1176
2026-05-25 06:32:30,16632,-656,-1084
2026-05-25 06:32:32,16700,-660,-1136
2026-05-25 06:32:34,16696,-720,-1036
2026-05-25 06:32:36,16672,-624,-1064
2026-05-25 06:32:38,16672,-684,-1076
2026-05-25 06:32:40,16712,-684,-1032
2026-05-25 06:32:42,16724,-688,-1212
2026-05-25 06:32:44,16700,-740,-1152
2026-05-25 06:32:46,16688,-688,-1128
2026-05-25 06:32:48,16700,-588,-1016
2026-05-25 06:32:50,16728,-640,-1136
2026-05-25 06:32:52,16680,-720,-1044
2026-05-25 06:32:54,16644,-660,-1116
2026-05-25 06:32:56,16668,-688,-1072
2026-05-25 06:32:58,16664,-656,-1060
2026-05-25 06:33:00,16704,-696,-1060
2026-05-25 06:33:02,16700,-684,-976
2026-05-25 06:33:04,16736,-684,-1040
2026-05-25 06:33:06,16676,-748,-1176
2026-05-25 06:33:08,16696,-700,-1144
2026-05-25 06:33:10,16644,-692,-1072
2026-05-25 06:33:12,16684,-668,-1088
2026-05-25 06:33:14,16708,-648,-1068
2026-05-25 06:33:16,16660,-644,-1064
2026-05-25 06:33:18,16740,-668,-1036
2026-05-25 06:33:20,16700,-648,-1012
2026-05-25 06:33:22,16680,-680,-1092
2026-05-25 06:33:24,16700,-728,-1092
2026-05-25 06:33:26,16728,-720,-1092
2026-05-25 06:33:28,16728,-720,-1056
2026-05-25 06:33:30,16624,-712,-1164
2026-05-25 06:33:32,16692,-776,-1140
2026-05-25 06:33:34,16688,-676,-1072
2026-05-25 06:33:36,16680,-672,-1096
2026-05-25 06:33:38,16660,-700,-992
2026-05-25 06:33:40,16648,-716,-1200
2026-05-25 06:33:42,16736,-668,-1096
2026-05-25 06:33:44,16688,-616,-1140
2026-05-25 06:33:46,16620,-708,-1044
2026-05-25 06:33:48,16708,-676,-1112
2026-05-25 06:33:50,16696,-704,-1076
2026-05-25 06:33:52,16696,-612,-996
2026-05-25 06:33:54,16728,-672,-1072
2026-05-25 06:33:56,16628,-660,-1148
2026-05-25 06:33:58,16712,-620,-1148
2026-05-25 06:34:00,16740,-652,-1128
2026-05-25 06:34:02,16732,-628,-1048
2026-05-25 06:34:04,16760,-712,-1112
2026-05-25 06:34:06,16724,-632,-1092
2026-05-25 06:34:08,16680,-680,-1200
2026-05-25 06:34:10,16692,-736,-1068
2026-05-25 06:34:12,16672,-664,-1164
2026-05-25 06:34:14,16684,-636,-1044
2026-05-25 06:34:16,16676,-684,-1056
2026-05-25 06:34:18,16700,-676,-1036
2026-05-25 06:34:20,16668,-648,-1060
2026-05-25 06:34:22,16660,-668,-988
2026-05-25 06:34:24,16744,-736,-1108
2026-05-25 06:34:26,16720,-680,-1020
2026-05-25 06:34:28,16640,-708,-1156
2026-05-25 06:34:30,16688,-616,-1132
2026-05-25 06:34:32,16724,-676,-1060
2026-05-25 06:34:34,16724,-680,-1040
2026-05-25 06:34:36,16644,-676,-1164
2026-05-25 06:34:38,16660,-672,-984
2026-05-25 06:34:40,16708,-672,-1108
2026-05-25 06:34:42,16672,-736,-1116
2026-05-25 06:34:44,16612,-672,-1068
2026-05-25 06:34:46,16756,-692,-1092
2026-05-25 06:34:48,16728,-632,-1080
2026-05-25 06:34:50,16712,-628,-984
2026-05-25 06:34:52,16716,-620,-1096
2026-05-25 06:34:54,16756,-628,-984
2026-05-25 06:34:56,16700,-724,-1144
2026-05-25 06:34:58,16732,-648,-1148
2026-05-25 06:35:00,16704,-740,-1068
2026-05-25 06:35:02,16684,-644,-1040
2026-05-25 06:35:04,16684,-676,-1084
2026-05-25 06:35:06,16652,-644,-1088
2026-05-25 06:35:08,16704,-668,-1164
2026-05-25 06:35:10,16664,-708,-1076
2026-05-25 06:35:12,16700,-652,-1104
2026-05-25 06:35:14,16672,-672,-1156
2026-05-25 06:35:16,16692,-644,-1112
2026-05-25 06:35:18,16712,-664,-1056
2026-05-25 06:35:20,16680,-652,-1140
2026-05-25 06:35:22,16664,-668,-1084
2026-05-25 06:35:24,16684,-724,-1044
2026-05-25 06:35:26,16696,-656,-1108
2026-05-25 06:35:28,16692,-660,-1144
2026-05-25 06:35:30,16696,-668,-928
2026-05-25 06:35:32,16684,-640,-1084
2026-05-25 06:35:34,16684,-708,-1156
2026-05-25 06:35:36,16672,-656,-1144
2026-05-25 06:35:38,16668,-684,-1144
2026-05-25 06:35:40,16656,-680,-1060
2026-05-25 06:35:42,16648,-612,-1080
2026-05-25 06:35:44,16728,-648,-1064
2026-05-25 06:35:46,16708,-632,-1124
2026-05-25 06:35:48,16696,-636,-1180
2026-05-25 06:35:50,16644,-600,-1028
2026-05-25 06:35:52,16708,-704,-1044
2026-05-25 06:35:54,16620,-672,-1052
2026-05-25 06:35:56,16728,-688,-1132
2026-05-25 06:35:58,16728,-636,-1080
2026-05-25 06:36:00,16700,-704,-1148
2026-05-25 06:36:02,16656,-672,-1136
2026-05-25 06:36:04,16672,-680,-1036
2026-05-25 06:36:06,16688,-672,-1092
2026-05-25 06:36:08,16756,-724,-1060
2026-05-25 06:36:10,16688,-692,-1112
2026-05-25 06:36:12,16668,-660,-1032
2026-05-25 06:36:14,16732,-604,-1000
2026-05-25 06:36:16,16700,-656,-1064
2026-05-25 06:36:18,16692,-708,-1028
2026-05-25 06:36:20,16636,-644,-1148
2026-05-25 06:36:22,16664,-628,-1044
2026-05-25 06:36:24,16732,-628,-1040
2026-05-25 06:36:26,16676,-672,-1096
2026-05-25 06:36:28,16700,-648,-1072
2026-05-25 06:36:30,16688,-624,-1076
2026-05-25 06:36:32,16704,-680,-1096
2026-05-25 06:36:34,16700,-624,-1164
2026-05-25 06:36:36,16696,-640,-1108
2026-05-25 06:36:38,16740,-700,-1140
2026-05-25 06:36:40,16720,-696,-1160
2026-05-25 06:36:42,16668,-684,-1072
2026-05-25 06:36:44,16776,-668,-1000
2026-05-25 06:36:46,16680,-648,-1120
2026-05-25 06:36:48,16704,-720,-1140
2026-05-25 06:36:50,16664,-648,-1104
2026-05-25 06:36:52,16704,-628,-1020
2026-05-25 06:36:54,16748,-588,-1032
2026-05-25 06:36:56,16680,-684,-1116
2026-05-25 06:36:58,16744,-664,-1112
2026-05-25 06:37:00,16724,-640,-1124
2026-05-25 06:37:02,16708,-724,-1020
2026-05-25 06:37:04,16692,-648,-1096
2026-05-25 06:37:06,16692,-596,-1092
2026-05-25 06:37:08,16696,-580,-1040
2026-05-25 06:37:10,16620,-696,-1096
2026-05-25 06:37:12,16708,-640,-1060
2026-05-25 06:37:14,16676,-696,-1020
2026-05-25 06:37:16,16688,-720,-1260
2026-05-25 06:37:18,16656,-672,-1164
2026-05-25 06:37:20,16660,-592,-1104
2026-05-25 06:37:22,16684,-628,-1088
2026-05-25 06:37:24,16692,-644,-1072
2026-05-25 06:37:26,16752,-648,-1092
2026-05-25 06:37:28,16672,-644,-1100
2026-05-25 06:37:30,16688,-640,-1160
2026-05-25 06:37:32,16756,-660,-1172
2026-05-25 06:37:34,16632,-644,-1016
2026-05-25 06:37:36,16740,-648,-976
2026-05-25 06:37:38,16664,-680,-1092
2026-05-25 06:37:40,16680,-696,-1172
2026-05-25 06:37:42,16664,-704,-1136
2026-05-25 06:37:44,16752,-700,-960
2026-05-25 06:37:46,16728,-684,-1036
2026-05-25 06:37:48,16700,-616,-1132
2026-05-25 06:37:50,16700,-656,-1004
2026-05-25 06:37:52,16672,-668,-1032
2026-05-25 06:37:54,16636,-660,-1096
2026-05-25 06:37:56,16720,-680,-1084
2026-05-25 06:37:58,16676,-668,-1044
2026-05-25 06:38:00,16740,-712,-1028
2026-05-25 06:38:02,16696,-656,-1044
2026-05-25 06:38:04,16684,-720,-1076
2026-05-25 06:38:06,16716,-644,-1024
2026-05-25 06:38:08,16704,-680,-1004
2026-05-25 06:38:10,16748,-640,-1148
2026-05-25 06:38:12,16680,-684,-1056
2026-05-25 06:38:14,16660,-648,-1124
2026-05-25 06:38:16,16600,-612,-1060
2026-05-25 06:38:18,16764,-660,-1172
2026-05-25 06:38:20,16728,-652,-1004
2026-05-25 06:38:22,16656,-660,-1060
2026-05-25 06:38:24,16704,-716,-1064
2026-05-25 06:38:26,16760,-588,-1084
2026-05-25 06:38:28,16756,-628,-1196
2026-05-25 06:38:30,16676,-700,-1140
2026-05-25 06:38:32,16708,-652,-1092
2026-05-25 06:38:34,16732,-732,-1152
2026-05-25 06:38:36,16660,-652,-1124
2026-05-25 06:38:38,16704,-680,-1032
2026-05-25 06:38:40,16664,-684,-1076
2026-05-25 06:38:42,16676,-696,-1116
2026-05-25 06:38:44,16708,-712,-1196
2026-05-25 06:38:46,16660,-656,-1008
2026-05-25 06:38:48,16700,-660,-1108
2026-05-25 06:38:50,16676,-652,-1144
2026-05-25 06:38:52,16704,-644,-1064
2026-05-25 06:38:54,16688,-612,-1068
2026-05-25 06:38:56,16736,-696,-1032
2026-05-25 06:38:58,16712,-700,-1080
2026-05-25 06:39:00,16676,-688,-992
2026-05-25 06:39:02,16660,-636,-1128
2026-05-25 06:39:04,16660,-728,-1208
2026-05-25 06:39:06,16704,-676,-1064
2026-05-25 06:39:08,16704,-688,-1128
2026-05-25 06:39:10,16716,-684,-1112
2026-05-25 06:39:12,16752,-656,-1156
2026-05-25 06:39:14,16732,-684,-1024
2026-05-25 06:39:16,16716,-684,-1168
2026-05-25 06:39:18,16708,-668,-1160
2026-05-25 06:39:20,16660,-672,-1112
2026-05-25 06:39:22,16712,-712,-1004
2026-05-25 06:39:24,16700,-692,-1060
2026-05-25 06:39:26,16628,-656,-1128
2026-05-25 06:39:28,16684,-632,-1084
2026-05-25 06:39:30,16720,-616,-1096
2026-05-25 06:39:32,16668,-684,-1060
2026-05-25 06:39:34,16704,-664,-1084
2026-05-25 06:39:36,16612,-704,-1136
2026-05-25 06:39:38,16600,-676,-1092
2026-05-25 06:39:40,16652,-672,-1080
2026-05-25 06:39:42,16700,-664,-1096
2026-05-25 06:39:44,16720,-676,-1108
2026-05-25 06:39:46,16712,-636,-1160
2026-05-25 06:39:48,16776,-712,-1076
2026-05-25 06:39:50,16668,-572,-1108
2026-05-25 06:39:52,16704,-612,-1124
2026-05-25 06:39:54,16716,-676,-1036
2026-05-25 06:39:56,16688,-692,-1020
2026-05-25 06:39:58,16732,-688,-1108
2026-05-25 06:40:00,16724,-704,-1060
2026-05-25 06:40:02,16664,-660,-1040
2026-05-25 06:40:04,16640,-620,-1044
2026-05-25 06:40:06,16720,-692,-1080
2026-05-25 06:40:08,16648,-668,-1092
2026-05-25 06:40:10,16728,-676,-1068
2026-05-25 06:40:12,16632,-668,-1024
2026-05-25 06:40:14,16668,-668,-1164
2026-05-25 06:40:16,16712,-724,-1052
2026-05-25 06:40:18,16708,-644,-1120
2026-05-25 06:40:20,16704,-760,-1120
2026-05-25 06:40:22,16724,-704,-1164
2026-05-25 06:40:24,16704,-704,-972
2026-05-25 06:40:26,16692,-692,-1068
2026-05-25 06:40:28,16704,-636,-1116
2026-05-25 06:40:30,16720,-652,-1096
2026-05-25 06:40:32,16716,-692,-1000
2026-05-25 06:40:34,16740,-712,-1024
2026-05-25 06:40:36,16636,-676,-1076
2026-05-25 06:40:38,16740,-660,-1004
2026-05-25 06:40:40,16760,-716,-1068
2026-05-25 06:40:42,16708,-696,-1036
2026-05-25 06:40:44,16660,-668,-1116
2026-05-25 06:40:46,16740,-636,-1152
2026-05-25 06:40:48,16636,-832,-968
2026-05-25 06:40:50,16784,-600,-1112
2026-05-25 06:40:52,16728,-684,-1168
2026-05-25 06:40:54,16672,-620,-1192
2026-05-25 06:40:56,16728,-640,-1128
2026-05-25 06:40:58,16724,-692,-1048
2026-05-25 06:41:00,16744,-692,-1016
2026-05-25 06:41:02,16752,-700,-1088
2026-05-25 06:41:04,16680,-656,-1136
2026-05-25 06:41:06,16668,-848,-496
2026-05-25 06:41:08,16716,-680,-1048
2026-05-25 06:41:10,16672,-696,-996
2026-05-25 06:41:12,16660,-740,-1096
2026-05-25 06:41:14,16732,-656,-1084
2026-05-25 06:41:16,16716,-632,-1160
2026-05-25 06:41:18,16712,-740,-1100
2026-05-25 06:41:20,16684,-716,-1164
2026-05-25 06:41:22,16712,-652,-1004
2026-05-25 06:41:24,16756,-680,-1084
2026-05-25 06:41:26,16684,-652,-1140
2026-05-25 06:41:28,16708,-684,-1144
2026-05-25 06:41:30,16716,-636,-1044
2026-05-25 06:41:32,16696,-696,-1076
2026-05-25 06:41:34,16700,-708,-1076
2026-05-25 06:41:36,16668,-644,-1104
2026-05-25 06:41:38,16732,-736,-1252
2026-05-25 06:41:40,16712,-716,-1148
2026-05-25 06:41:42,16644,-672,-1048
2026-05-25 06:41:44,16696,-672,-1016
2026-05-25 06:41:46,16620,-676,-1132
2026-05-25 06:41:48,16692,-704,-1044
2026-05-25 06:41:50,16720,-724,-1120
2026-05-25 06:41:52,16680,-708,-1080
2026-05-25 06:41:54,16700,-720,-1140
2026-05-25 06:41:56,16712,-680,-1024
2026-05-25 06:41:58,16676,-700,-1088
2026-05-25 06:42:00,16724,-744,-1128
2026-05-25 06:42:02,16716,-672,-1048
2026-05-25 06:42:04,16720,-784,-1108
2026-05-25 06:42:06,16700,-652,-1120
2026-05-25 06:42:08,16708,-676,-1156
2026-05-25 06:42:10,16676,-684,-1140
2026-05-25 06:42:12,16732,-760,-1024
2026-05-25 06:42:14,16688,-708,-1060
2026-05-25 06:42:16,16744,-740,-1072
2026-05-25 06:42:18,16668,-732,-1056
2026-05-25 06:42:20,16692,-712,-1152
2026-05-25 06:42:22,16696,-680,-1028
2026-05-25 06:42:24,16752,-716,-1140
2026-05-25 06:42:26,16724,-712,-1136
2026-05-25 06:42:28,16676,-728,-1048
2026-05-25 06:42:30,16736,-776,-1164
2026-05-25 06:42:32,16660,-684,-1100
2026-05-25 06:42:34,16716,-716,-1108
2026-05-25 06:42:36,16756,-712,-1084
2026-05-25 06:42:38,16708,-696,-1092
2026-05-25 06:42:40,16676,-720,-1104
2026-05-25 06:42:42,16724,-780,-1160
2026-05-25 06:42:44,16648,-660,-1012
2026-05-25 06:42:46,16640,-676,-1184
2026-05-25 06:42:48,16656,-712,-1076
2026-05-25 06:42:50,16720,-688,-1056
2026-05-25 06:42:52,16764,-736,-1120
2026-05-25 06:42:54,16672,-656,-1112
2026-05-25 06:42:56,16664,-732,-1196
2026-05-25 06:42:58,16692,-708,-1216
2026-05-25 06:43:00,16744,-704,-1060
2026-05-25 06:43:02,16724,-712,-1084
2026-05-25 06:43:04,16648,-684,-1180
2026-05-25 06:43:06,16716,-684,-1148
2026-05-25 06:43:08,16700,-708,-1044
2026-05-25 06:43:10,16728,-684,-1028
2026-05-25 06:43:12,16728,-704,-1068
2026-05-25 06:43:14,16692,-668,-1196
2026-05-25 06:43:16,16668,-704,-1116
2026-05-25 06:43:18,16748,-708,-1096
2026-05-25 06:43:20,16696,-692,-1008
2026-05-25 06:43:22,16652,-716,-1164
2026-05-25 06:43:24,16712,-684,-1056
2026-05-25 06:43:26,16664,-684,-1092
2026-05-25 06:43:28,16712,-760,-1128
2026-05-25 06:43:30,16636,-748,-1136
2026-05-25 06:43:32,16636,-756,-1068
2026-05-25 06:43:34,16704,-732,-1184
2026-05-25 06:43:36,16628,-688,-1068
2026-05-25 06:43:38,16648,-624,-1112
2026-05-25 06:43:40,16644,-704,-1120
2026-05-25 06:43:42,16700,-772,-1072
2026-05-25 06:43:44,16720,-704,-1056
2026-05-25 06:43:46,16688,-672,-1056
2026-05-25 06:43:48,16708,-704,-1128
2026-05-25 06:43:50,16656,-648,-1112
2026-05-25 06:43:52,16732,-684,-1040
2026-05-25 06:43:54,16724,-716,-1028
2026-05-25 06:43:56,16724,-672,-1088
2026-05-25 06:43:58,16676,-680,-1080
2026-05-25 06:44:00,16764,-724,-1184
2026-05-25 06:44:02,16704,-620,-964
2026-05-25 06:44:04,16716,-688,-1076
2026-05-25 06:44:06,16668,-676,-1036
2026-05-25 06:44:08,16672,-756,-1060
2026-05-25 06:44:10,16656,-736,-980
2026-05-25 06:44:12,16716,-724,-1096
2026-05-25 06:44:14,16716,-640,-1112
2026-05-25 06:44:16,16672,-684,-1160
2026-05-25 06:44:18,16624,-712,-1032
2026-05-25 06:44:20,16680,-644,-1052
2026-05-25 06:44:22,16708,-676,-1044
2026-05-25 06:44:24,16732,-684,-1024
2026-05-25 06:44:26,16660,-688,-1136
2026-05-25 06:44:28,16680,-704,-1156
2026-05-25 06:44:30,16672,-700,-1144
2026-05-25 06:44:32,16736,-724,-1152
2026-05-25 06:44:34,16712,-676,-1004
2026-05-25 06:44:36,16736,-672,-1140
2026-05-25 06:44:38,16664,-764,-1112
2026-05-25 06:44:40,16736,-676,-1004
2026-05-25 06:44:42,16784,-692,-1112
2026-05-25 06:44:44,16744,-744,-992
2026-05-25 06:44:46,16680,-732,-1076
2026-05-25 06:44:48,16708,-728,-1132
2026-05-25 06:44:50,16700,-720,-1144
2026-05-25 06:44:52,16740,-728,-1060
2026-05-25 06:44:54,16676,-660,-1124
2026-05-25 06:44:56,16768,-632,-1020
2026-05-25 06:44:58,16744,-696,-1144
2026-05-25 06:45:00,16736,-716,-1104
2026-05-25 06:45:02,16676,-692,-1116
2026-05-25 06:45:04,16692,-668,-1068
2026-05-25 06:45:06,16692,-728,-1120
2026-05-25 06:45:08,16652,-696,-1068
2026-05-25 06:45:10,16664,-676,-1124
2026-05-25 06:45:12,16676,-700,-1048
2026-05-25 06:45:14,16732,-768,-1116
2026-05-25 06:45:16,16664,-668,-1136
2026-05-25 06:45:18,16744,-680,-1072
2026-05-25 06:45:20,16696,-680,-1136
2026-05-25 06:45:22,16752,-700,-1100
2026-05-25 06:45:24,16644,-704,-1136
2026-05-25 06:45:26,16728,-680,-1124
2026-05-25 06:45:28,16716,-680,-1076
2026-05-25 06:45:30,16704,-748,-1072
2026-05-25 06:45:32,16672,-676,-1096
2026-05-25 06:45:34,16704,-772,-1168
2026-05-25 06:45:36,16736,-644,-1124
2026-05-25 06:45:38,16660,-720,-1156
2026-05-25 06:45:40,16688,-720,-1120
2026-05-25 06:45:42,16720,-700,-1068
2026-05-25 06:45:44,16680,-724,-1016
2026-05-25 06:45:46,16776,-668,-1048
2026-05-25 06:45:48,16700,-692,-1092
2026-05-25 06:45:50,16680,-660,-1156
2026-05-25 06:45:52,16648,-728,-1156
2026-05-25 06:45:54,16680,-712,-1136
2026-05-25 06:45:56,16640,-772,-1176
2026-05-25 06:45:58,16696,-708,-1180
2026-05-25 06:46:00,16664,-656,-1136
2026-05-25 06:46:02,16700,-716,-1168
2026-05-25 06:46:04,16700,-672,-1084
2026-05-25 06:46:06,16692,-708,-1108
2026-05-25 06:46:08,16700,-748,-1184
2026-05-25 06:46:10,16724,-724,-1120
2026-05-25 06:46:12,16752,-708,-1040
2026-05-25 06:46:14,16624,-716,-1032
2026-05-25 06:46:16,16720,-680,-1112
2026-05-25 06:46:18,16720,-692,-1228
2026-05-25 06:46:20,16748,-664,-1200
2026-05-25 06:46:22,16688,-716,-1152
2026-05-25 06:46:24,16656,-712,-1092
2026-05-25 06:46:26,16712,-640,-1180
2026-05-25 06:46:28,16668,-696,-1088
2026-05-25 06:46:30,16740,-708,-1128
2026-05-25 06:46:32,16744,-740,-1144
2026-05-25 06:46:34,16648,-708,-1128
2026-05-25 06:46:36,16708,-712,-1188
2026-05-25 06:46:38,16700,-724,-1092
2026-05-25 06:46:40,16684,-736,-1176
2026-05-25 06:46:42,16688,-740,-1132
2026-05-25 06:46:44,16676,-632,-1052
2026-05-25 06:46:46,16700,-704,-1104
2026-05-25 06:46:48,16668,-708,-1072
2026-05-25 06:46:50,16652,-748,-1116
2026-05-25 06:46:52,16724,-724,-1120
2026-05-25 06:46:54,16752,-684,-1064
2026-05-25 06:46:56,16680,-688,-1032
2026-05-25 06:46:58,16712,-700,-1116
2026-05-25 06:47:00,16696,-636,-1112
2026-05-25 06:47:02,16736,-712,-1192
2026-05-25 06:47:04,16680,-720,-1064
2026-05-25 06:47:06,16724,-696,-1012
2026-05-25 06:47:08,16692,-724,-1056
2026-05-25 06:47:10,16640,-684,-1100
2026-05-25 06:47:12,16724,-684,-1056
2026-05-25 06:47:14,16728,-692,-1104
2026-05-25 06:47:16,16728,-760,-1052
2026-05-25 06:47:18,16648,-680,-1124
2026-05-25 06:47:20,16704,-624,-1052
2026-05-25 06:47:22,16652,-692,-1136
2026-05-25 06:47:24,16652,-688,-1124
2026-05-25 06:47:26,16708,-716,-1104
2026-05-25 06:47:28,16744,-720,-1172
2026-05-25 06:47:30,16724,-672,-1132
2026-05-25 06:47:32,16708,-688,-1108
2026-05-25 06:47:34,16740,-648,-1084
2026-05-25 06:47:36,16680,-692,-1196
2026-05-25 06:47:38,16740,-720,-1132
2026-05-25 06:47:40,16704,-772,-1164
2026-05-25 06:47:42,16676,-676,-1108
2026-05-25 06:47:44,16724,-708,-1072
2026-05-25 06:47:46,16656,-664,-1060
2026-05-25 06:47:48,16680,-712,-1140
2026-05-25 06:47:50,16704,-704,-1208
2026-05-25 06:47:52,16704,-672,-1088
2026-05-25 06:47:54,16688,-704,-1080
2026-05-25 06:47:56,16752,-660,-1112
2026-05-25 06:47:58,16780,-732,-1188
2026-05-25 06:48:00,16696,-680,-1072
2026-05-25 06:48:02,16700,-768,-1128
2026-05-25 06:48:04,16692,-732,-1188
2026-05-25 06:48:06,16660,-708,-1056
2026-05-25 06:48:08,16692,-720,-1112
2026-05-25 06:48:10,16680,-732,-1160
2026-05-25 06:48:12,16728,-748,-1032
2026-05-25 06:48:14,16692,-720,-1116
2026-05-25 06:48:16,16704,-672,-1088
2026-05-25 06:48:18,16712,-668,-1136
2026-05-25 06:48:20,16688,-700,-1072
2026-05-25 06:48:22,16752,-700,-1096
2026-05-25 06:48:24,16688,-712,-1096
2026-05-25 06:48:26,16728,-712,-1144
2026-05-25 06:48:28,16716,-716,-1188
2026-05-25 06:48:30,16656,-680,-1112
2026-05-25 06:48:32,16680,-676,-1076
2026-05-25 06:48:34,16648,-724,-1080
2026-05-25 06:48:36,16668,-692,-1064
2026-05-25 06:48:38,16700,-728,-1076
2026-05-25 06:48:40,16712,-720,-1156
2026-05-25 06:48:42,16716,-716,-1140
2026-05-25 06:48:44,16684,-776,-1168
2026-05-25 06:48:46,16732,-708,-1128
2026-05-25 06:48:48,16716,-716,-1148
2026-05-25 06:48:50,16600,-648,-1096
2026-05-25 06:48:52,16724,-652,-1180
2026-05-25 06:48:54,16712,-724,-1036
2026-05-25 06:48:56,16688,-656,-1124
2026-05-25 06:48:58,16684,-652,-1160
2026-05-25 06:49:00,16684,-628,-1104
2026-05-25 06:49:02,16744,-676,-1028
2026-05-25 06:49:04,16684,-740,-1108
2026-05-25 06:49:06,16752,-732,-1076
2026-05-25 06:49:08,16732,-720,-1056
2026-05-25 06:49:10,16628,-680,-1192
2026-05-25 06:49:12,16712,-684,-1144
2026-05-25 06:49:14,16680,-688,-1132
2026-05-25 06:49:16,16668,-700,-1152
2026-05-25 06:49:18,16732,-748,-1132
2026-05-25 06:49:20,16696,-668,-1072
2026-05-25 06:49:22,16692,-648,-1160
2026-05-25 06:49:24,16688,-676,-996
2026-05-25 06:49:26,16720,-684,-1184
2026-05-25 06:49:28,16668,-708,-1104
2026-05-25 06:49:30,16668,-740,-1188
2026-05-25 06:49:32,16680,-688,-1072
2026-05-25 06:49:34,16704,-748,-1108
2026-05-25 06:49:36,16756,-620,-1040
2026-05-25 06:49:38,16664,-716,-1092
2026-05-25 06:49:40,16760,-744,-1136
2026-05-25 06:49:42,16656,-704,-1144
2026-05-25 06:49:44,16676,-788,-1104
2026-05-25 06:49:46,16676,-692,-1072
2026-05-25 06:49:48,16712,-680,-1064
2026-05-25 06:49:50,16680,-780,-1016
2026-05-25 06:49:52,16688,-704,-1120
2026-05-25 06:49:54,16672,-728,-1160
2026-05-25 06:49:56,16736,-700,-1124
2026-05-25 06:49:58,16728,-708,-1060
2026-05-25 06:50:00,16772,-684,-1064
2026-05-25 06:50:02,16672,-712,-1096
2026-05-25 06:50:04,16704,-688,-1096
2026-05-25 06:50:06,16704,-656,-1136
2026-05-25 06:50:08,16668,-668,-1084
2026-05-25 06:50:10,16732,-656,-1080
2026-05-25 06:50:12,16644,-760,-1088
2026-05-25 06:50:14,16752,-612,-1060
2026-05-25 06:50:16,16664,-692,-1068
2026-05-25 06:50:18,16656,-660,-1112
2026-05-25 06:50:20,16744,-688,-1068
2026-05-25 06:50:22,16684,-696,-1168
2026-05-25 06:50:24,16756,-756,-1092
2026-05-25 06:50:26,16728,-760,-1140
2026-05-25 06:50:28,16660,-696,-1052
2026-05-25 06:50:30,16716,-724,-1108
2026-05-25 06:50:32,16696,-688,-1132
2026-05-25 06:50:34,16672,-616,-1048
2026-05-25 06:50:36,16732,-696,-1144
2026-05-25 06:50:38,16740,-708,-1116
2026-05-25 06:50:40,16748,-708,-1052
2026-05-25 06:50:42,16688,-728,-1188
2026-05-25 06:50:44,16712,-736,-1032
2026-05-25 06:50:46,16712,-704,-1156
2026-05-25 06:50:48,16668,-740,-1088
2026-05-25 06:50:50,16680,-664,-1048
2026-05-25 06:50:52,16612,-692,-1112
2026-05-25 06:50:54,16708,-692,-1076
2026-05-25 06:50:56,16688,-696,-1172
2026-05-25 06:50:58,16676,-684,-1100
2026-05-25 06:51:00,16672,-728,-1236
2026-05-25 06:51:02,16648,-700,-1116
2026-05-25 06:51:04,16712,-680,-1136
2026-05-25 06:51:06,16752,-728,-1088
2026-05-25 06:51:08,16720,-676,-992
2026-05-25 06:51:10,16632,-688,-1056
2026-05-25 06:51:12,16652,-692,-1192
2026-05-25 06:51:14,16776,-632,-1104
2026-05-25 06:51:16,16712,-700,-1076
2026-05-25 06:51:18,16704,-676,-1124
2026-05-25 06:51:20,16672,-668,-1080
2026-05-25 06:51:22,16700,-708,-1140
2026-05-25 06:51:24,16728,-736,-1108
2026-05-25 06:51:26,16672,-652,-1048
2026-05-25 06:51:28,16684,-728,-1060
2026-05-25 06:51:30,16716,-740,-1076
2026-05-25 06:51:32,16680,-724,-1076
2026-05-25 06:51:34,16760,-684,-1036
2026-05-25 06:51:36,16760,-660,-1028
2026-05-25 06:51:38,16688,-704,-1124
2026-05-25 06:51:40,16644,-680,-1052
2026-05-25 06:51:42,16728,-732,-1172
2026-05-25 06:51:44,16720,-776,-1060
2026-05-25 06:51:46,16712,-688,-1160
2026-05-25 06:51:48,16668,-744,-1084
2026-05-25 06:51:50,16708,-712,-1132
2026-05-25 06:51:52,16680,-692,-1052
2026-05-25 06:51:54,16744,-756,-1020
2026-05-25 06:51:56,16700,-628,-1136
2026-05-25 06:51:58,16700,-716,-1112
2026-05-25 06:52:00,16640,-680,-1120
2026-05-25 06:52:02,16680,-696,-1128
2026-05-25 06:52:04,16680,-720,-996
2026-05-25 06:52:06,16748,-724,-1148
2026-05-25 06:52:08,16692,-704,-1144
2026-05-25 06:52:10,16720,-748,-1148
2026-05-25 06:52:12,16724,-728,-1200
2026-05-25 06:52:14,16676,-696,-1140
2026-05-25 06:52:16,16704,-712,-1088
2026-05-25 06:52:18,16652,-748,-1156
2026-05-25 06:52:20,16660,-724,-1132
2026-05-25 06:52:22,16752,-708,-1032
2026-05-25 06:52:24,16732,-692,-1092
2026-05-25 06:52:26,16680,-696,-1020
2026-05-25 06:52:28,16696,-732,-1132
2026-05-25 06:52:30,16680,-744,-1100
2026-05-25 06:52:32,16724,-708,-1092
2026-05-25 06:52:34,16656,-692,-1064
2026-05-25 06:52:36,16724,-680,-1088
2026-05-25 06:52:38,16668,-724,-1220
2026-05-25 06:52:40,16732,-764,-1208
2026-05-25 06:52:42,16796,-664,-1076
2026-05-25 06:52:44,16668,-732,-1104
2026-05-25 06:52:46,16732,-692,-1088
2026-05-25 06:52:48,16656,-768,-1188
2026-05-25 06:52:50,16712,-720,-1168
2026-05-25 06:52:52,16716,-672,-1080
2026-05-25 06:52:54,16684,-728,-1076
2026-05-25 06:52:56,16728,-724,-1088
2026-05-25 06:52:58,16680,-708,-1140
2026-05-25 06:53:00,16796,-708,-1144
2026-05-25 06:53:02,16696,-772,-1064
2026-05-25 06:53:04,16620,-708,-1116
2026-05-25 06:53:06,16692,-792,-1124
2026-05-25 06:53:08,16716,-700,-1068
2026-05-25 06:53:10,16712,-664,-1176
2026-05-25 06:53:12,16692,-716,-1176
2026-05-25 06:53:14,16684,-708,-1096
2026-05-25 06:53:16,16672,-756,-1180
2026-05-25 06:53:18,16648,-684,-1068
2026-05-25 06:53:20,16696,-696,-1096
2026-05-25 06:53:22,16716,-676,-1112
2026-05-25 06:53:24,16676,-668,-1140
2026-05-25 06:53:26,16680,-720,-1180
2026-05-25 06:53:28,16684,-708,-1112
2026-05-25 06:53:30,16696,-684,-1156
2026-05-25 06:53:32,16692,-728,-1160
2026-05-25 06:53:34,16676,-676,-1080
2026-05-25 06:53:36,16660,-652,-1084
2026-05-25 06:53:38,16692,-700,-1216
2026-05-25 06:53:40,16696,-672,-1024
2026-05-25 06:53:42,16712,-668,-1148
2026-05-25 06:53:44,16644,-688,-1096
2026-05-25 06:53:46,16768,-656,-1124
2026-05-25 06:53:48,16716,-688,-1140
2026-05-25 06:53:50,16624,-676,-1120
2026-05-25 06:53:52,16644,-712,-1060
2026-05-25 06:53:54,16728,-756,-932
2026-05-25 06:53:56,16600,-764,-1112
2026-05-25 06:53:58,16704,-660,-1136
2026-05-25 06:54:00,16676,-672,-1124
2026-05-25 06:54:02,16676,-644,-976
2026-05-25 06:54:04,16708,-784,-1124
2026-05-25 06:54:06,16664,-724,-1120
2026-05-25 06:54:08,16652,-684,-1040
2026-05-25 06:54:10,16672,-660,-1004
2026-05-25 06:54:12,16692,-680,-1092
2026-05-25 06:54:14,16680,-688,-1180
2026-05-25 06:54:16,16716,-712,-1096
2026-05-25 06:54:18,16680,-716,-1048
2026-05-25 06:54:20,16656,-660,-1064
2026-05-25 06:54:22,16676,-744,-1104
2026-05-25 06:54:24,16664,-704,-1052
2026-05-25 06:54:26,16640,-736,-1160
2026-05-25 06:54:28,16644,-696,-1032
2026-05-25 06:54:30,16696,-688,-1024
2026-05-25 06:54:32,16672,-740,-1188
2026-05-25 06:54:34,16688,-716,-1120
2026-05-25 06:54:36,16628,-708,-1024
2026-05-25 06:54:38,16744,-704,-1084
2026-05-25 06:54:40,16672,-728,-1112
2026-05-25 06:54:42,16740,-688,-1136
2026-05-25 06:54:44,16680,-692,-1124
2026-05-25 06:54:46,16664,-744,-1076
2026-05-25 06:54:48,16676,-684,-1220
2026-05-25 06:54:50,16664,-684,-1168
2026-05-25 06:54:52,16656,-696,-1016
2026-05-25 06:54:54,16660,-688,-1052
2026-05-25 06:54:56,16688,-756,-1148
2026-05-25 06:54:58,16680,-696,-1108
2026-05-25 06:55:00,16680,-684,-1148
2026-05-25 06:55:02,16668,-732,-1180
2026-05-25 06:55:04,16692,-688,-1080
2026-05-25 06:55:06,16732,-708,-1128
2026-05-25 06:55:08,16736,-712,-1124
2026-05-25 06:55:10,16704,-680,-1092
2026-05-25 06:55:12,16664,-704,-1088
2026-05-25 06:55:14,16672,-704,-1068
2026-05-25 06:55:16,16680,-676,-1144
2026-05-25 06:55:18,16660,-736,-1128
2026-05-25 06:55:20,16684,-664,-1100
2026-05-25 06:55:22,16668,-704,-1104
2026-05-25 06:55:24,16664,-712,-1116
2026-05-25 06:55:26,16668,-728,-1172
2026-05-25 06:55:28,16684,-648,-1004
2026-05-25 06:55:30,16668,-748,-1048
2026-05-25 06:55:32,16684,-684,-1108
2026-05-25 06:55:34,16692,-704,-980
2026-05-25 06:55:36,16664,-704,-1076
2026-05-25 06:55:38,16664,-736,-1164
2026-05-25 06:55:40,16692,-716,-1132
2026-05-25 06:55:42,16728,-664,-1080
2026-05-25 06:55:44,16712,-692,-1164
2026-05-25 06:55:46,16676,-648,-1044
2026-05-25 06:55:48,16652,-668,-1176
2026-05-25 06:55:50,16772,-712,-1144
2026-05-25 06:55:52,16624,-640,-1100
2026-05-25 06:55:54,16720,-648,-1096
2026-05-25 06:55:56,16660,-680,-1140
2026-05-25 06:55:58,16652,-700,-1120
2026-05-25 06:56:00,16648,-680,-1080
2026-05-25 06:56:02,16732,-740,-1048
2026-05-25 06:56:04,16744,-704,-1108
2026-05-25 06:56:06,16720,-652,-1072
2026-05-25 06:56:08,16716,-696,-1108
2026-05-25 06:56:10,16692,-692,-1152
2026-05-25 06:56:12,16700,-660,-984
2026-05-25 06:56:14,16692,-676,-1064
2026-05-25 06:56:16,16716,-704,-1076
2026-05-25 06:56:18,16684,-704,-1092
2026-05-25 06:56:20,16652,-676,-1096
2026-05-25 06:56:22,16728,-728,-1052
2026-05-25 06:56:24,16664,-736,-1148
2026-05-25 06:56:26,16676,-676,-1048
2026-05-25 06:56:28,16660,-680,-1104
2026-05-25 06:56:30,16716,-728,-1204
2026-05-25 06:56:32,16672,-656,-1168
2026-05-25 06:56:34,16700,-720,-1144
2026-05-25 06:56:36,16732,-692,-1040
2026-05-25 06:56:38,16696,-668,-1156
2026-05-25 06:56:40,16696,-716,-1128
2026-05-25 06:56:42,16716,-688,-1060
2026-05-25 06:56:44,16708,-644,-1156
2026-05-25 06:56:46,16752,-704,-1096
2026-05-25 06:56:48,16712,-716,-1120
2026-05-25 06:56:50,16720,-720,-1072
2026-05-25 06:56:52,16668,-644,-1056
2026-05-25 06:56:54,16704,-636,-1116
2026-05-25 06:56:56,16732,-728,-1156
2026-05-25 06:56:58,16684,-716,-992
2026-05-25 06:57:00,16784,-692,-1104
2026-05-25 06:57:02,16644,-732,-1080
2026-05-25 06:57:04,16648,-660,-1148
2026-05-25 06:57:06,16612,-620,-1164
2026-05-25 06:57:08,16648,-672,-1128
2026-05-25 06:57:10,16700,-700,-1092
2026-05-25 06:57:12,16668,-688,-1044
2026-05-25 06:57:14,16660,-680,-1060
2026-05-25 06:57:16,16732,-728,-1100
2026-05-25 06:57:18,16728,-768,-1120
2026-05-25 06:57:20,16712,-624,-1108
2026-05-25 06:57:22,16768,-756,-1132
2026-05-25 06:57:24,16740,-672,-1088
2026-05-25 06:57:26,16712,-744,-1132
2026-05-25 06:57:28,16720,-716,-1212
2026-05-25 06:57:30,16640,-648,-1056
2026-05-25 06:57:32,16692,-656,-1104
2026-05-25 06:57:34,16652,-772,-1140
2026-05-25 06:57:36,16728,-616,-1108
2026-05-25 06:57:38,16724,-740,-1088
2026-05-25 06:57:40,16660,-672,-1180
2026-05-25 06:57:42,16784,-736,-1084
2026-05-25 06:57:44,16708,-672,-1048
2026-05-25 06:57:46,16688,-640,-1108
2026-05-25 06:57:48,16700,-688,-1028
2026-05-25 06:57:50,16716,-728,-1092
2026-05-25 06:57:52,16676,-708,-1200
2026-05-25 06:57:54,16628,-716,-1060
2026-05-25 06:57:56,16704,-724,-1100
2026-05-25 06:57:58,16736,-700,-1124
2026-05-25 06:58:00,16704,-684,-1148
2026-05-25 06:58:02,16684,-672,-1052
2026-05-25 06:58:04,16688,-692,-1080
2026-05-25 06:58:06,16648,-672,-1168
2026-05-25 06:58:08,16664,-720,-1148
2026-05-25 06:58:10,16728,-696,-1136
2026-05-25 06:58:12,16688,-684,-1176
2026-05-25 06:58:14,16664,-644,-1068
2026-05-25 06:58:16,16652,-724,-1096
2026-05-25 06:58:18,16720,-688,-1048
2026-05-25 06:58:20,16704,-704,-1136
2026-05-25 06:58:22,16644,-676,-1084
2026-05-25 06:58:24,16680,-716,-1080
2026-05-25 06:58:26,16724,-732,-1156
2026-05-25 06:58:28,16632,-656,-1220
2026-05-25 06:58:30,16708,-668,-1192
2026-05-25 06:58:32,16740,-672,-1044
2026-05-25 06:58:34,16724,-684,-1092
2026-05-25 06:58:36,16704,-660,-1164
2026-05-25 06:58:38,16664,-652,-988
2026-05-25 06:58:40,16692,-684,-1076
2026-05-25 06:58:42,16716,-736,-1112
2026-05-25 06:58:44,16684,-692,-1164
2026-05-25 06:58:46,16696,-692,-1108
2026-05-25 06:58:48,16672,-740,-1116
2026-05-25 06:58:50,16692,-732,-1152
2026-05-25 06:58:52,16724,-760,-1168
2026-05-25 06:58:54,16660,-732,-1128
2026-05-25 06:58:56,16740,-628,-1140
2026-05-25 06:58:58,16728,-704,-1048
2026-05-25 06:59:00,16728,-728,-1004
2026-05-25 06:59:02,16672,-708,-1152
2026-05-25 06:59:04,16724,-680,-1132
2026-05-25 06:59:06,16728,-728,-1168
2026-05-25 06:59:08,16656,-680,-1132
2026-05-25 06:59:10,16732,-700,-1132
2026-05-25 06:59:12,16748,-744,-1036
2026-05-25 06:59:14,16660,-748,-1076
2026-05-25 06:59:16,16668,-680,-1116
2026-05-25 06:59:18,16696,-724,-1176
2026-05-25 06:59:20,16724,-708,-1200
2026-05-25 06:59:22,16720,-660,-1148
2026-05-25 06:59:24,16656,-732,-1164
2026-05-25 06:59:26,16676,-688,-1172
2026-05-25 06:59:28,16700,-748,-1124
2026-05-25 06:59:30,16712,-616,-1096
2026-05-25 06:59:32,16708,-740,-1132
2026-05-25 06:59:34,16636,-720,-1128
2026-05-25 06:59:36,16672,-684,-1120
2026-05-25 06:59:38,16752,-628,-1156
2026-05-25 06:59:40,16672,-728,-1132
2026-05-25 06:59:42,16716,-688,-1164
2026-05-25 06:59:44,16736,-716,-1032
2026-05-25 06:59:46,16752,-712,-1128
2026-05-25 06:59:48,16700,-752,-1108
2026-05-25 06:59:50,16736,-708,-1100
2026-05-25 06:59:52,16656,-756,-1152
2026-05-25 06:59:54,16700,-668,-1056
2026-05-25 06:59:56,16692,-720,-1068
2026-05-25 06:59:58,16700,-712,-1104
2026-05-25 07:00:00,16720,-732,-1096
2026-05-25 07:00:02,16728,-696,-1092
2026-05-25 07:00:04,16688,-732,-1144
2026-05-25 07:00:06,16668,-692,-1076
2026-05-25 07:00:08,16684,-732,-1132
2026-05-25 07:00:10,16668,-680,-1088
2026-05-25 07:00:12,16696,-688,-1064
2026-05-25 07:00:14,16688,-656,-1204
2026-05-25 07:00:16,16716,-680,-1060
2026-05-25 07:00:18,16720,-704,-1020
2026-05-25 07:00:20,16692,-720,-1056
2026-05-25 07:00:22,16704,-716,-1156
2026-05-25 07:00:24,16676,-740,-1136
2026-05-25 07:00:26,16684,-656,-1152
2026-05-25 07:00:28,16700,-704,-1112
2026-05-25 07:00:30,16748,-668,-1208
2026-05-25 07:00:32,16640,-676,-1108
2026-05-25 07:00:34,16712,-708,-1180
2026-05-25 07:00:36,16716,-656,-1120
2026-05-25 07:00:38,16656,-676,-1148
2026-05-25 07:00:40,16740,-700,-1156
2026-05-25 07:00:42,16660,-736,-1052
2026-05-25 07:00:44,16672,-672,-1152
2026-05-25 07:00:46,16696,-716,-1128
2026-05-25 07:00:48,16748,-680,-1124
2026-05-25 07:00:50,16660,-688,-1100
2026-05-25 07:00:52,16716,-692,-1196
2026-05-25 07:00:54,16648,-700,-1100
2026-05-25 07:00:56,16704,-608,-1076
2026-05-25 07:00:58,16636,-700,-1132
2026-05-25 07:01:00,16736,-668,-1084
2026-05-25 07:01:02,16676,-684,-1048
2026-05-25 07:01:04,16672,-724,-1096
2026-05-25 07:01:06,16700,-756,-960
2026-05-25 07:01:08,16676,-704,-996
2026-05-25 07:01:10,16780,-664,-1084
2026-05-25 07:01:12,16708,-692,-1144
2026-05-25 07:01:14,16720,-692,-1144
2026-05-25 07:01:16,16756,-636,-1092
2026-05-25 07:01:18,16696,-740,-1088
2026-05-25 07:01:20,16660,-728,-1056
2026-05-25 07:01:22,16712,-728,-1096
2026-05-25 07:01:24,16680,-720,-1144
2026-05-25 07:01:26,16700,-724,-1056
2026-05-25 07:01:28,16640,-668,-1052
2026-05-25 07:01:30,16704,-660,-1180
2026-05-25 07:01:32,16740,-708,-1152
2026-05-25 07:01:34,16704,-688,-1144
2026-05-25 07:01:36,16668,-664,-1088
2026-05-25 07:01:38,16680,-652,-1004
2026-05-25 07:01:40,16668,-668,-1100
2026-05-25 07:01:42,16708,-736,-1048
2026-05-25 07:01:44,16664,-692,-1120
2026-05-25 07:01:46,16636,-644,-1060
2026-05-25 07:01:48,16684,-692,-1048
2026-05-25 07:01:50,16724,-632,-1012
2026-05-25 07:01:52,16732,-728,-1024
2026-05-25 07:01:54,16664,-620,-1048
2026-05-25 07:01:56,16688,-692,-1116
2026-05-25 07:01:58,16744,-656,-1176
2026-05-25 07:02:00,16752,-728,-1012
2026-05-25 07:02:02,16688,-668,-1144
2026-05-25 07:02:04,16700,-712,-1152
2026-05-25 07:02:06,16760,-700,-1048
2026-05-25 07:02:08,16764,-724,-1124
2026-05-25 07:02:10,16732,-636,-1124
2026-05-25 07:02:12,16720,-672,-1140
2026-05-25 07:02:14,16712,-716,-1096
2026-05-25 07:02:16,16656,-716,-1160
2026-05-25 07:02:18,16684,-720,-1072
2026-05-25 07:02:20,16684,-732,-1104
2026-05-25 07:02:22,16716,-700,-1140
2026-05-25 07:02:24,16628,-672,-1084
2026-05-25 07:02:26,16704,-724,-1100
2026-05-25 07:02:28,16692,-692,-1112
2026-05-25 07:02:30,16696,-652,-1108
2026-05-25 07:02:32,16704,-652,-1096
2026-05-25 07:02:34,16692,-732,-1140
2026-05-25 07:02:36,16712,-716,-1104
2026-05-25 07:02:38,16688,-740,-1168
2026-05-25 07:02:40,16748,-748,-1236
2026-05-25 07:02:42,16700,-696,-1112
2026-05-25 07:02:44,16688,-696,-1168
2026-05-25 07:02:46,16732,-688,-1132
2026-05-25 07:02:48,16680,-728,-1120
2026-05-25 07:02:50,16664,-740,-1172
2026-05-25 07:02:52,16676,-684,-1104
2026-05-25 07:02:54,16736,-756,-1092
2026-05-25 07:02:56,16648,-696,-1036
2026-05-25 07:02:58,16696,-676,-1064
2026-05-25 07:03:00,16668,-700,-1084
2026-05-25 07:03:02,16652,-656,-1184
2026-05-25 07:03:04,16672,-680,-1004
2026-05-25 07:03:06,16708,-712,-1076
2026-05-25 07:03:08,16724,-716,-1060
2026-05-25 07:03:10,16668,-716,-1080
2026-05-25 07:03:12,16788,-748,-1108
2026-05-25 07:03:14,16644,-652,-1108
2026-05-25 07:03:16,16704,-644,-1124
2026-05-25 07:03:18,16652,-700,-1144
2026-05-25 07:03:20,16708,-632,-1052
2026-05-25 07:03:22,16752,-748,-1196
2026-05-25 07:03:24,16692,-676,-1080
2026-05-25 07:03:26,16728,-676,-1020
2026-05-25 07:03:28,16728,-752,-1024
2026-05-25 07:03:30,16720,-724,-1012
2026-05-25 07:03:32,16712,-660,-1168
2026-05-25 07:03:34,16660,-712,-1060
2026-05-25 07:03:36,16664,-684,-1084
2026-05-25 07:03:38,16708,-704,-1124
2026-05-25 07:03:40,16752,-716,-944
2026-05-25 07:03:42,16676,-716,-1100
2026-05-25 07:03:44,16736,-756,-1084
2026-05-25 07:03:46,16640,-664,-1124
2026-05-25 07:03:48,16492,-732,-1508
2026-05-25 07:03:50,16620,-648,-1284
2026-05-25 07:03:52,16744,-744,-1324
2026-05-25 07:03:54,16756,-716,-1296
2026-05-25 07:03:56,16680,-804,-1328
2026-05-25 07:03:58,16700,-780,-1188
2026-05-25 07:04:00,16656,-692,-1264
2026-05-25 07:04:02,16676,-728,-1312
2026-05-25 07:04:04,16704,-736,-1252
2026-05-25 07:04:06,16728,-700,-1260
2026-05-25 07:04:08,16704,-776,-1336
2026-05-25 07:04:10,16660,-768,-1156
2026-05-25 07:04:12,16736,-780,-1292
2026-05-25 07:04:14,16736,-772,-1288
2026-05-25 07:04:16,16640,-720,-1232
2026-05-25 07:04:18,16756,-740,-1192
2026-05-25 07:04:20,16660,-736,-1320
2026-05-25 07:04:22,16696,-768,-1192
2026-05-25 07:04:24,16700,-792,-1352
2026-05-25 07:04:26,16688,-720,-1308
2026-05-25 07:04:28,16736,-708,-1396
2026-05-25 07:04:30,16664,-808,-1232
2026-05-25 07:04:32,16660,-748,-1344
2026-05-25 07:04:34,16652,-728,-1280
2026-05-25 07:04:36,16688,-772,-1312
2026-05-25 07:04:38,16716,-732,-1328
2026-05-25 07:04:40,16680,-760,-1364
2026-05-25 07:04:42,16684,-732,-1280
2026-05-25 07:04:44,16668,-824,-1332
2026-05-25 07:04:46,16624,-720,-1416
2026-05-25 07:04:48,16676,-784,-1304
2026-05-25 07:04:50,16672,-828,-1316
2026-05-25 07:04:52,16648,-732,-1316
2026-05-25 07:04:54,16660,-792,-1360
2026-05-25 07:04:56,16656,-772,-1372
2026-05-25 07:04:58,16700,-716,-1268
2026-05-25 07:05:00,16724,-768,-1296
2026-05-25 07:05:02,16732,-824,-1364
2026-05-25 07:05:04,16716,-776,-1336
2026-05-25 07:05:06,16744,-704,-1328
2026-05-25 07:05:08,16640,-708,-1216
2026-05-25 07:05:10,16692,-804,-1368
2026-05-25 07:05:12,16692,-720,-1276
2026-05-25 07:05:14,16732,-748,-1272
2026-05-25 07:05:16,16656,-692,-1292
2026-05-25 07:05:18,16700,-776,-1468
2026-05-25 07:05:20,16688,-720,-1256
2026-05-25 07:05:22,16696,-764,-1368
2026-05-25 07:05:24,16692,-692,-1336
2026-05-25 07:05:26,16696,-676,-1272
2026-05-25 07:05:28,16680,-740,-1240
2026-05-25 07:05:30,16688,-744,-1344
2026-05-25 07:05:32,16652,-772,-1352
2026-05-25 07:05:34,16732,-744,-1332
2026-05-25 07:05:36,16652,-720,-1284
2026-05-25 07:05:38,16668,-768,-1316
2026-05-25 07:05:40,16676,-784,-1276
2026-05-25 07:05:42,16664,-652,-1316
2026-05-25 07:05:44,16712,-744,-1364
2026-05-25 07:05:46,16676,-696,-1260
2026-05-25 07:05:48,16688,-692,-1280
2026-05-25 07:05:50,16700,-776,-1360
2026-05-25 07:05:52,16636,-728,-1212
2026-05-25 07:05:54,16672,-776,-1268
2026-05-25 07:05:56,16672,-772,-1352
2026-05-25 07:05:58,16716,-752,-1368
2026-05-25 07:06:00,16648,-736,-1200
2026-05-25 07:06:02,16672,-716,-1268
2026-05-25 07:06:04,16732,-716,-1216
2026-05-25 07:06:06,16688,-736,-1276
2026-05-25 07:06:08,16664,-752,-1304
2026-05-25 07:06:10,16660,-732,-1320
2026-05-25 07:06:12,16608,-708,-1276
2026-05-25 07:06:14,16672,-816,-1260
2026-05-25 07:06:16,16696,-656,-1336
2026-05-25 07:06:18,16692,-744,-1352
2026-05-25 07:06:20,16732,-748,-1292
2026-05-25 07:06:22,16680,-752,-1320
2026-05-25 07:06:24,16628,-656,-1308
2026-05-25 07:06:26,16648,-784,-1380
2026-05-25 07:06:28,16700,-668,-1304
2026-05-25 07:06:30,16712,-732,-1228
2026-05-25 07:06:32,16660,-732,-1344
2026-05-25 07:06:34,16684,-700,-1328
2026-05-25 07:06:36,16660,-756,-1356
2026-05-25 07:06:38,16696,-748,-1312
2026-05-25 07:06:40,16640,-756,-1308
2026-05-25 07:06:42,16684,-736,-1276
2026-05-25 07:06:44,16692,-700,-1236
2026-05-25 07:06:46,16664,-792,-1332
2026-05-25 07:06:48,16680,-684,-1260
2026-05-25 07:06:50,16680,-756,-1312
2026-05-25 07:06:52,16680,-704,-1364
2026-05-25 07:06:54,16648,-684,-1344
2026-05-25 07:06:56,16668,-680,-1268
2026-05-25 07:06:58,16728,-760,-1272
2026-05-25 07:07:00,16664,-748,-1332
2026-05-25 07:07:02,16664,-680,-1424
2026-05-25 07:07:04,16724,-728,-1396
2026-05-25 07:07:06,16636,-668,-1336
2026-05-25 07:07:08,16648,-696,-1272
2026-05-25 07:07:10,16672,-732,-1292
2026-05-25 07:07:12,16644,-744,-1344
2026-05-25 07:07:14,16672,-800,-1296
2026-05-25 07:07:16,16692,-716,-1288
2026-05-25 07:07:18,16676,-776,-1316
2026-05-25 07:07:20,16716,-772,-1284
2026-05-25 07:07:22,16688,-756,-1292
2026-05-25 07:07:24,16672,-764,-1268
2026-05-25 07:07:26,16724,-756,-1256
2026-05-25 07:07:28,16684,-756,-1176
2026-05-25 07:07:30,16656,-700,-1264
2026-05-25 07:07:32,16620,-708,-1308
2026-05-25 07:07:34,16712,-716,-1284
2026-05-25 07:07:36,16668,-668,-1348
2026-05-25 07:07:38,16680,-652,-1240
2026-05-25 07:07:40,16700,-716,-1260
2026-05-25 07:07:42,16680,-700,-1340
2026-05-25 07:07:44,16672,-632,-1224
2026-05-25 07:07:46,16684,-700,-1248
2026-05-25 07:07:48,16716,-768,-1240
2026-05-25 07:07:50,16676,-724,-1248
2026-05-25 07:07:52,16700,-680,-1324
2026-05-25 07:07:54,16696,-732,-1292
2026-05-25 07:07:56,16628,-724,-1284
2026-05-25 07:07:58,16740,-700,-1396
2026-05-25 07:08:00,16720,-732,-1248
2026-05-25 07:08:02,16720,-752,-1268
2026-05-25 07:08:04,16700,-768,-1320
2026-05-25 07:08:06,16740,-740,-1268
2026-05-25 07:08:08,16644,-736,-1332
2026-05-25 07:08:10,16676,-736,-1276
2026-05-25 07:08:12,16712,-764,-1156
2026-05-25 07:08:14,16652,-748,-1280
2026-05-25 07:08:16,16660,-712,-1364
2026-05-25 07:08:18,16740,-752,-1316
2026-05-25 07:08:20,16648,-804,-1360
2026-05-25 07:08:22,16652,-740,-1260
2026-05-25 07:08:24,16696,-748,-1340
2026-05-25 07:08:26,16680,-748,-1308
2026-05-25 07:08:28,16656,-756,-1272
2026-05-25 07:08:30,16728,-684,-1272
2026-05-25 07:08:32,16680,-700,-1372
2026-05-25 07:08:34,16668,-760,-1292
2026-05-25 07:08:36,16680,-772,-1384
2026-05-25 07:08:38,16684,-796,-1304
2026-05-25 07:08:40,16676,-740,-1332
2026-05-25 07:08:42,16636,-716,-1284
2026-05-25 07:08:44,16700,-752,-1208
2026-05-25 07:08:46,16668,-728,-1368
2026-05-25 07:08:48,16760,-732,-1308
2026-05-25 07:08:50,16680,-792,-1296
2026-05-25 07:08:52,16668,-664,-1248
2026-05-25 07:08:54,16684,-684,-1292
2026-05-25 07:08:56,16636,-700,-1232
2026-05-25 07:08:58,16672,-736,-1200
2026-05-25 07:09:00,16656,-784,-1276
2026-05-25 07:09:02,16728,-776,-1372
2026-05-25 07:09:04,16668,-760,-1320
2026-05-25 07:09:06,16684,-744,-1344
2026-05-25 07:09:08,16644,-724,-1196
2026-05-25 07:09:10,16724,-684,-1344
2026-05-25 07:09:12,16660,-752,-1324
2026-05-25 07:09:14,16648,-744,-1280
2026-05-25 07:09:16,16712,-740,-1264
2026-05-25 07:09:18,16744,-768,-1300
2026-05-25 07:09:20,16708,-748,-1304
2026-05-25 07:09:22,16696,-696,-1284
2026-05-25 07:09:24,16704,-680,-1268
2026-05-25 07:09:26,16712,-712,-1312
2026-05-25 07:09:28,16704,-760,-1272
2026-05-25 07:09:30,16688,-720,-1336
2026-05-25 07:09:32,16720,-696,-1336
2026-05-25 07:09:34,16704,-736,-1304
2026-05-25 07:09:36,16648,-744,-1336
2026-05-25 07:09:38,16720,-732,-1276
2026-05-25 07:09:40,16692,-700,-1372
2026-05-25 07:09:42,16728,-732,-1256
2026-05-25 07:09:44,16668,-760,-1328
2026-05-25 07:09:46,16724,-688,-1304
2026-05-25 07:09:48,16704,-728,-1408
2026-05-25 07:09:50,16704,-756,-1276
2026-05-25 07:09:52,16580,-780,-1336
2026-05-25 07:09:54,16736,-728,-1288
2026-05-25 07:09:56,16640,-732,-1236
2026-05-25 07:09:58,16656,-704,-1264
2026-05-25 07:10:00,16644,-828,-1340
2026-05-25 07:10:02,16748,-740,-1208
2026-05-25 07:10:04,16692,-756,-1248
2026-05-25 07:10:06,16716,-748,-1288
2026-05-25 07:10:08,16632,-800,-1216
2026-05-25 07:10:10,16660,-752,-1372
2026-05-25 07:10:12,16708,-768,-1276
2026-05-25 07:10:14,16700,-736,-1244
2026-05-25 07:10:16,16668,-732,-1264
2026-05-25 07:10:18,16664,-748,-1376
2026-05-25 07:10:20,16712,-776,-1316
2026-05-25 07:10:22,16716,-784,-1312
2026-05-25 07:10:24,16668,-704,-1284
2026-05-25 07:10:26,16768,-792,-1284
2026-05-25 07:10:28,16648,-732,-1260
2026-05-25 07:10:30,16812,-708,-1296
2026-05-25 07:10:32,16660,-772,-1252
2026-05-25 07:10:34,16672,-760,-1260
2026-05-25 07:10:36,16672,-684,-1276
2026-05-25 07:10:38,16696,-684,-1188
2026-05-25 07:10:40,16664,-792,-1232
2026-05-25 07:10:42,16668,-712,-1180
2026-05-25 07:10:44,16700,-688,-1240
2026-05-25 07:10:46,16736,-692,-1248
2026-05-25 07:10:48,16736,-696,-1204
2026-05-25 07:10:50,16676,-720,-1132
2026-05-25 07:10:52,16648,-704,-1252
2026-05-25 07:10:54,16680,-684,-1192
2026-05-25 07:10:56,16680,-672,-1284
2026-05-25 07:10:58,16660,-684,-1164
2026-05-25 07:11:00,16704,-672,-1176
2026-05-25 07:11:02,16660,-716,-1104
2026-05-25 07:11:04,16728,-736,-1244
2026-05-25 07:11:06,16636,-652,-1328
2026-05-25 07:11:08,16672,-696,-1304
2026-05-25 07:11:10,16672,-688,-1176
2026-05-25 07:11:12,16672,-712,-1136
2026-05-25 07:11:14,16716,-672,-1180
2026-05-25 07:11:16,16696,-700,-1216
2026-05-25 07:11:18,16692,-744,-1232
2026-05-25 07:11:20,16636,-680,-1284
2026-05-25 07:11:22,16664,-636,-1172
2026-05-25 07:11:24,16632,-744,-1236
2026-05-25 07:11:26,16616,-644,-1272
2026-05-25 07:11:28,16692,-664,-1104
2026-05-25 07:11:30,16688,-708,-1200
2026-05-25 07:11:32,16724,-628,-1180
2026-05-25 07:11:34,16632,-660,-1208
2026-05-25 07:11:36,16716,-684,-1156
2026-05-25 07:11:38,16660,-688,-1100
2026-05-25 07:11:40,16720,-676,-1172
2026-05-25 07:11:42,16692,-676,-1248
2026-05-25 07:11:44,16636,-700,-1152
2026-05-25 07:11:46,16708,-688,-1148
2026-05-25 07:11:48,16672,-692,-1140
2026-05-25 07:11:50,16688,-700,-1216
2026-05-25 07:11:52,16664,-740,-1156
2026-05-25 07:11:54,16604,-664,-1224
2026-05-25 07:11:56,16692,-696,-1236
2026-05-25 07:11:58,16720,-688,-1200
2026-05-25 07:12:00,16720,-708,-1260
2026-05-25 07:12:02,16688,-664,-1200
2026-05-25 07:12:04,16656,-692,-1292
2026-05-25 07:12:06,16684,-736,-1248
2026-05-25 07:12:08,16652,-648,-1216
2026-05-25 07:12:10,16676,-724,-1176
2026-05-25 07:12:12,16696,-648,-1148
2026-05-25 07:12:14,16660,-684,-1096
2026-05-25 07:12:16,16720,-632,-1176
2026-05-25 07:12:18,16704,-664,-1248
2026-05-25 07:12:20,16704,-664,-1184
2026-05-25 07:12:22,16716,-652,-1200
2026-05-25 07:12:24,16624,-668,-1216
2026-05-25 07:12:26,16708,-704,-1184
2026-05-25 07:12:28,16652,-708,-1200
2026-05-25 07:12:30,16712,-664,-1200
2026-05-25 07:12:32,16640,-704,-1264
2026-05-25 07:12:34,16720,-612,-1148
2026-05-25 07:12:36,16708,-688,-1220
2026-05-25 07:12:38,16672,-652,-1260
2026-05-25 07:12:40,16708,-696,-1268
2026-05-25 07:12:42,16716,-648,-1184
2026-05-25 07:12:44,16728,-748,-1180
2026-05-25 07:12:46,16708,-608,-1108
2026-05-25 07:12:48,16672,-632,-1260
2026-05-25 07:12:50,16688,-676,-1212
2026-05-25 07:12:52,16732,-660,-1148
2026-05-25 07:12:54,16728,-716,-1176
2026-05-25 07:12:56,16684,-716,-1180
2026-05-25 07:12:58,16744,-684,-1236
2026-05-25 07:13:00,16736,-664,-1260
2026-05-25 07:13:02,16640,-676,-1248
2026-05-25 07:13:04,16712,-652,-1100
2026-05-25 07:13:06,16724,-732,-1160
2026-05-25 07:13:08,16672,-692,-1176
2026-05-25 07:13:10,16604,-732,-1168
2026-05-25 07:13:12,16692,-660,-1200
2026-05-25 07:13:14,16660,-644,-1160
2026-05-25 07:13:16,16672,-732,-1272
2026-05-25 07:13:18,16696,-716,-1164
2026-05-25 07:13:20,16704,-696,-1212
2026-05-25 07:13:22,16672,-680,-1216
2026-05-25 07:13:24,16676,-676,-1332
2026-05-25 07:13:26,16668,-672,-1284
2026-05-25 07:13:28,16716,-688,-1192
2026-05-25 07:13:30,16628,-720,-1200
2026-05-25 07:13:32,16696,-660,-1180
2026-05-25 07:13:34,16688,-648,-1276
2026-05-25 07:13:36,16708,-688,-1284
2026-05-25 07:13:38,16644,-668,-1208
2026-05-25 07:13:40,16736,-620,-1168
2026-05-25 07:13:42,16696,-680,-1188
2026-05-25 07:13:44,16728,-628,-1104
2026-05-25 07:13:46,16716,-708,-1200
2026-05-25 07:13:48,16696,-656,-1204
2026-05-25 07:13:50,16732,-700,-1276
2026-05-25 07:13:52,16636,-652,-1052
2026-05-25 07:13:54,16712,-716,-1228
2026-05-25 07:13:56,16716,-680,-1196
2026-05-25 07:13:58,16776,-652,-1296
2026-05-25 07:14:00,16708,-632,-1168
2026-05-25 07:14:02,16720,-700,-1204
2026-05-25 07:14:04,16668,-624,-1264
2026-05-25 07:14:06,16720,-692,-1156
2026-05-25 07:14:08,16728,-716,-1284
2026-05-25 07:14:10,16724,-688,-1216
2026-05-25 07:14:12,16740,-672,-1200
2026-05-25 07:14:14,16656,-640,-1256
2026-05-25 07:14:16,16672,-660,-1088
2026-05-25 07:14:18,16676,-692,-1056
2026-05-25 07:14:20,16712,-684,-1240
2026-05-25 07:14:22,16752,-660,-1164
2026-05-25 07:14:24,16692,-692,-1228
2026-05-25 07:14:26,16692,-652,-1228
2026-05-25 07:14:28,16644,-692,-1116
2026-05-25 07:14:30,16692,-680,-1212
2026-05-25 07:14:32,16680,-684,-1128
2026-05-25 07:14:34,16668,-680,-1280
2026-05-25 07:14:36,16704,-656,-1172
2026-05-25 07:14:38,16632,-708,-1280
2026-05-25 07:14:40,16704,-672,-1380
2026-05-25 07:14:42,16640,-684,-1088
2026-05-25 07:14:44,16716,-652,-1244
2026-05-25 07:14:46,16688,-692,-1180
2026-05-25 07:14:48,16676,-668,-1152
2026-05-25 07:14:50,16696,-656,-1208
2026-05-25 07:14:52,16748,-688,-1208
2026-05-25 07:14:54,16672,-692,-1264
2026-05-25 07:14:56,16752,-660,-1244
2026-05-25 07:14:58,16704,-640,-1136
2026-05-25 07:15:00,16676,-656,-1244
2026-05-25 07:15:02,16640,-712,-1224
2026-05-25 07:15:04,16716,-680,-1196
2026-05-25 07:15:06,16664,-680,-1108
2026-05-25 07:15:08,16728,-692,-1188
2026-05-25 07:15:10,16652,-692,-1260
2026-05-25 07:15:12,16716,-688,-1160
2026-05-25 07:15:14,16676,-716,-1164
2026-05-25 07:15:16,16684,-684,-1200
2026-05-25 07:15:18,16652,-636,-1180
2026-05-25 07:15:20,16648,-620,-1196
2026-05-25 07:15:22,16640,-668,-1196
2026-05-25 07:15:24,16696,-692,-1148
2026-05-25 07:15:26,16604,-732,-1152
2026-05-25 07:15:28,16668,-640,-1136
2026-05-25 07:15:30,16660,-676,-1168
2026-05-25 07:15:32,16688,-612,-1212
2026-05-25 07:15:34,16680,-656,-1076
2026-05-25 07:15:36,16736,-644,-1176
2026-05-25 07:15:38,16636,-620,-1192
2026-05-25 07:15:40,16696,-704,-1224
2026-05-25 07:15:42,16744,-708,-1168
2026-05-25 07:15:44,16720,-600,-1260
2026-05-25 07:15:46,16668,-632,-1192
2026-05-25 07:15:48,16672,-680,-1108
2026-05-25 07:15:50,16756,-692,-1212
2026-05-25 07:15:52,16668,-668,-1212
2026-05-25 07:15:54,16676,-680,-1128
2026-05-25 07:15:56,16708,-708,-1212
2026-05-25 07:15:58,16680,-660,-1216
2026-05-25 07:16:00,16692,-648,-1212
2026-05-25 07:16:02,16632,-720,-1216
2026-05-25 07:16:04,16728,-664,-1240
2026-05-25 07:16:06,16684,-672,-1112
2026-05-25 07:16:08,16688,-692,-1220
2026-05-25 07:16:10,16664,-688,-1240
2026-05-25 07:16:12,16716,-676,-1200
2026-05-25 07:16:14,16668,-644,-1168
2026-05-25 07:16:16,16588,-708,-1120
2026-05-25 07:16:18,16692,-652,-1132
2026-05-25 07:16:20,16700,-668,-1200
2026-05-25 07:16:22,16672,-612,-1172
2026-05-25 07:16:24,16680,-708,-1268
2026-05-25 07:16:26,16672,-656,-1188
2026-05-25 07:16:28,16692,-644,-1184
2026-05-25 07:16:30,16656,-636,-1200
2026-05-25 07:16:32,16688,-688,-1172
2026-05-25 07:16:34,16680,-696,-1132
2026-05-25 07:16:36,16684,-644,-1208
2026-05-25 07:16:38,16672,-724,-1264
2026-05-25 07:16:40,16656,-668,-1144
2026-05-25 07:16:42,16696,-620,-1104
2026-05-25 07:16:44,16688,-688,-1172
2026-05-25 07:16:46,16724,-680,-1176
2026-05-25 07:16:48,16672,-692,-1220
2026-05-25 07:16:50,16652,-656,-1180
2026-05-25 07:16:52,16720,-676,-1164
2026-05-25 07:16:54,16652,-648,-1184
2026-05-25 07:16:56,16748,-672,-1224
2026-05-25 07:16:58,16744,-704,-1192
2026-05-25 07:17:00,16612,-668,-1204
2026-05-25 07:17:02,16704,-704,-1184
2026-05-25 07:17:04,16708,-632,-1140
2026-05-25 07:17:06,16664,-700,-1280
2026-05-25 07:17:08,16716,-716,-1136
2026-05-25 07:17:10,16616,-608,-1200
2026-05-25 07:17:12,16700,-652,-1232
2026-05-25 07:17:14,16620,-680,-1212
2026-05-25 07:17:16,16684,-704,-1180
2026-05-25 07:17:18,16656,-704,-1200
2026-05-25 07:17:20,16680,-660,-1152
2026-05-25 07:17:22,16740,-628,-1232
2026-05-25 07:17:24,16640,-660,-1128
2026-05-25 07:17:26,16660,-688,-1248
2026-05-25 07:17:28,16684,-700,-1264
2026-05-25 07:17:30,16696,-660,-1176
2026-05-25 07:17:32,16664,-684,-1148
2026-05-25 07:17:34,16644,-648,-1272
2026-05-25 07:17:36,16668,-612,-1212
2026-05-25 07:17:38,16700,-668,-1228
2026-05-25 07:17:40,16712,-704,-1192
2026-05-25 07:17:42,16636,-672,-1292
2026-05-25 07:17:44,16764,-592,-1192
2026-05-25 07:17:46,16724,-668,-1096
2026-05-25 07:17:48,16724,-612,-1176
2026-05-25 07:17:50,16656,-728,-1292
2026-05-25 07:17:52,16716,-676,-1180
2026-05-25 07:17:54,16708,-708,-1172
2026-05-25 07:17:56,16712,-624,-1196
2026-05-25 07:17:58,16712,-696,-1304
2026-05-25 07:18:00,16652,-700,-1184
2026-05-25 07:18:02,16684,-652,-1108
2026-05-25 07:18:04,16740,-684,-1108
2026-05-25 07:18:06,16624,-664,-1276
2026-05-25 07:18:08,16648,-704,-1188
2026-05-25 07:18:10,16704,-608,-1252
2026-05-25 07:18:12,16668,-640,-1052
2026-05-25 07:18:14,16684,-660,-1248
2026-05-25 07:18:16,16652,-644,-1120
2026-05-25 07:18:18,16740,-712,-1200
2026-05-25 07:18:20,16708,-680,-1220
2026-05-25 07:18:22,16668,-620,-1172
2026-05-25 07:18:24,16636,-652,-1232
2026-05-25 07:18:26,16644,-700,-1200
2026-05-25 07:18:28,16764,-756,-1152
2026-05-25 07:18:30,16652,-648,-1112
2026-05-25 07:18:32,16660,-660,-1264
2026-05-25 07:18:34,16640,-688,-1140
2026-05-25 07:18:36,16656,-624,-1192
2026-05-25 07:18:38,16636,-712,-1208
2026-05-25 07:18:40,16704,-652,-1188
2026-05-25 07:18:42,16700,-612,-1188
2026-05-25 07:18:44,16644,-684,-1168
2026-05-25 07:18:46,16708,-672,-1216
2026-05-25 07:18:48,16672,-668,-1156
2026-05-25 07:18:50,16664,-712,-1120
2026-05-25 07:18:52,16652,-640,-1288
2026-05-25 07:18:54,16600,-692,-1192
2026-05-25 07:18:56,16704,-596,-1236
2026-05-25 07:18:58,16688,-660,-1152
2026-05-25 07:19:00,16728,-664,-1144
2026-05-25 07:19:02,16720,-644,-1188
2026-05-25 07:19:04,16732,-684,-1184
2026-05-25 07:19:06,16692,-672,-1216
2026-05-25 07:19:08,16688,-604,-1216
2026-05-25 07:19:10,16672,-648,-1080
2026-05-25 07:19:12,16732,-712,-1160
2026-05-25 07:19:14,16648,-712,-1124
2026-05-25 07:19:16,16608,-744,-1160
2026-05-25 07:19:18,16692,-644,-1268
2026-05-25 07:19:20,16652,-708,-1168
2026-05-25 07:19:22,16580,-720,-1144
2026-05-25 07:19:24,16656,-700,-1164
2026-05-25 07:19:26,16620,-652,-1224
2026-05-25 07:19:28,16628,-664,-1200
2026-05-25 07:19:30,16672,-728,-1116
2026-05-25 07:19:32,16660,-680,-1180
2026-05-25 07:19:34,16700,-696,-1168
2026-05-25 07:19:36,16688,-652,-1228
2026-05-25 07:19:38,16680,-688,-1128
2026-05-25 07:19:40,16672,-648,-1172
2026-05-25 07:19:42,16684,-684,-1256
2026-05-25 07:19:44,16716,-668,-1148
2026-05-25 07:19:46,16696,-684,-1132
2026-05-25 07:19:48,16632,-688,-1212
2026-05-25 07:19:50,16704,-752,-1172
2026-05-25 07:19:52,16720,-640,-1100
2026-05-25 07:19:54,16672,-684,-1232
2026-05-25 07:19:56,16704,-680,-1204
2026-05-25 07:19:58,16684,-628,-1224
2026-05-25 07:20:00,16704,-648,-1160
2026-05-25 07:20:02,16660,-724,-1144
2026-05-25 07:20:04,16748,-660,-1260
2026-05-25 07:20:06,16620,-624,-1168
2026-05-25 07:20:08,16684,-672,-1096
2026-05-25 07:20:10,16612,-644,-1152
2026-05-25 07:20:12,16696,-684,-1072
2026-05-25 07:20:14,16760,-724,-1168
2026-05-25 07:20:16,16648,-724,-1160
2026-05-25 07:20:18,16660,-788,-1120
2026-05-25 07:20:20,16728,-700,-1076
2026-05-25 07:20:22,16708,-728,-1104
2026-05-25 07:20:24,16692,-708,-1144
2026-05-25 07:20:26,16636,-676,-1124
2026-05-25 07:20:28,16684,-684,-1156
2026-05-25 07:20:30,16648,-640,-1232
2026-05-25 07:20:32,16692,-704,-1096
2026-05-25 07:20:34,16628,-680,-1256
2026-05-25 07:20:36,16728,-740,-1164
2026-05-25 07:20:38,16668,-588,-1224
2026-05-25 07:20:40,16716,-628,-1196
2026-05-25 07:20:42,16640,-768,-1184
2026-05-25 07:20:44,16684,-692,-1148
2026-05-25 07:20:46,16620,-676,-1192
2026-05-25 07:20:48,16736,-672,-1156
2026-05-25 07:20:50,16636,-688,-1220
2026-05-25 07:20:52,16608,-688,-1172
2026-05-25 07:20:54,16660,-644,-1224
2026-05-25 07:20:56,16724,-696,-1192
2026-05-25 07:20:58,16700,-684,-1144
2026-05-25 07:21:00,16648,-736,-1180
2026-05-25 07:21:02,16648,-624,-1160
2026-05-25 07:21:04,16700,-676,-1048
2026-05-25 07:21:06,16688,-700,-1136
2026-05-25 07:21:08,16636,-668,-1164
2026-05-25 07:21:10,16632,-704,-1144
2026-05-25 07:21:12,16640,-648,-1168
2026-05-25 07:21:14,16692,-604,-1168
2026-05-25 07:21:16,16648,-644,-1060
2026-05-25 07:21:18,16660,-756,-1192
2026-05-25 07:21:20,16692,-760,-1256
2026-05-25 07:21:22,16676,-692,-1160
2026-05-25 07:21:24,16672,-656,-1136
2026-05-25 07:21:26,16748,-652,-1136
2026-05-25 07:21:28,16656,-688,-1184
2026-05-25 07:21:30,16692,-688,-1220
2026-05-25 07:21:32,16640,-700,-1128
2026-05-25 07:21:34,16628,-708,-1184
2026-05-25 07:21:36,16724,-728,-1152
2026-05-25 07:21:38,16708,-656,-1172
2026-05-25 07:21:40,16700,-716,-1224
2026-05-25 07:21:42,16712,-744,-1132
2026-05-25 07:21:44,16704,-692,-1096
2026-05-25 07:21:46,16720,-720,-1188
2026-05-25 07:21:48,16700,-732,-1228
2026-05-25 07:21:50,16700,-668,-1200
2026-05-25 07:21:52,16712,-728,-1212
2026-05-25 07:21:54,16700,-648,-1308
2026-05-25 07:21:56,16700,-712,-1128
2026-05-25 07:21:58,16680,-724,-1148
2026-05-25 07:22:00,16692,-728,-1128
2026-05-25 07:22:02,16664,-716,-1096
2026-05-25 07:22:04,16728,-668,-1144
2026-05-25 07:22:06,16704,-760,-1160
2026-05-25 07:22:08,16700,-684,-1184
2026-05-25 07:22:10,16748,-716,-1228
2026-05-25 07:22:12,16708,-724,-1216
2026-05-25 07:22:14,16740,-748,-1180
2026-05-25 07:22:16,16700,-728,-1132
2026-05-25 07:22:18,16688,-680,-1104
2026-05-25 07:22:20,16720,-708,-1136
2026-05-25 07:22:22,16692,-628,-1152
2026-05-25 07:22:24,16628,-716,-1124
2026-05-25 07:22:26,16696,-716,-1088
2026-05-25 07:22:28,16716,-684,-1224
2026-05-25 07:22:30,16672,-648,-1168
2026-05-25 07:22:32,16732,-716,-1164
2026-05-25 07:22:34,16644,-680,-1244
2026-05-25 07:22:36,16760,-700,-1092
2026-05-25 07:22:38,16636,-692,-1160
2026-05-25 07:22:40,16616,-684,-1204
2026-05-25 07:22:42,16668,-744,-1104
2026-05-25 07:22:44,16712,-716,-1252
2026-05-25 07:22:46,16704,-684,-1240
2026-05-25 07:22:48,16724,-728,-1260
2026-05-25 07:22:50,16676,-696,-1164
2026-05-25 07:22:52,16628,-688,-1128
2026-05-25 07:22:54,16720,-748,-1240
2026-05-25 07:22:56,16656,-740,-1204
2026-05-25 07:22:58,16696,-684,-1184
2026-05-25 07:23:00,16724,-732,-1176
2026-05-25 07:23:02,16676,-632,-1192
2026-05-25 07:23:04,16704,-636,-1056
2026-05-25 07:23:06,16692,-680,-1180
2026-05-25 07:23:08,16748,-720,-1200
2026-05-25 07:23:10,16664,-692,-1128
2026-05-25 07:23:12,16708,-712,-1112
2026-05-25 07:23:14,16672,-668,-1280
2026-05-25 07:23:16,16584,-716,-1140
2026-05-25 07:23:18,16708,-712,-1232
2026-05-25 07:23:20,16736,-712,-1112
2026-05-25 07:23:22,16700,-680,-1116
2026-05-25 07:23:24,16648,-736,-1140
2026-05-25 07:23:26,16712,-680,-1124
2026-05-25 07:23:28,16708,-744,-1176
2026-05-25 07:23:30,16712,-744,-1204
2026-05-25 07:23:32,16628,-664,-1120
2026-05-25 07:23:34,16668,-696,-1136
2026-05-25 07:23:36,16676,-664,-1164
2026-05-25 07:23:38,16604,-652,-1236
2026-05-25 07:23:40,16664,-640,-1180
2026-05-25 07:23:42,16692,-704,-1168
2026-05-25 07:23:44,16708,-684,-1192
2026-05-25 07:23:46,16648,-736,-1192
2026-05-25 07:23:48,16664,-692,-1192
2026-05-25 07:23:50,16736,-700,-1160
2026-05-25 07:23:52,16624,-688,-1164
2026-05-25 07:23:54,16708,-664,-1208
2026-05-25 07:23:56,16684,-732,-1140
2026-05-25 07:23:58,16708,-748,-1156
2026-05-25 07:24:00,16652,-736,-1084
2026-05-25 07:24:02,16648,-708,-1188
2026-05-25 07:24:04,16720,-704,-1180
2026-05-25 07:24:06,16684,-720,-1136
2026-05-25 07:24:08,16696,-760,-1108
2026-05-25 07:24:10,16684,-712,-1156
2026-05-25 07:24:12,16692,-720,-1124
2026-05-25 07:24:14,16708,-720,-1116
2026-05-25 07:24:16,16664,-688,-1120
2026-05-25 07:24:18,16668,-628,-1104
2026-05-25 07:24:20,16716,-704,-1132
2026-05-25 07:24:22,16732,-664,-1200
2026-05-25 07:24:24,16724,-716,-1220
2026-05-25 07:24:26,16688,-704,-1140
2026-05-25 07:24:28,16652,-700,-1284
2026-05-25 07:24:30,16668,-652,-1184
2026-05-25 07:24:32,16712,-672,-1232
2026-05-25 07:24:34,16680,-672,-1208
2026-05-25 07:24:36,16672,-692,-1224
2026-05-25 07:24:38,16636,-708,-1208
2026-05-25 07:24:40,16744,-656,-1108
2026-05-25 07:24:42,16692,-776,-1312
2026-05-25 07:24:44,16604,-748,-1116
2026-05-25 07:24:46,16696,-744,-1200
2026-05-25 07:24:48,16596,-660,-1216
2026-05-25 07:24:50,16700,-688,-1232
2026-05-25 07:24:52,16696,-692,-1124
2026-05-25 07:24:54,16676,-720,-1116
2026-05-25 07:24:56,16676,-680,-1236
2026-05-25 07:24:58,16716,-620,-1100
2026-05-25 07:25:00,16704,-696,-1164
2026-05-25 07:25:02,16716,-676,-1172
2026-05-25 07:25:04,16712,-712,-1212
2026-05-25 07:25:06,16708,-720,-1196
2026-05-25 07:25:08,16760,-688,-1136
2026-05-25 07:25:10,16656,-684,-1152
2026-05-25 07:25:12,16688,-656,-1260
2026-05-25 07:25:14,16692,-708,-1216
2026-05-25 07:25:16,16668,-688,-1148
2026-05-25 07:25:18,16632,-692,-1172
2026-05-25 07:25:20,16760,-732,-1196
2026-05-25 07:25:22,16716,-688,-1196
2026-05-25 07:25:24,16668,-708,-1240
2026-05-25 07:25:26,16680,-712,-1208
2026-05-25 07:25:28,16636,-772,-1092
2026-05-25 07:25:30,16680,-744,-1172
2026-05-25 07:25:32,16668,-712,-1444
2026-05-25 07:25:34,16692,-768,-1192
2026-05-25 07:25:36,16672,-644,-1144
2026-05-25 07:25:38,16700,-636,-1164
2026-05-25 07:25:40,16696,-724,-1232
2026-05-25 07:25:42,16668,-656,-1176
2026-05-25 07:25:44,16692,-712,-1184
2026-05-25 07:25:46,16684,-672,-1160
2026-05-25 07:25:48,16596,-736,-1224
2026-05-25 07:25:50,16688,-720,-1152
2026-05-25 07:25:52,16736,-676,-1156
2026-05-25 07:25:54,16732,-680,-1180
2026-05-25 07:25:56,16708,-700,-1228
2026-05-25 07:25:58,16676,-692,-1060
2026-05-25 07:26:00,16700,-632,-1176
2026-05-25 07:26:02,16684,-700,-1208
2026-05-25 07:26:04,16708,-744,-1184
2026-05-25 07:26:06,16656,-680,-1108
2026-05-25 07:26:08,16724,-692,-1204
2026-05-25 07:26:10,16724,-704,-1192
2026-05-25 07:26:12,16704,-616,-1172
2026-05-25 07:26:14,16716,-676,-1164
2026-05-25 07:26:16,16684,-612,-1100
2026-05-25 07:26:18,16668,-672,-1176
2026-05-25 07:26:20,16724,-620,-1144
2026-05-25 07:26:22,16712,-668,-1160
2026-05-25 07:26:24,16684,-692,-1136
2026-05-25 07:26:26,16732,-648,-1148
2026-05-25 07:26:28,16756,-688,-1196
2026-05-25 07:26:30,16656,-716,-1168
2026-05-25 07:26:32,16704,-708,-1192
2026-05-25 07:26:34,16668,-712,-1168
2026-05-25 07:26:36,16716,-652,-1204
2026-05-25 07:26:38,16720,-668,-1172
2026-05-25 07:26:40,16696,-636,-1148
2026-05-25 07:26:42,16672,-716,-1184
2026-05-25 07:26:44,16692,-724,-1120
2026-05-25 07:26:46,16728,-696,-1184
2026-05-25 07:26:48,16716,-708,-1108
2026-05-25 07:26:50,16708,-664,-1220
2026-05-25 07:26:52,16696,-664,-1092
2026-05-25 07:26:54,16736,-704,-1164
2026-05-25 07:26:56,16676,-712,-1152
2026-05-25 07:26:58,16704,-732,-1180
2026-05-25 07:27:00,16652,-724,-1052
2026-05-25 07:27:02,16660,-684,-1200
2026-05-25 07:27:04,16608,-656,-1172
2026-05-25 07:27:06,16740,-708,-1208
2026-05-25 07:27:08,16668,-656,-1140
2026-05-25 07:27:10,16660,-688,-1220
2026-05-25 07:27:12,16712,-696,-1180
2026-05-25 07:27:14,16728,-680,-1160
2026-05-25 07:27:16,16688,-624,-1104
2026-05-25 07:27:18,16760,-644,-1156
2026-05-25 07:27:20,16680,-676,-1304
2026-05-25 07:27:22,16676,-748,-1080
2026-05-25 07:27:24,16696,-676,-1176
2026-05-25 07:27:26,16704,-632,-1172
2026-05-25 07:27:28,16612,-684,-1180
2026-05-25 07:27:30,16684,-712,-1196
2026-05-25 07:27:32,16636,-696,-1140
2026-05-25 07:27:34,16688,-712,-1172
2026-05-25 07:27:36,16700,-700,-1168
2026-05-25 07:27:38,16752,-724,-1080
2026-05-25 07:27:40,16696,-712,-1124
2026-05-25 07:27:42,16684,-708,-1236
2026-05-25 07:27:44,16648,-724,-1100
2026-05-25 07:27:46,16672,-668,-1192
2026-05-25 07:27:48,16676,-728,-1168
2026-05-25 07:27:50,16772,-688,-1212
2026-05-25 07:27:52,16676,-720,-1120
2026-05-25 07:27:54,16644,-700,-1200
2026-05-25 07:27:56,16636,-704,-1104
2026-05-25 07:27:58,16736,-696,-1124
2026-05-25 07:28:00,16636,-752,-1136
2026-05-25 07:28:02,16672,-676,-1148
2026-05-25 07:28:04,16724,-764,-1096
2026-05-25 07:28:06,16652,-720,-1152
2026-05-25 07:28:08,16696,-708,-1188
2026-05-25 07:28:10,16720,-688,-1108
2026-05-25 07:28:12,16660,-720,-1228
2026-05-25 07:28:14,16712,-672,-1188
2026-05-25 07:28:16,16688,-696,-1144
2026-05-25 07:28:18,16760,-684,-1228
2026-05-25 07:28:20,16684,-744,-1092
2026-05-25 07:28:22,16684,-728,-1132
2026-05-25 07:28:24,16632,-736,-1140
2026-05-25 07:28:26,16704,-712,-1184
2026-05-25 07:28:28,16684,-692,-1120
2026-05-25 07:28:30,16712,-716,-1140
2026-05-25 07:28:32,16628,-708,-1180
2026-05-25 07:28:34,16704,-740,-1120
2026-05-25 07:28:36,16684,-756,-1124
2026-05-25 07:28:38,16664,-680,-1156
2026-05-25 07:28:40,16708,-752,-1228
2026-05-25 07:28:42,16668,-688,-1160
2026-05-25 07:28:44,16724,-704,-1092
2026-05-25 07:28:46,16652,-720,-1176
2026-05-25 07:28:48,16696,-720,-1148
2026-05-25 07:28:50,16668,-688,-1196
2026-05-25 07:28:52,16724,-752,-1192
2026-05-25 07:28:54,16680,-688,-1160
2026-05-25 07:28:56,16720,-756,-1132
2026-05-25 07:28:58,16728,-704,-1188
2026-05-25 07:29:00,16688,-728,-1224
2026-05-25 07:29:02,16676,-728,-1184
2026-05-25 07:29:04,16664,-708,-1228
2026-05-25 07:29:06,16680,-664,-1212
2026-05-25 07:29:08,16656,-776,-1136
2026-05-25 07:29:10,16752,-704,-1172
2026-05-25 07:29:12,16676,-756,-1232
2026-05-25 07:29:14,16684,-652,-1176
2026-05-25 07:29:16,16712,-712,-1152
2026-05-25 07:29:18,16656,-628,-1144
2026-05-25 07:29:20,16660,-684,-1172
2026-05-25 07:29:22,16684,-672,-1232
2026-05-25 07:29:24,16656,-716,-1176
2026-05-25 07:29:26,16708,-700,-1128
2026-05-25 07:29:28,16692,-696,-1156
2026-05-25 07:29:30,16684,-648,-1148
2026-05-25 07:29:32,16644,-676,-1152
2026-05-25 07:29:34,16716,-704,-1092
2026-05-25 07:29:36,16716,-748,-1228
2026-05-25 07:29:38,16752,-704,-1152
2026-05-25 07:29:40,16656,-768,-1196
2026-05-25 07:29:42,16696,-688,-1216
2026-05-25 07:29:44,16676,-692,-1128
2026-05-25 07:29:46,16732,-700,-1200
2026-05-25 07:29:48,16692,-752,-1120
2026-05-25 07:29:50,16716,-672,-1212
2026-05-25 07:29:52,16644,-696,-1284
2026-05-25 07:29:54,16600,-752,-1204
2026-05-25 07:29:56,16680,-684,-1196
2026-05-25 07:29:58,16640,-692,-1172
2026-05-25 07:30:00,16648,-684,-1168
2026-05-25 07:30:02,16660,-744,-1164
2026-05-25 07:30:04,16664,-716,-1256
2026-05-25 07:30:06,16700,-736,-1136
2026-05-25 07:30:08,16668,-708,-1228
2026-05-25 07:30:10,16648,-672,-1208
2026-05-25 07:30:12,16640,-756,-1244
2026-05-25 07:30:14,16732,-752,-1236
2026-05-25 07:30:16,16704,-696,-1200
2026-05-25 07:30:18,16728,-688,-1236
2026-05-25 07:30:20,16700,-728,-1120
2026-05-25 07:30:22,16656,-732,-1264
2026-05-25 07:30:24,16728,-740,-1216
2026-05-25 07:30:26,16704,-732,-1192
2026-05-25 07:30:28,16724,-724,-1164
2026-05-25 07:30:30,16700,-720,-1128
2026-05-25 07:30:32,16704,-704,-1144
2026-05-25 07:30:34,16636,-720,-1204
2026-05-25 07:30:36,16712,-684,-1156
2026-05-25 07:30:38,16724,-728,-1176
2026-05-25 07:30:40,16652,-780,-1124
2026-05-25 07:30:42,16680,-740,-1176
2026-05-25 07:30:44,16652,-724,-1140
2026-05-25 07:30:46,16736,-756,-1120
2026-05-25 07:30:48,16700,-684,-1104
2026-05-25 07:30:50,16632,-744,-1172
2026-05-25 07:30:52,16684,-748,-1200
2026-05-25 07:30:54,16736,-728,-1268
2026-05-25 07:30:56,16644,-696,-1268
2026-05-25 07:30:58,16712,-720,-1128
2026-05-25 07:31:00,16672,-692,-1160
2026-05-25 07:31:02,16692,-660,-1172
2026-05-25 07:31:04,16648,-728,-1140
2026-05-25 07:31:06,16676,-700,-1236
2026-05-25 07:31:08,16760,-708,-1120
2026-05-25 07:31:10,16700,-688,-1220
2026-05-25 07:31:12,16688,-720,-1128
2026-05-25 07:31:14,16752,-736,-1168
2026-05-25 07:31:16,16684,-720,-1184
2026-05-25 07:31:18,16736,-752,-1120
2026-05-25 07:31:20,16684,-716,-1164
2026-05-25 07:31:22,16700,-736,-1208
2026-05-25 07:31:24,16676,-780,-1132
2026-05-25 07:31:26,16692,-724,-1200
2026-05-25 07:31:28,16764,-660,-1072
2026-05-25 07:31:30,16660,-684,-1140
2026-05-25 07:31:32,16688,-660,-1184
2026-05-25 07:31:34,16652,-700,-1208
2026-05-25 07:31:36,16656,-732,-1292
2026-05-25 07:31:38,16612,-756,-1104
2026-05-25 07:31:40,16644,-716,-1228
2026-05-25 07:31:42,16680,-708,-1164
2026-05-25 07:31:44,16700,-760,-1180
2026-05-25 07:31:46,16644,-752,-1136
2026-05-25 07:31:48,16732,-680,-1172
2026-05-25 07:31:50,16768,-612,-1244
2026-05-25 07:31:52,16672,-668,-1192
2026-05-25 07:31:54,16704,-680,-1192
2026-05-25 07:31:56,16708,-744,-1260
2026-05-25 07:31:58,16672,-692,-1152
2026-05-25 07:32:00,16668,-740,-1208
2026-05-25 07:32:02,16676,-708,-1200
2026-05-25 07:32:04,16768,-732,-1116
2026-05-25 07:32:06,16656,-724,-1104
2026-05-25 07:32:08,16736,-708,-1204
2026-05-25 07:32:10,16696,-628,-1204
2026-05-25 07:32:12,16680,-732,-1192
2026-05-25 07:32:14,16712,-700,-1232
2026-05-25 07:32:16,16636,-656,-1200
2026-05-25 07:32:18,16692,-684,-1160
2026-05-25 07:32:20,16712,-688,-1148
2026-05-25 07:32:22,16684,-664,-1120
2026-05-25 07:32:24,16700,-740,-1124
2026-05-25 07:32:26,16660,-672,-1012
2026-05-25 07:32:28,16712,-648,-1232
2026-05-25 07:32:30,16648,-680,-1308
2026-05-25 07:32:32,16668,-712,-1136
2026-05-25 07:32:34,16632,-672,-1144
2026-05-25 07:32:36,16660,-664,-1128
2026-05-25 07:32:38,16664,-684,-1228
2026-05-25 07:32:40,16684,-628,-1200
2026-05-25 07:32:42,16676,-732,-1224
2026-05-25 07:32:44,16720,-636,-1128
2026-05-25 07:32:46,16700,-688,-1136
2026-05-25 07:32:48,16644,-720,-1152
2026-05-25 07:32:50,16652,-696,-1192
2026-05-25 07:32:52,16648,-684,-1180
2026-05-25 07:32:54,16684,-648,-1192
2026-05-25 07:32:56,16684,-700,-1144
2026-05-25 07:32:58,16688,-636,-1144
2026-05-25 07:33:00,16728,-708,-1184
2026-05-25 07:33:02,16672,-652,-1256
2026-05-25 07:33:04,16716,-672,-1200
2026-05-25 07:33:06,16712,-708,-1148
2026-05-25 07:33:08,16712,-664,-1148
2026-05-25 07:33:10,16688,-676,-1100
2026-05-25 07:33:12,16712,-684,-1276
2026-05-25 07:33:14,16636,-648,-1236
2026-05-25 07:33:16,16644,-696,-1156
2026-05-25 07:33:18,16656,-676,-1172
2026-05-25 07:33:20,16660,-704,-1216
2026-05-25 07:33:22,16720,-680,-1156
2026-05-25 07:33:24,16644,-648,-1172
2026-05-25 07:33:26,16720,-756,-1172
2026-05-25 07:33:28,16720,-700,-1180
2026-05-25 07:33:30,16732,-668,-1164
2026-05-25 07:33:32,16684,-752,-1172
2026-05-25 07:33:34,16700,-724,-1244
2026-05-25 07:33:36,16652,-716,-1140
2026-05-25 07:33:38,16632,-672,-1156
2026-05-25 07:33:40,16740,-700,-1180
2026-05-25 07:33:42,16728,-688,-1160
2026-05-25 07:33:44,16676,-704,-1156
2026-05-25 07:33:46,16688,-724,-1152
2026-05-25 07:33:48,16696,-636,-1148
2026-05-25 07:33:50,16696,-692,-1108
2026-05-25 07:33:52,16728,-692,-1104
2026-05-25 07:33:54,16708,-664,-1144
2026-05-25 07:33:56,16668,-668,-1116
2026-05-25 07:33:58,16684,-684,-1136
2026-05-25 07:34:00,16684,-668,-1092
2026-05-25 07:34:02,16668,-660,-1172
2026-05-25 07:34:04,16732,-688,-1124
2026-05-25 07:34:06,16672,-640,-1220
2026-05-25 07:34:08,16712,-704,-1196
2026-05-25 07:34:10,16628,-652,-1144
2026-05-25 07:34:12,16716,-696,-1208
2026-05-25 07:34:14,16660,-668,-1312
2026-05-25 07:34:16,16696,-648,-1180
2026-05-25 07:34:18,16704,-656,-1104
2026-05-25 07:34:20,16708,-640,-1164
2026-05-25 07:34:22,16664,-684,-1180
2026-05-25 07:34:24,16668,-660,-1244
2026-05-25 07:34:26,16712,-652,-1200
2026-05-25 07:34:28,16676,-696,-1176
2026-05-25 07:34:30,16728,-700,-1192
2026-05-25 07:34:32,16776,-612,-1084
2026-05-25 07:34:34,16736,-724,-1216
2026-05-25 07:34:36,16656,-704,-1120
2026-05-25 07:34:38,16672,-712,-1252
2026-05-25 07:34:40,16684,-660,-1140
2026-05-25 07:34:42,16684,-652,-1200
2026-05-25 07:34:44,16688,-676,-1184
2026-05-25 07:34:46,16716,-696,-1200
2026-05-25 07:34:48,16660,-692,-1140
2026-05-25 07:34:50,16680,-764,-1248
2026-05-25 07:34:52,16724,-656,-1216
2026-05-25 07:34:54,16652,-640,-1136
2026-05-25 07:34:56,16732,-724,-1192
2026-05-25 07:34:58,16668,-696,-1168
2026-05-25 07:35:00,16712,-692,-1208
2026-05-25 07:35:02,16712,-704,-1124
2026-05-25 07:35:04,16680,-708,-1180
2026-05-25 07:35:06,16716,-672,-1116
2026-05-25 07:35:08,16664,-672,-1192
2026-05-25 07:35:10,16676,-708,-1132
2026-05-25 07:35:12,16752,-712,-1092
2026-05-25 07:35:14,16696,-728,-1296
2026-05-25 07:35:16,16636,-712,-1148
2026-05-25 07:35:18,16676,-676,-1212
2026-05-25 07:35:20,16704,-680,-1180
2026-05-25 07:35:22,16680,-664,-1124
2026-05-25 07:35:24,16676,-692,-1216
2026-05-25 07:35:26,16736,-728,-1160
2026-05-25 07:35:28,16736,-720,-1108
2026-05-25 07:35:30,16784,-700,-1148
2026-05-25 07:35:32,16648,-660,-1144
2026-05-25 07:35:34,16700,-696,-1136
2026-05-25 07:35:36,16756,-700,-1232
2026-05-25 07:35:38,16668,-688,-1196
2026-05-25 07:35:40,16728,-672,-1244
2026-05-25 07:35:42,16712,-644,-1212
2026-05-25 07:35:44,16744,-632,-1188
2026-05-25 07:35:46,16720,-632,-1100
2026-05-25 07:35:48,16732,-684,-1136
2026-05-25 07:35:50,16684,-720,-1180
2026-05-25 07:35:52,16560,-628,-1380
2026-05-25 07:35:54,16688,-692,-1120
2026-05-25 07:35:56,16636,-672,-1184
2026-05-25 07:35:58,16668,-616,-1156
2026-05-25 07:36:00,16668,-668,-1212
2026-05-25 07:36:02,16708,-640,-1176
2026-05-25 07:36:04,16688,-644,-1180
2026-05-25 07:36:06,16712,-636,-1196
2026-05-25 07:36:08,16572,-660,-1160
2026-05-25 07:36:10,16640,-648,-1128
2026-05-25 07:36:12,16664,-624,-1184
2026-05-25 07:36:14,16716,-672,-1260
2026-05-25 07:36:16,16640,-612,-1164
2026-05-25 07:36:18,16668,-700,-1232
2026-05-25 07:36:20,16736,-700,-1144
2026-05-25 07:36:22,16696,-688,-1176
2026-05-25 07:36:24,16664,-668,-1160
2026-05-25 07:36:26,16680,-692,-1200
2026-05-25 07:36:28,16684,-592,-1132
2026-05-25 07:36:30,16696,-652,-1140
2026-05-25 07:36:32,16644,-616,-1132
2026-05-25 07:36:34,16656,-640,-1164
2026-05-25 07:36:36,16656,-684,-1100
2026-05-25 07:36:38,16680,-616,-1092
2026-05-25 07:36:40,16640,-684,-1240
2026-05-25 07:36:42,16696,-652,-1140
2026-05-25 07:36:44,16684,-664,-1096
2026-05-25 07:36:46,16680,-688,-1236
2026-05-25 07:36:48,16732,-640,-1104
2026-05-25 07:36:50,16680,-656,-1196
2026-05-25 07:36:52,16656,-672,-1160
2026-05-25 07:36:54,16680,-592,-1148
2026-05-25 07:36:56,16688,-596,-1148
2026-05-25 07:36:58,16676,-652,-1072
2026-05-25 07:37:00,16688,-652,-1192
2026-05-25 07:37:02,16688,-668,-1188
2026-05-25 07:37:04,16640,-620,-1204
2026-05-25 07:37:06,16740,-636,-1176
2026-05-25 07:37:08,16736,-624,-1208
2026-05-25 07:37:10,16740,-608,-1204
2026-05-25 07:37:12,16720,-596,-1092
2026-05-25 07:37:14,16672,-660,-1260
2026-05-25 07:37:16,16716,-676,-1196
2026-05-25 07:37:18,16684,-664,-1140
2026-05-25 07:37:20,16676,-676,-1212
2026-05-25 07:37:22,16696,-656,-1264
2026-05-25 07:37:24,16676,-644,-1168
2026-05-25 07:37:26,16632,-688,-1192
2026-05-25 07:37:28,16720,-632,-1168
2026-05-25 07:37:30,16688,-652,-1160
2026-05-25 07:37:32,16736,-680,-1156
2026-05-25 07:37:34,16736,-616,-1152
2026-05-25 07:37:36,16700,-612,-1292
2026-05-25 07:37:38,16684,-636,-1152
2026-05-25 07:37:40,16724,-680,-1212
2026-05-25 07:37:42,16656,-716,-1112
2026-05-25 07:37:44,16696,-584,-1156
2026-05-25 07:37:46,16668,-692,-1172
2026-05-25 07:37:48,16728,-696,-1264
2026-05-25 07:37:50,16664,-704,-1148
2026-05-25 07:37:52,16680,-632,-1148
2026-05-25 07:37:54,16640,-628,-1128
2026-05-25 07:37:56,16640,-640,-1116
2026-05-25 07:37:58,16716,-644,-1184
2026-05-25 07:38:00,16732,-588,-1164
2026-05-25 07:38:02,16716,-640,-1096
2026-05-25 07:38:04,16752,-616,-1156
2026-05-25 07:38:06,16724,-656,-1148
2026-05-25 07:38:08,16668,-692,-1136
2026-05-25 07:38:10,16704,-632,-1164
2026-05-25 07:38:12,16660,-656,-1192
2026-05-25 07:38:14,16688,-628,-1088
2026-05-25 07:38:16,16688,-776,-1156
2026-05-25 07:38:18,16700,-676,-1228
2026-05-25 07:38:20,16716,-708,-1136
2026-05-25 07:38:22,16688,-704,-1160
2026-05-25 07:38:24,16708,-636,-1116
2026-05-25 07:38:26,16736,-704,-1084
2026-05-25 07:38:28,16668,-620,-1096
2026-05-25 07:38:30,16668,-660,-1164
2026-05-25 07:38:32,16740,-692,-1112
2026-05-25 07:38:34,16736,-700,-1216
2026-05-25 07:38:36,16660,-660,-1224
2026-05-25 07:38:38,16708,-608,-1200
2026-05-25 07:38:40,16688,-640,-1180
2026-05-25 07:38:42,16716,-700,-1164
2026-05-25 07:38:44,16692,-652,-1192
2026-05-25 07:38:46,16680,-712,-1208
2026-05-25 07:38:48,16652,-684,-1136
2026-05-25 07:38:50,16708,-700,-1128
2026-05-25 07:38:52,16684,-648,-1200
2026-05-25 07:38:54,16668,-588,-1164
2026-05-25 07:38:56,16720,-692,-1152
2026-05-25 07:38:58,16660,-664,-1264
2026-05-25 07:39:00,16672,-612,-1220
2026-05-25 07:39:02,16668,-656,-1180
2026-05-25 07:39:04,16652,-600,-1180
2026-05-25 07:39:06,16652,-656,-1152
2026-05-25 07:39:08,16728,-644,-1184
2026-05-25 07:39:10,16680,-660,-1180
2026-05-25 07:39:12,16688,-624,-1204
2026-05-25 07:39:14,16604,-648,-1180
2026-05-25 07:39:16,16716,-664,-1184
2026-05-25 07:39:18,16716,-576,-1148
2026-05-25 07:39:20,16676,-704,-1188
2026-05-25 07:39:22,16716,-656,-1156
2026-05-25 07:39:24,16724,-628,-1220
2026-05-25 07:39:26,16704,-672,-1096
2026-05-25 07:39:28,16708,-608,-1184
2026-05-25 07:39:30,16656,-668,-1240
2026-05-25 07:39:32,16672,-728,-1148
2026-05-25 07:39:34,16700,-684,-1208
2026-05-25 07:39:36,16676,-664,-1096
2026-05-25 07:39:38,16668,-628,-1260
2026-05-25 07:39:40,16696,-672,-1152
2026-05-25 07:39:42,16652,-744,-1228
2026-05-25 07:39:44,16688,-700,-1216
2026-05-25 07:39:46,16668,-684,-1188
2026-05-25 07:39:48,16696,-676,-1080
2026-05-25 07:39:50,16708,-632,-1200
2026-05-25 07:39:52,16744,-604,-1192
2026-05-25 07:39:54,16708,-592,-1204
2026-05-25 07:39:56,16680,-668,-1144
2026-05-25 07:39:58,16728,-676,-1176
2026-05-25 07:40:00,16688,-684,-1204
2026-05-25 07:40:02,16748,-604,-1120
2026-05-25 07:40:04,16704,-664,-1168
2026-05-25 07:40:06,16700,-688,-1104
2026-05-25 07:40:08,16692,-684,-1152
2026-05-25 07:40:10,16724,-676,-1204
2026-05-25 07:40:12,16696,-668,-1184
2026-05-25 07:40:14,16676,-672,-1208
2026-05-25 07:40:16,16748,-616,-1200
2026-05-25 07:40:18,16736,-676,-1144
2026-05-25 07:40:20,16684,-640,-1144
2026-05-25 07:40:22,16660,-616,-1184
2026-05-25 07:40:24,16700,-660,-1236
2026-05-25 07:40:26,16692,-668,-1340
2026-05-25 07:40:28,16684,-652,-1260
2026-05-25 07:40:30,16732,-624,-1200
2026-05-25 07:40:32,16724,-620,-1160
2026-05-25 07:40:34,16644,-628,-1240
2026-05-25 07:40:36,16728,-636,-1168
2026-05-25 07:40:38,16692,-596,-1184
2026-05-25 07:40:40,16656,-640,-1064
2026-05-25 07:40:42,16684,-732,-1200
2026-05-25 07:40:44,16772,-588,-1228
2026-05-25 07:40:46,16684,-612,-1184
2026-05-25 07:40:48,16784,-616,-1160
2026-05-25 07:40:50,16676,-660,-1132
2026-05-25 07:40:52,16688,-660,-1156
2026-05-25 07:40:54,16672,-652,-1104
2026-05-25 07:40:56,16692,-652,-1152
2026-05-25 07:40:58,16704,-640,-1120
2026-05-25 07:41:00,16648,-660,-1236
2026-05-25 07:41:02,16680,-648,-1232
2026-05-25 07:41:04,16672,-704,-1128
2026-05-25 07:41:06,16696,-636,-1168
2026-05-25 07:41:08,16688,-656,-1208
2026-05-25 07:41:10,16708,-620,-1124
2026-05-25 07:41:12,16664,-624,-1108
2026-05-25 07:41:14,16696,-604,-1180
2026-05-25 07:41:16,16660,-632,-1164
2026-05-25 07:41:18,16724,-748,-1208
2026-05-25 07:41:20,16704,-720,-1192
2026-05-25 07:41:22,16744,-652,-1180
2026-05-25 07:41:24,16700,-588,-1180
2026-05-25 07:41:26,16672,-596,-1208
2026-05-25 07:41:28,16728,-640,-1228
2026-05-25 07:41:30,16752,-644,-1132
2026-05-25 07:41:32,16672,-672,-1140
2026-05-25 07:41:34,16728,-644,-1140
2026-05-25 07:41:36,16708,-644,-1140
2026-05-25 07:41:38,16736,-644,-1136
2026-05-25 07:41:40,16712,-716,-1148
2026-05-25 07:41:42,16644,-668,-1148
2026-05-25 07:41:44,16708,-624,-1212
2026-05-25 07:41:46,16720,-624,-1152
2026-05-25 07:41:48,16712,-688,-1176
2026-05-25 07:41:50,16712,-664,-1092
2026-05-25 07:41:52,16744,-688,-1144
2026-05-25 07:41:54,16672,-580,-1112
2026-05-25 07:41:56,16732,-660,-1112
2026-05-25 07:41:58,16708,-668,-1108
2026-05-25 07:42:00,16696,-636,-1228
2026-05-25 07:42:02,16716,-580,-1184
2026-05-25 07:42:04,16696,-636,-1132
2026-05-25 07:42:06,16648,-640,-1232
2026-05-25 07:42:08,16680,-696,-1240
2026-05-25 07:42:10,16660,-684,-1144
2026-05-25 07:42:12,16644,-628,-1168
2026-05-25 07:42:14,16736,-664,-1144
2026-05-25 07:42:16,16660,-600,-1204
2026-05-25 07:42:18,16704,-696,-1140
2026-05-25 07:42:20,16640,-644,-1132
2026-05-25 07:42:22,16780,-588,-1176
2026-05-25 07:42:24,16696,-660,-1112
2026-05-25 07:42:26,16724,-596,-1144
2026-05-25 07:42:28,16644,-620,-1148
2026-05-25 07:42:30,16764,-604,-1120
2026-05-25 07:42:32,16800,-688,-1108
2026-05-25 07:42:34,16700,-712,-1208
2026-05-25 07:42:36,16684,-632,-1252
2026-05-25 07:42:38,16688,-668,-1276
2026-05-25 07:42:40,16648,-664,-1136
2026-05-25 07:42:42,16708,-684,-1124
2026-05-25 07:42:44,16676,-660,-1172
2026-05-25 07:42:46,16656,-648,-1160
2026-05-25 07:42:48,16656,-628,-1276
2026-05-25 07:42:50,16672,-628,-1236
2026-05-25 07:42:52,16672,-692,-1212
2026-05-25 07:42:54,16696,-636,-1160
2026-05-25 07:42:56,16648,-676,-1104
2026-05-25 07:42:58,16696,-656,-1108
2026-05-25 07:43:00,16656,-644,-1156
2026-05-25 07:43:02,16644,-724,-1140
2026-05-25 07:43:04,16720,-640,-1200
2026-05-25 07:43:06,16704,-684,-1248
2026-05-25 07:43:08,16672,-636,-1184
2026-05-25 07:43:10,16692,-660,-1188
2026-05-25 07:43:12,16656,-580,-1132
2026-05-25 07:43:14,16684,-644,-1064
2026-05-25 07:43:16,16692,-612,-1148
2026-05-25 07:43:18,16756,-616,-1108
2026-05-25 07:43:20,16704,-668,-1140
2026-05-25 07:43:22,16672,-700,-1260
2026-05-25 07:43:24,16724,-636,-1232
2026-05-25 07:43:26,16700,-664,-1308
2026-05-25 07:43:28,16724,-628,-1204
2026-05-25 07:43:30,16652,-620,-1296
2026-05-25 07:43:32,16728,-664,-1132
2026-05-25 07:43:34,16700,-672,-1136
2026-05-25 07:43:36,16740,-640,-1144
2026-05-25 07:43:38,16716,-636,-1180
2026-05-25 07:43:40,16728,-668,-1164
2026-05-25 07:43:42,16692,-596,-1108
2026-05-25 07:43:44,16724,-628,-1136
2026-05-25 07:43:46,16676,-620,-1204
2026-05-25 07:43:48,16684,-640,-1136
2026-05-25 07:43:50,16664,-676,-1212
2026-05-25 07:43:52,16684,-608,-1116
2026-05-25 07:43:54,16720,-612,-1200
2026-05-25 07:43:56,16712,-636,-1060
2026-05-25 07:43:58,16664,-632,-1248
2026-05-25 07:44:00,16708,-652,-1228
2026-05-25 07:44:02,16716,-660,-1204
2026-05-25 07:44:04,16684,-676,-1148
2026-05-25 07:44:06,16692,-624,-1160
2026-05-25 07:44:08,16632,-636,-1104
2026-05-25 07:44:10,16644,-696,-1136
2026-05-25 07:44:12,16756,-700,-1148
2026-05-25 07:44:14,16648,-584,-1156
2026-05-25 07:44:16,16632,-684,-1068
2026-05-25 07:44:18,16716,-616,-1240
2026-05-25 07:44:20,16760,-572,-1152
2026-05-25 07:44:22,16720,-648,-1196
2026-05-25 07:44:24,16756,-676,-1156
2026-05-25 07:44:26,16680,-652,-1212
2026-05-25 07:44:28,16720,-648,-1148
2026-05-25 07:44:30,16656,-684,-1240
2026-05-25 07:44:32,16684,-664,-1160
2026-05-25 07:44:34,16704,-644,-1136
2026-05-25 07:44:36,16644,-664,-1156
2026-05-25 07:44:38,16664,-692,-1216
2026-05-25 07:44:40,16732,-620,-1180
2026-05-25 07:44:42,16736,-564,-1192
2026-05-25 07:44:44,16684,-596,-1220
2026-05-25 07:44:46,16680,-672,-1116
2026-05-25 07:44:48,16692,-648,-1144
2026-05-25 07:44:50,16732,-580,-1148
2026-05-25 07:44:52,16676,-616,-1232
2026-05-25 07:44:54,16704,-648,-1212
2026-05-25 07:44:56,16640,-640,-1176
2026-05-25 07:44:58,16668,-656,-1124
2026-05-25 07:45:00,16692,-616,-1176
2026-05-25 07:45:02,16708,-708,-1200
2026-05-25 07:45:04,16720,-608,-1164
2026-05-25 07:45:06,16680,-648,-1244
2026-05-25 07:45:08,16644,-636,-1232
2026-05-25 07:45:10,16672,-696,-1296
2026-05-25 07:45:12,16668,-664,-1160
2026-05-25 07:45:14,16688,-668,-1192
2026-05-25 07:45:16,16700,-636,-1220
2026-05-25 07:45:18,16700,-632,-1168
2026-05-25 07:45:20,16708,-644,-1104
2026-05-25 07:45:22,16656,-716,-1168
2026-05-25 07:45:24,16712,-620,-1192
2026-05-25 07:45:26,16660,-616,-1136
2026-05-25 07:45:28,16760,-636,-1132
2026-05-25 07:45:30,16716,-660,-1200
2026-05-25 07:45:32,16696,-656,-1216
2026-05-25 07:45:34,16700,-660,-1252
2026-05-25 07:45:36,16656,-680,-1120
2026-05-25 07:45:38,16752,-636,-1136
2026-05-25 07:45:40,16724,-700,-1180
2026-05-25 07:45:42,16680,-596,-1188
2026-05-25 07:45:44,16692,-640,-1176
2026-05-25 07:45:46,16664,-628,-1276
2026-05-25 07:45:48,16676,-640,-1124
2026-05-25 07:45:50,16672,-680,-1100
2026-05-25 07:45:52,16732,-668,-1200
2026-05-25 07:45:54,16700,-676,-1284
2026-05-25 07:45:56,16672,-676,-1168
2026-05-25 07:45:58,16700,-660,-1100
2026-05-25 07:46:00,16696,-648,-1084
2026-05-25 07:46:02,16732,-652,-1088
2026-05-25 07:46:04,16708,-640,-1080
2026-05-25 07:46:06,16716,-636,-1136
2026-05-25 07:46:08,16648,-636,-1288
2026-05-25 07:46:10,16752,-648,-1184
2026-05-25 07:46:12,16672,-660,-1128
2026-05-25 07:46:14,16788,-580,-1124
2026-05-25 07:46:16,16672,-596,-1160
2026-05-25 07:46:18,16696,-596,-1072
2026-05-25 07:46:20,16632,-636,-1176
2026-05-25 07:46:22,16704,-660,-1172
2026-05-25 07:46:24,16692,-632,-1180
2026-05-25 07:46:26,16672,-640,-1280
2026-05-25 07:46:28,16692,-696,-1180
2026-05-25 07:46:30,16692,-632,-1144
2026-05-25 07:46:32,16684,-664,-1160
2026-05-25 07:46:34,16672,-640,-1084
2026-05-25 07:46:36,16668,-620,-1252
2026-05-25 07:46:38,16640,-624,-1184
2026-05-25 07:46:40,16684,-656,-1160
2026-05-25 07:46:42,16648,-600,-1196
2026-05-25 07:46:44,16732,-600,-1192
2026-05-25 07:46:46,16692,-628,-1208
2026-05-25 07:46:48,16708,-632,-1172
2026-05-25 07:46:50,16704,-620,-1132
2026-05-25 07:46:52,16752,-668,-1168
2026-05-25 07:46:54,16656,-660,-1176
2026-05-25 07:46:56,16708,-584,-1184
2026-05-25 07:46:58,16684,-664,-1168
2026-05-25 07:47:00,16636,-656,-1168
2026-05-25 07:47:02,16712,-604,-1228
2026-05-25 07:47:04,16652,-548,-1184
2026-05-25 07:47:06,16664,-676,-1168
2026-05-25 07:47:08,16740,-636,-1192
2026-05-25 07:47:10,16700,-640,-1184
2026-05-25 07:47:12,16612,-648,-1120
2026-05-25 07:47:14,16700,-620,-1172
2026-05-25 07:47:16,16740,-620,-1280
2026-05-25 07:47:18,16692,-672,-1000
2026-05-25 07:47:20,16684,-688,-1284
2026-05-25 07:47:22,16664,-668,-1204
2026-05-25 07:47:24,16676,-652,-1220
2026-05-25 07:47:26,16684,-668,-1144
2026-05-25 07:47:28,16644,-636,-1188
2026-05-25 07:47:30,16740,-624,-1164
2026-05-25 07:47:32,16704,-660,-1112
2026-05-25 07:47:34,16700,-632,-1156
2026-05-25 07:47:36,16692,-680,-1192
2026-05-25 07:47:38,16680,-616,-1148
2026-05-25 07:47:40,16708,-676,-1168
2026-05-25 07:47:42,16728,-668,-1148
2026-05-25 07:47:44,16740,-660,-1120
2026-05-25 07:47:46,16728,-648,-1116
2026-05-25 07:47:48,16736,-664,-1216
2026-05-25 07:47:50,16680,-656,-1156
2026-05-25 07:47:52,16696,-696,-1088
2026-05-25 07:47:54,16740,-652,-1104
2026-05-25 07:47:56,16668,-648,-1140
2026-05-25 07:47:58,16708,-608,-1188
2026-05-25 07:48:00,16692,-624,-1184
2026-05-25 07:48:02,16632,-632,-1184
2026-05-25 07:48:04,16684,-612,-1140
2026-05-25 07:48:06,16756,-632,-1116
2026-05-25 07:48:08,16680,-648,-1092
2026-05-25 07:48:10,16696,-600,-1208
2026-05-25 07:48:12,16636,-612,-1272
2026-05-25 07:48:14,16688,-660,-1204
2026-05-25 07:48:16,16744,-616,-1128
2026-05-25 07:48:18,16676,-676,-1164
2026-05-25 07:48:20,16616,-680,-1300
2026-05-25 07:48:22,16652,-676,-1204
2026-05-25 07:48:24,16676,-632,-1136
2026-05-25 07:48:26,16728,-604,-1164
2026-05-25 07:48:28,16712,-664,-1156
2026-05-25 07:48:30,16696,-668,-1188
2026-05-25 07:48:32,16660,-724,-1164
2026-05-25 07:48:34,16668,-620,-1220
2026-05-25 07:48:36,16668,-632,-1136
2026-05-25 07:48:38,16668,-568,-1176
2026-05-25 07:48:40,16660,-720,-1196
2026-05-25 07:48:42,16684,-668,-1184
2026-05-25 07:48:44,16684,-628,-1144
2026-05-25 07:48:46,16660,-616,-1220
2026-05-25 07:48:48,16748,-620,-1088
2026-05-25 07:48:50,16672,-648,-1204
2026-05-25 07:48:52,16644,-620,-1204
2026-05-25 07:48:54,16648,-664,-1244
2026-05-25 07:48:56,16736,-632,-1116
2026-05-25 07:48:58,16728,-716,-1204
2026-05-25 07:49:00,16640,-608,-1288
2026-05-25 07:49:02,16688,-624,-1208
2026-05-25 07:49:04,16756,-640,-1080
2026-05-25 07:49:06,16712,-668,-1300
2026-05-25 07:49:08,16680,-628,-1240
2026-05-25 07:49:10,16692,-632,-1192
2026-05-25 07:49:12,16660,-644,-1164
2026-05-25 07:49:14,16688,-600,-1260
2026-05-25 07:49:16,16668,-684,-1136
2026-05-25 07:49:18,16696,-648,-1088
2026-05-25 07:49:20,16724,-652,-1160
2026-05-25 07:49:22,16676,-604,-1204
2026-05-25 07:49:24,16720,-660,-1120
2026-05-25 07:49:26,16716,-584,-1240
2026-05-25 07:49:28,16788,-680,-1232
2026-05-25 07:49:30,16704,-624,-1128
2026-05-25 07:49:32,16724,-680,-1208
2026-05-25 07:49:34,16676,-680,-1212
2026-05-25 07:49:36,16712,-656,-1212
2026-05-25 07:49:38,16752,-644,-1084
2026-05-25 07:49:40,16724,-608,-1144
2026-05-25 07:49:42,16692,-652,-1204
2026-05-25 07:49:44,16680,-684,-1184
2026-05-25 07:49:46,16760,-684,-1156
2026-05-25 07:49:48,16668,-676,-1168
2026-05-25 07:49:50,16700,-660,-1104
2026-05-25 07:49:52,16692,-628,-1064
2026-05-25 07:49:54,16672,-588,-1244
2026-05-25 07:49:56,16744,-636,-1284
2026-05-25 07:49:58,16656,-604,-1160
2026-05-25 07:50:00,16752,-660,-1148
2026-05-25 07:50:02,16696,-668,-1176
2026-05-25 07:50:04,16676,-652,-1252
2026-05-25 07:50:06,16696,-616,-1184
2026-05-25 07:50:08,16672,-660,-1224
2026-05-25 07:50:10,16720,-708,-1248
2026-05-25 07:50:12,16664,-668,-1260
2026-05-25 07:50:14,16708,-652,-1160
2026-05-25 07:50:16,16684,-636,-1232
2026-05-25 07:50:18,16660,-620,-1224
2026-05-25 07:50:20,16684,-616,-1212
2026-05-25 07:50:22,16760,-652,-1188
2026-05-25 07:50:24,16668,-664,-1248
2026-05-25 07:50:26,16692,-704,-1152
2026-05-25 07:50:28,16680,-652,-1172
2026-05-25 07:50:30,16744,-680,-1188
2026-05-25 07:50:32,16624,-616,-1228
2026-05-25 07:50:34,16640,-676,-1148
2026-05-25 07:50:36,16656,-652,-1144
2026-05-25 07:50:38,16648,-656,-1264
2026-05-25 07:50:40,16716,-652,-1264
2026-05-25 07:50:42,16712,-660,-1160
2026-05-25 07:50:44,16668,-672,-1156
2026-05-25 07:50:46,16736,-716,-1192
2026-05-25 07:50:48,16696,-640,-1176
2026-05-25 07:50:50,16684,-664,-1220
2026-05-25 07:50:52,16684,-700,-1176
2026-05-25 07:50:54,16652,-676,-1248
2026-05-25 07:50:56,16704,-676,-1172
2026-05-25 07:50:58,16688,-664,-1124
2026-05-25 07:51:00,16708,-716,-1128
2026-05-25 07:51:02,16724,-672,-1196
2026-05-25 07:51:04,16716,-676,-1176
2026-05-25 07:51:06,16688,-668,-1164
2026-05-25 07:51:08,16692,-636,-1128
2026-05-25 07:51:10,16692,-732,-1204
2026-05-25 07:51:12,16636,-672,-1132
2026-05-25 07:51:14,16684,-656,-1252
2026-05-25 07:51:16,16664,-588,-1108
2026-05-25 07:51:18,16664,-624,-1132
2026-05-25 07:51:20,16648,-644,-1128
2026-05-25 07:51:22,16724,-680,-1224
2026-05-25 07:51:24,16720,-632,-1252
2026-05-25 07:51:26,16660,-668,-1176
2026-05-25 07:51:28,16696,-676,-1196
2026-05-25 07:51:30,16708,-644,-1172
2026-05-25 07:51:32,16692,-640,-1168
2026-05-25 07:51:34,16724,-624,-1280
2026-05-25 07:51:36,16652,-692,-1232
2026-05-25 07:51:38,16760,-612,-1240
2026-05-25 07:51:40,16684,-680,-1256
2026-05-25 07:51:42,16724,-640,-1196
2026-05-25 07:51:44,16724,-628,-1060
2026-05-25 07:51:46,16700,-632,-1124
2026-05-25 07:51:48,16708,-616,-1204
2026-05-25 07:51:50,16648,-636,-1124
2026-05-25 07:51:52,16748,-576,-1256
2026-05-25 07:51:54,16720,-660,-1156
2026-05-25 07:51:56,16708,-660,-1288
2026-05-25 07:51:58,16656,-660,-1160
2026-05-25 07:52:00,16704,-656,-1088
2026-05-25 07:52:02,16644,-644,-1156
2026-05-25 07:52:04,16708,-600,-1176
2026-05-25 07:52:06,16676,-676,-1156
2026-05-25 07:52:08,16684,-640,-1280
2026-05-25 07:52:10,16708,-608,-1172
2026-05-25 07:52:12,16700,-684,-1196
2026-05-25 07:52:14,16688,-644,-1136
2026-05-25 07:52:16,16624,-668,-1224
2026-05-25 07:52:18,16724,-628,-1120
2026-05-25 07:52:20,16664,-660,-1164
2026-05-25 07:52:22,16700,-588,-1132
2026-05-25 07:52:24,16648,-644,-1264
2026-05-25 07:52:26,16728,-696,-1244
2026-05-25 07:52:28,16736,-616,-1164
2026-05-25 07:52:30,16688,-616,-1248
2026-05-25 07:52:32,16696,-628,-1180
2026-05-25 07:52:34,16664,-652,-1124
2026-05-25 07:52:36,16736,-608,-1256
2026-05-25 07:52:38,16648,-684,-1176
2026-05-25 07:52:40,16696,-692,-1156
2026-05-25 07:52:42,16720,-676,-1224
2026-05-25 07:52:44,16708,-684,-1180
2026-05-25 07:52:46,16728,-696,-1284
2026-05-25 07:52:48,16760,-628,-1204
2026-05-25 07:52:50,16684,-680,-1136
2026-05-25 07:52:52,16692,-636,-1176
2026-05-25 07:52:54,16764,-624,-1144
2026-05-25 07:52:56,16644,-664,-1096
2026-05-25 07:52:58,16672,-632,-1260
2026-05-25 07:53:00,16776,-592,-1212
2026-05-25 07:53:02,16724,-608,-1160
2026-05-25 07:53:04,16704,-644,-1156
2026-05-25 07:53:06,16684,-632,-1288
2026-05-25 07:53:08,16728,-632,-1128
2026-05-25 07:53:10,16656,-588,-1144
2026-05-25 07:53:12,16752,-596,-1116
2026-05-25 07:53:14,16752,-580,-1160
2026-05-25 07:53:16,16656,-628,-1180
2026-05-25 07:53:18,16720,-632,-1152
2026-05-25 07:53:20,16656,-624,-1216
2026-05-25 07:53:22,16712,-632,-1200
2026-05-25 07:53:24,16748,-628,-1148
2026-05-25 07:53:26,16752,-696,-1180
2026-05-25 07:53:28,16732,-632,-1144
2026-05-25 07:53:30,16688,-628,-1140
2026-05-25 07:53:32,16676,-616,-1148
2026-05-25 07:53:34,16684,-576,-1224
2026-05-25 07:53:36,16644,-628,-1152
2026-05-25 07:53:38,16728,-592,-1212
2026-05-25 07:53:40,16676,-668,-1208
2026-05-25 07:53:42,16664,-624,-1148
2026-05-25 07:53:44,16768,-644,-1276
2026-05-25 07:53:46,16668,-680,-1112
2026-05-25 07:53:48,16648,-660,-1180
2026-05-25 07:53:50,16692,-580,-1108
2026-05-25 07:53:52,16652,-620,-1108
2026-05-25 07:53:54,16624,-628,-1092
2026-05-25 07:53:56,16708,-600,-1252
2026-05-25 07:53:58,16712,-656,-1196
2026-05-25 07:54:00,16684,-680,-1216
2026-05-25 07:54:02,16704,-640,-1232
2026-05-25 07:54:04,16756,-600,-1180
2026-05-25 07:54:06,16640,-604,-1136
2026-05-25 07:54:08,16672,-588,-1188
2026-05-25 07:54:10,16676,-580,-1200
2026-05-25 07:54:12,16656,-616,-1188
2026-05-25 07:54:14,16752,-628,-1108
2026-05-25 07:54:16,16736,-572,-1104
2026-05-25 07:54:18,16724,-608,-1076
2026-05-25 07:54:20,16712,-612,-1108
2026-05-25 07:54:22,16708,-612,-1136
2026-05-25 07:54:24,16696,-592,-1068
2026-05-25 07:54:26,16672,-664,-1116
2026-05-25 07:54:28,16672,-636,-1136
2026-05-25 07:54:30,16684,-588,-1128
2026-05-25 07:54:32,16724,-576,-1192
2026-05-25 07:54:34,16716,-624,-1140
2026-05-25 07:54:36,16692,-556,-1176
2026-05-25 07:54:38,16704,-608,-1216
2026-05-25 07:54:40,16664,-608,-1184
2026-05-25 07:54:42,16700,-620,-1124
2026-05-25 07:54:44,16696,-672,-1168
2026-05-25 07:54:46,16692,-628,-1200
2026-05-25 07:54:48,16736,-680,-1084
2026-05-25 07:54:50,16652,-620,-1152
2026-05-25 07:54:52,16708,-752,-1168
2026-05-25 07:54:54,16664,-604,-1208
2026-05-25 07:54:56,16756,-644,-1248
2026-05-25 07:54:58,16668,-684,-1116
2026-05-25 07:55:00,16716,-660,-1184
2026-05-25 07:55:02,16732,-624,-1176
2026-05-25 07:55:04,16728,-628,-1224
2026-05-25 07:55:06,16716,-592,-1060
2026-05-25 07:55:08,16724,-692,-1068
2026-05-25 07:55:10,16664,-652,-1104
2026-05-25 07:55:12,16716,-640,-1144
2026-05-25 07:55:14,16744,-568,-1240
2026-05-25 07:55:16,16708,-648,-1076
2026-05-25 07:55:18,16660,-704,-1184
2026-05-25 07:55:20,16672,-576,-1256
2026-05-25 07:55:22,16688,-700,-1132
2026-05-25 07:55:24,16712,-660,-1108
2026-05-25 07:55:26,16716,-620,-1108
2026-05-25 07:55:28,16724,-620,-1188
2026-05-25 07:55:30,16712,-572,-1116
2026-05-25 07:55:32,16676,-652,-1092
2026-05-25 07:55:34,16688,-656,-1228
2026-05-25 07:55:36,16680,-632,-1084
2026-05-25 07:55:38,16672,-632,-1172
2026-05-25 07:55:40,16680,-624,-1132
2026-05-25 07:55:42,16728,-676,-1120
2026-05-25 07:55:44,16724,-668,-1148
2026-05-25 07:55:46,16640,-652,-1128
2026-05-25 07:55:48,16684,-596,-1216
2026-05-25 07:55:50,16720,-564,-1096
2026-05-25 07:55:52,16668,-636,-1180
2026-05-25 07:55:54,16648,-660,-1176
2026-05-25 07:55:56,16692,-616,-1176
2026-05-25 07:55:58,16668,-596,-1152
2026-05-25 07:56:00,16684,-624,-1200
2026-05-25 07:56:02,16668,-644,-1120
2026-05-25 07:56:04,16664,-640,-1092
2026-05-25 07:56:06,16688,-600,-1156
2026-05-25 07:56:08,16640,-636,-1136
2026-05-25 07:56:10,16668,-616,-1196
2026-05-25 07:56:12,16672,-600,-1160
2026-05-25 07:56:14,16712,-576,-1124
2026-05-25 07:56:16,16708,-580,-1156
2026-05-25 07:56:18,16664,-632,-1284
2026-05-25 07:56:20,16760,-620,-1124
2026-05-25 07:56:22,16664,-596,-1208
2026-05-25 07:56:24,16668,-620,-1208
2026-05-25 07:56:26,16652,-620,-1196
2026-05-25 07:56:28,16700,-616,-1200
2026-05-25 07:56:30,16688,-608,-1112
2026-05-25 07:56:32,16728,-664,-1136
2026-05-25 07:56:34,16736,-624,-1280
2026-05-25 07:56:36,16680,-564,-1132
2026-05-25 07:56:38,16684,-616,-1200
2026-05-25 07:56:40,16680,-636,-1124
2026-05-25 07:56:42,16684,-620,-1144
2026-05-25 07:56:44,16672,-656,-1120
2026-05-25 07:56:46,16704,-620,-1196
2026-05-25 07:56:48,16672,-600,-1124
2026-05-25 07:56:50,16660,-632,-1156
2026-05-25 07:56:52,16668,-572,-1192
2026-05-25 07:56:54,16696,-628,-1132
2026-05-25 07:56:56,16680,-616,-1204
2026-05-25 07:56:58,16680,-640,-1084
2026-05-25 07:57:00,16736,-628,-1188
2026-05-25 07:57:02,16704,-648,-1208
2026-05-25 07:57:04,16684,-612,-1280
2026-05-25 07:57:06,16740,-620,-1160
2026-05-25 07:57:08,16664,-648,-1180
2026-05-25 07:57:10,16656,-616,-1144
2026-05-25 07:57:12,16648,-656,-1156
2026-05-25 07:57:14,16744,-640,-1160
2026-05-25 07:57:16,16676,-688,-1156
2026-05-25 07:57:18,16736,-600,-1148
2026-05-25 07:57:20,16652,-568,-1192
2026-05-25 07:57:22,16708,-608,-1132
2026-05-25 07:57:24,16732,-676,-1152
2026-05-25 07:57:26,16680,-640,-1212
2026-05-25 07:57:28,16692,-684,-1144
2026-05-25 07:57:30,16640,-648,-1116
2026-05-25 07:57:32,16668,-652,-1144
2026-05-25 07:57:34,16724,-648,-1240
2026-05-25 07:57:36,16668,-584,-1204
2026-05-25 07:57:38,16668,-648,-1232
2026-05-25 07:57:40,16644,-624,-1188
2026-05-25 07:57:42,16708,-644,-1152
2026-05-25 07:57:44,16696,-624,-1180
2026-05-25 07:57:46,16764,-628,-1176
2026-05-25 07:57:48,16688,-588,-1164
2026-05-25 07:57:50,16664,-584,-1168
2026-05-25 07:57:52,16696,-636,-1104
2026-05-25 07:57:54,16684,-572,-1080
2026-05-25 07:57:56,16656,-608,-1144
2026-05-25 07:57:58,16728,-676,-1116
2026-05-25 07:58:00,16708,-648,-1168
2026-05-25 07:58:02,16660,-668,-1176
2026-05-25 07:58:04,16688,-624,-1180
2026-05-25 07:58:06,16740,-624,-1260
2026-05-25 07:58:08,16696,-596,-1172
2026-05-25 07:58:10,16696,-624,-1096
2026-05-25 07:58:12,16732,-636,-1132
2026-05-25 07:58:14,16684,-596,-1168
2026-05-25 07:58:16,16756,-616,-1156
2026-05-25 07:58:18,16720,-584,-1188
2026-05-25 07:58:20,16688,-612,-1232
2026-05-25 07:58:22,16724,-560,-1224
2026-05-25 07:58:24,16716,-628,-1156
2026-05-25 07:58:26,16748,-664,-1140
2026-05-25 07:58:28,16732,-632,-1184
2026-05-25 07:58:30,16680,-660,-1180
2026-05-25 07:58:32,16624,-636,-1148
2026-05-25 07:58:34,16684,-624,-1192
2026-05-25 07:58:36,16692,-676,-1136
2026-05-25 07:58:38,16692,-588,-1132
2026-05-25 07:58:40,16736,-644,-1108
2026-05-25 07:58:42,16680,-608,-1160
2026-05-25 07:58:44,16736,-692,-1184
2026-05-25 07:58:46,16744,-660,-1060
2026-05-25 07:58:48,16676,-608,-1100
2026-05-25 07:58:50,16712,-644,-1216
2026-05-25 07:58:52,16656,-632,-1136
2026-05-25 07:58:54,16704,-596,-1084
2026-05-25 07:58:56,16688,-640,-1108
2026-05-25 07:58:58,16748,-628,-1180
2026-05-25 07:59:00,16640,-652,-1172
2026-05-25 07:59:02,16684,-632,-1204
2026-05-25 07:59:04,16648,-608,-1104
2026-05-25 07:59:06,16668,-548,-1204
2026-05-25 07:59:08,16688,-624,-1232
2026-05-25 07:59:10,16736,-600,-1140
2026-05-25 07:59:12,16724,-624,-1132
2026-05-25 07:59:14,16688,-628,-1168
2026-05-25 07:59:16,16720,-612,-1176
2026-05-25 07:59:18,16688,-584,-1260
2026-05-25 07:59:20,16724,-552,-1180
2026-05-25 07:59:22,16700,-664,-1116
2026-05-25 07:59:24,16708,-680,-1116
2026-05-25 07:59:26,16676,-656,-1024
2026-05-25 07:59:28,16716,-596,-1264
2026-05-25 07:59:30,16684,-656,-1156
2026-05-25 07:59:32,16656,-580,-1152
2026-05-25 07:59:34,16688,-620,-1136
2026-05-25 07:59:36,16700,-632,-1196
2026-05-25 07:59:38,16664,-660,-1160
2026-05-25 07:59:40,16728,-644,-1220
2026-05-25 07:59:42,16712,-588,-1184
2026-05-25 07:59:44,16640,-596,-1132
2026-05-25 07:59:46,16680,-652,-1032
2026-05-25 07:59:48,16668,-592,-1096
2026-05-25 07:59:50,16728,-644,-1184
2026-05-25 07:59:52,16728,-656,-1168
2026-05-25 07:59:54,16652,-632,-1120
2026-05-25 07:59:56,16724,-648,-1108
2026-05-25 07:59:58,16692,-596,-1032
2026-05-25 08:00:00,16692,-668,-1092
2026-05-25 08:00:02,16724,-628,-1248
2026-05-25 08:00:04,16736,-620,-1132
2026-05-25 08:00:06,16688,-632,-1088
2026-05-25 08:00:08,16708,-624,-1020
2026-05-25 08:00:10,16728,-668,-1092
2026-05-25 08:00:12,16684,-596,-1124
2026-05-25 08:00:14,16728,-600,-1092
2026-05-25 08:00:16,16628,-604,-1192
2026-05-25 08:00:18,16636,-660,-1048
2026-05-25 08:00:20,16692,-644,-1124
2026-05-25 08:00:22,16660,-648,-1192
2026-05-25 08:00:24,16672,-708,-1144
2026-05-25 08:00:26,16664,-620,-1180
2026-05-25 08:00:28,16684,-568,-1248
2026-05-25 08:00:30,16752,-672,-1188
2026-05-25 08:00:32,16692,-660,-1132
2026-05-25 08:00:34,16696,-668,-1236
2026-05-25 08:00:36,16692,-564,-1152
2026-05-25 08:00:38,16744,-620,-1104
2026-05-25 08:00:40,16736,-604,-1228
2026-05-25 08:00:42,16716,-592,-1176
2026-05-25 08:00:44,16668,-628,-1200
2026-05-25 08:00:46,16664,-648,-1064
2026-05-25 08:00:48,16672,-684,-1180
2026-05-25 08:00:50,16708,-652,-1144
2026-05-25 08:00:52,16724,-672,-1052
2026-05-25 08:00:54,16676,-652,-1156
2026-05-25 08:00:56,16740,-588,-1184
2026-05-25 08:00:58,16676,-628,-1124
2026-05-25 08:01:00,16756,-624,-1064
2026-05-25 08:01:02,16716,-620,-1220
2026-05-25 08:01:04,16700,-620,-1120
2026-05-25 08:01:06,16708,-608,-1064
2026-05-25 08:01:08,16676,-640,-1176
2026-05-25 08:01:10,16704,-588,-1168
2026-05-25 08:01:12,16668,-584,-1168
2026-05-25 08:01:14,16648,-632,-1216
2026-05-25 08:01:16,16664,-588,-1092
2026-05-25 08:01:18,16688,-624,-1192
2026-05-25 08:01:20,16716,-596,-1124
2026-05-25 08:01:22,16676,-624,-1164
2026-05-25 08:01:24,16672,-588,-1172
2026-05-25 08:01:26,16696,-640,-1140
2026-05-25 08:01:28,16796,-632,-1040
2026-05-25 08:01:30,16676,-612,-1188
2026-05-25 08:01:32,16668,-640,-1136
2026-05-25 08:01:34,16652,-608,-1156
2026-05-25 08:01:36,16696,-608,-1128
2026-05-25 08:01:38,16644,-616,-1220
2026-05-25 08:01:40,16724,-624,-1144
2026-05-25 08:01:42,16692,-616,-1092
2026-05-25 08:01:44,16704,-608,-1092
2026-05-25 08:01:46,16692,-640,-1148
2026-05-25 08:01:48,16720,-672,-1080
2026-05-25 08:01:50,16692,-596,-1156
2026-05-25 08:01:52,16708,-572,-1096
2026-05-25 08:01:54,16716,-584,-1116
2026-05-25 08:01:56,16676,-672,-1204
2026-05-25 08:01:58,16664,-636,-1168
2026-05-25 08:02:00,16708,-568,-1112
2026-05-25 08:02:02,16696,-604,-1176
2026-05-25 08:02:04,16680,-624,-1132
2026-05-25 08:02:06,16692,-620,-1060
2026-05-25 08:02:08,16672,-676,-1196
2026-05-25 08:02:10,16692,-644,-1224
2026-05-25 08:02:12,16748,-604,-1076
2026-05-25 08:02:14,16660,-648,-1120
2026-05-25 08:02:16,16700,-656,-1176
2026-05-25 08:02:18,16640,-676,-1200
2026-05-25 08:02:20,16724,-632,-1108
2026-05-25 08:02:22,16668,-584,-1136
2026-05-25 08:02:24,16736,-672,-1160
2026-05-25 08:02:26,16712,-636,-1116
2026-05-25 08:02:28,16684,-656,-1144
2026-05-25 08:02:30,16692,-684,-1204
2026-05-25 08:02:32,16708,-604,-1116
2026-05-25 08:02:34,16696,-716,-1104
2026-05-25 08:02:36,16740,-640,-1164
2026-05-25 08:02:38,16656,-592,-1256
2026-05-25 08:02:40,16656,-652,-1160
2026-05-25 08:02:42,16720,-636,-1180
2026-05-25 08:02:44,16724,-652,-1152
2026-05-25 08:02:46,16704,-604,-1156
2026-05-25 08:02:48,16676,-608,-1228
2026-05-25 08:02:50,16652,-596,-1196
2026-05-25 08:02:52,16696,-624,-1132
2026-05-25 08:02:54,16648,-632,-1156
2026-05-25 08:02:56,16656,-668,-1112
2026-05-25 08:02:58,16692,-612,-1228
2026-05-25 08:03:00,16732,-628,-1100
2026-05-25 08:03:02,16700,-608,-1076
2026-05-25 08:03:04,16684,-644,-1132
2026-05-25 08:03:06,16696,-596,-1088
2026-05-25 08:03:08,16696,-640,-1148
2026-05-25 08:03:10,16728,-616,-1224
2026-05-25 08:03:12,16728,-656,-1152
2026-05-25 08:03:14,16672,-676,-1208
2026-05-25 08:03:16,16688,-576,-1108
2026-05-25 08:03:18,16712,-668,-1112
2026-05-25 08:03:20,16676,-604,-1180
2026-05-25 08:03:22,16744,-664,-1072
2026-05-25 08:03:24,16728,-596,-1172
2026-05-25 08:03:26,16684,-672,-1204
2026-05-25 08:03:28,16704,-612,-1184
2026-05-25 08:03:30,16696,-636,-1080
2026-05-25 08:03:32,16608,-596,-1216
2026-05-25 08:03:34,16672,-636,-1204
2026-05-25 08:03:36,16652,-628,-1148
2026-05-25 08:03:38,16704,-628,-1112
2026-05-25 08:03:40,16684,-664,-1228
2026-05-25 08:03:42,16828,-612,-1156
2026-05-25 08:03:44,16612,-664,-1192
2026-05-25 08:03:46,16704,-632,-1172
2026-05-25 08:03:48,16716,-636,-1128
2026-05-25 08:03:50,16728,-544,-1144
2026-05-25 08:03:52,16644,-612,-1108
2026-05-25 08:03:54,16656,-600,-1156
2026-05-25 08:03:56,16740,-584,-1216
2026-05-25 08:03:58,16736,-636,-1112
2026-05-25 08:04:00,16716,-620,-1128
2026-05-25 08:04:02,16672,-628,-1072
2026-05-25 08:04:04,16656,-612,-1188
2026-05-25 08:04:06,16672,-584,-1152
2026-05-25 08:04:08,16748,-588,-1160
2026-05-25 08:04:10,16712,-716,-1140
2026-05-25 08:04:12,16712,-640,-1072
2026-05-25 08:04:14,16696,-648,-1196
2026-05-25 08:04:16,16720,-660,-1168
2026-05-25 08:04:18,16680,-628,-1116
2026-05-25 08:04:20,16696,-628,-1148
2026-05-25 08:04:22,16720,-656,-1216
2026-05-25 08:04:24,16728,-636,-1176
2026-05-25 08:04:26,16640,-632,-1216
2026-05-25 08:04:28,16732,-588,-1252
2026-05-25 08:04:30,16704,-608,-1112
2026-05-25 08:04:32,16756,-684,-1104
2026-05-25 08:04:34,16720,-672,-1160
2026-05-25 08:04:36,16636,-644,-1116
2026-05-25 08:04:38,16728,-668,-1128
2026-05-25 08:04:40,16704,-700,-1136
2026-05-25 08:04:42,16684,-624,-1148
2026-05-25 08:04:44,16780,-628,-1196
2026-05-25 08:04:46,16628,-608,-1108
2026-05-25 08:04:48,16716,-600,-1152
2026-05-25 08:04:50,16712,-624,-1136
2026-05-25 08:04:52,16716,-628,-1180
2026-05-25 08:04:54,16700,-644,-1216
2026-05-25 08:04:56,16720,-632,-1144
2026-05-25 08:04:58,16676,-524,-1168
2026-05-25 08:05:00,16672,-656,-1204
2026-05-25 08:05:02,16688,-620,-1068
2026-05-25 08:05:04,16696,-648,-1076
2026-05-25 08:05:06,16688,-616,-1060
2026-05-25 08:05:08,16664,-596,-1204
2026-05-25 08:05:10,16648,-600,-1108
2026-05-25 08:05:12,16684,-628,-1176
2026-05-25 08:05:14,16708,-628,-1116
2026-05-25 08:05:16,16712,-628,-1112
2026-05-25 08:05:18,16704,-632,-1172
2026-05-25 08:05:20,16712,-660,-1176
2026-05-25 08:05:22,16732,-604,-1180
2026-05-25 08:05:24,16676,-600,-1192
2026-05-25 08:05:26,16736,-620,-1148
2026-05-25 08:05:28,16700,-600,-1164
2026-05-25 08:05:30,16712,-640,-1164
2026-05-25 08:05:32,16792,-596,-1084
2026-05-25 08:05:34,16688,-652,-1128
2026-05-25 08:05:36,16688,-612,-1208
2026-05-25 08:05:38,16660,-688,-1260
2026-05-25 08:05:40,16716,-600,-1120
2026-05-25 08:05:42,16636,-620,-1164
2026-05-25 08:05:44,16676,-652,-1232
2026-05-25 08:05:46,16704,-640,-1176
2026-05-25 08:05:48,16644,-628,-1104
2026-05-25 08:05:50,16700,-624,-1180
2026-05-25 08:05:52,16652,-604,-1076
2026-05-25 08:05:54,16692,-652,-1172
2026-05-25 08:05:56,16696,-588,-1164
2026-05-25 08:05:58,16716,-648,-1084
2026-05-25 08:06:00,16740,-616,-1160
2026-05-25 08:06:02,16644,-628,-1064
2026-05-25 08:06:04,16688,-596,-1208
2026-05-25 08:06:06,16708,-596,-1228
2026-05-25 08:06:08,16700,-600,-1124
2026-05-25 08:06:10,16660,-672,-1244
2026-05-25 08:06:12,16724,-588,-1240
2026-05-25 08:06:14,16656,-620,-1276
2026-05-25 08:06:16,16696,-592,-1204
2026-05-25 08:06:18,16652,-640,-1212
2026-05-25 08:06:20,16724,-628,-1036
2026-05-25 08:06:22,16664,-600,-1080
2026-05-25 08:06:24,16652,-508,-1208
2026-05-25 08:06:26,16704,-676,-1132
2026-05-25 08:06:28,16640,-620,-1152
2026-05-25 08:06:30,16672,-636,-1124
2026-05-25 08:06:32,16700,-636,-1216
2026-05-25 08:06:34,16700,-636,-1108
2026-05-25 08:06:36,16668,-600,-1088
2026-05-25 08:06:38,16664,-652,-1152
2026-05-25 08:06:40,16704,-640,-1132
2026-05-25 08:06:42,16720,-624,-1184
2026-05-25 08:06:44,16736,-580,-1168
2026-05-25 08:06:46,16716,-592,-1148
2026-05-25 08:06:48,16644,-652,-1212
2026-05-25 08:06:50,16696,-612,-1164
2026-05-25 08:06:52,16700,-616,-1152
2026-05-25 08:06:54,16716,-660,-1144
2026-05-25 08:06:56,16704,-660,-1148
2026-05-25 08:06:58,16660,-592,-1216
2026-05-25 08:07:00,16736,-648,-1224
2026-05-25 08:07:02,16728,-632,-1220
2026-05-25 08:07:04,16688,-620,-1164
2026-05-25 08:07:06,16688,-612,-1132
2026-05-25 08:07:08,16700,-632,-1184
2026-05-25 08:07:10,16676,-620,-1100
2026-05-25 08:07:12,16704,-628,-1072
2026-05-25 08:07:14,16732,-684,-1132
2026-05-25 08:07:16,16660,-688,-1276
2026-05-25 08:07:18,16732,-660,-1048
2026-05-25 08:07:20,16716,-560,-1204
2026-05-25 08:07:22,16712,-588,-1160
2026-05-25 08:07:24,16716,-696,-1228
2026-05-25 08:07:26,16652,-624,-1144
2026-05-25 08:07:28,16728,-616,-1156
2026-05-25 08:07:30,16732,-728,-1216
2026-05-25 08:07:32,16660,-624,-1176
2026-05-25 08:07:34,16732,-672,-1132
2026-05-25 08:07:36,16716,-664,-1056
2026-05-25 08:07:38,16680,-604,-1196
2026-05-25 08:07:40,16716,-640,-1188
2026-05-25 08:07:42,16704,-536,-1148
2026-05-25 08:07:44,16756,-612,-1248
2026-05-25 08:07:46,16636,-600,-1140
2026-05-25 08:07:48,16720,-584,-1180
2026-05-25 08:07:50,16712,-664,-1220
2026-05-25 08:07:52,16712,-568,-1192
2026-05-25 08:07:54,16672,-692,-1188
2026-05-25 08:07:56,16716,-616,-1212
2026-05-25 08:07:58,16712,-652,-1096
2026-05-25 08:08:00,16716,-552,-1208
2026-05-25 08:08:02,16704,-628,-1148
2026-05-25 08:08:04,16748,-616,-1084
2026-05-25 08:08:06,16724,-616,-1160
2026-05-25 08:08:08,16744,-656,-1052
2026-05-25 08:08:10,16684,-592,-1116
2026-05-25 08:08:12,16684,-612,-1160
2026-05-25 08:08:14,16744,-632,-1208
2026-05-25 08:08:16,16652,-660,-1228
2026-05-25 08:08:18,16708,-636,-1192
2026-05-25 08:08:20,16664,-628,-1220
2026-05-25 08:08:22,16672,-580,-1176
2026-05-25 08:08:24,16684,-652,-1176
2026-05-25 08:08:26,16664,-592,-1236
2026-05-25 08:08:28,16728,-616,-1148
2026-05-25 08:08:30,16696,-644,-1164
2026-05-25 08:08:32,16676,-608,-1220
2026-05-25 08:08:34,16772,-652,-1084
2026-05-25 08:08:36,16680,-560,-1128
2026-05-25 08:08:38,16656,-580,-1136
2026-05-25 08:08:40,16664,-636,-1220
2026-05-25 08:08:42,16640,-612,-1040
2026-05-25 08:08:44,16748,-560,-1168
2026-05-25 08:08:46,16680,-652,-1060
2026-05-25 08:08:48,16716,-648,-1080
2026-05-25 08:08:50,16664,-616,-1140
2026-05-25 08:08:52,16676,-592,-1236
2026-05-25 08:08:54,16668,-628,-1260
2026-05-25 08:08:56,16668,-576,-1156
2026-05-25 08:08:58,16676,-652,-1252
2026-05-25 08:09:00,16756,-588,-1212
2026-05-25 08:09:02,16708,-556,-1152
2026-05-25 08:09:04,16672,-672,-1168
2026-05-25 08:09:06,16688,-620,-1096
2026-05-25 08:09:08,16740,-628,-1136
2026-05-25 08:09:10,16720,-676,-1232
2026-05-25 08:09:12,16720,-624,-1092
2026-05-25 08:09:14,16680,-628,-1152
2026-05-25 08:09:16,16688,-688,-1220
2026-05-25 08:09:18,16716,-592,-1160
2026-05-25 08:09:20,16632,-612,-1164
2026-05-25 08:09:22,16692,-588,-1192
2026-05-25 08:09:24,16708,-700,-1192
2026-05-25 08:09:26,16720,-644,-1200
2026-05-25 08:09:28,16672,-612,-1172
2026-05-25 08:09:30,16744,-580,-1172
2026-05-25 08:09:32,16724,-616,-1248
2026-05-25 08:09:34,16664,-608,-1148
2026-05-25 08:09:36,16660,-560,-1252
2026-05-25 08:09:38,16628,-624,-1172
2026-05-25 08:09:40,16724,-656,-1140
2026-05-25 08:09:42,16712,-656,-1156
2026-05-25 08:09:44,16688,-536,-1148
2026-05-25 08:09:46,16728,-624,-1136
2026-05-25 08:09:48,16680,-632,-1200
2026-05-25 08:09:50,16708,-652,-1156
2026-05-25 08:09:52,16728,-600,-1052
2026-05-25 08:09:54,16660,-652,-1216
2026-05-25 08:09:56,16708,-640,-1232
2026-05-25 08:09:58,16696,-624,-1136
2026-05-25 08:10:00,16644,-616,-1192
2026-05-25 08:10:02,16652,-640,-1124
2026-05-25 08:10:04,16732,-600,-1148
2026-05-25 08:10:06,16736,-592,-1144
2026-05-25 08:10:08,16660,-612,-1228
2026-05-25 08:10:10,16712,-612,-1084
2026-05-25 08:10:12,16788,-636,-1164
2026-05-25 08:10:14,16648,-644,-1204
2026-05-25 08:10:16,16672,-608,-1176
2026-05-25 08:10:18,16648,-672,-1216
2026-05-25 08:10:20,16768,-648,-1172
2026-05-25 08:10:22,16728,-612,-1140
2026-05-25 08:10:24,16712,-672,-1112
2026-05-25 08:10:26,16644,-628,-1188
2026-05-25 08:10:28,16736,-612,-1208
2026-05-25 08:10:30,16712,-632,-1152
2026-05-25 08:10:32,16704,-596,-1164
2026-05-25 08:10:34,16688,-644,-1156
2026-05-25 08:10:36,16728,-636,-1172
2026-05-25 08:10:38,16724,-636,-1172
2026-05-25 08:10:40,16696,-616,-1136
2026-05-25 08:10:42,16720,-640,-1140
2026-05-25 08:10:44,16648,-576,-1188
2026-05-25 08:10:46,16696,-640,-1136
2026-05-25 08:10:48,16660,-608,-1212
2026-05-25 08:10:50,16688,-712,-1164
2026-05-25 08:10:52,16720,-636,-1096
2026-05-25 08:10:54,16732,-568,-1140
2026-05-25 08:10:56,16716,-624,-1216
2026-05-25 08:10:58,16680,-628,-1188
2026-05-25 08:11:00,16776,-596,-1264
2026-05-25 08:11:02,16704,-608,-1172
2026-05-25 08:11:04,16716,-612,-1184
2026-05-25 08:11:06,16648,-648,-1180
2026-05-25 08:11:08,16708,-640,-1276
2026-05-25 08:11:10,16736,-688,-1140
2026-05-25 08:11:12,16740,-656,-1104
2026-05-25 08:11:14,16668,-564,-1204
2026-05-25 08:11:16,16716,-640,-1140
2026-05-25 08:11:18,16688,-652,-1204
2026-05-25 08:11:20,16664,-668,-1216
2026-05-25 08:11:22,16732,-604,-1236
2026-05-25 08:11:24,16740,-632,-1148
2026-05-25 08:11:26,16716,-636,-1152
2026-05-25 08:11:28,16672,-656,-1188
2026-05-25 08:11:30,16692,-668,-1124
2026-05-25 08:11:32,16736,-620,-1172
2026-05-25 08:11:34,16656,-664,-1224
2026-05-25 08:11:36,16720,-564,-1132
2026-05-25 08:11:38,16692,-696,-1144
2026-05-25 08:11:40,16668,-604,-1136
2026-05-25 08:11:42,16724,-640,-1196
2026-05-25 08:11:44,16680,-636,-1204
2026-05-25 08:11:46,16672,-624,-1172
2026-05-25 08:11:48,16696,-608,-1112
2026-05-25 08:11:50,16664,-576,-1188
2026-05-25 08:11:52,16732,-620,-1132
2026-05-25 08:11:54,16628,-632,-1136
2026-05-25 08:11:56,16728,-636,-1196
2026-05-25 08:11:58,16696,-680,-1180
2026-05-25 08:12:00,16680,-656,-1128
2026-05-25 08:12:02,16700,-596,-1140
2026-05-25 08:12:04,16712,-592,-1144
2026-05-25 08:12:06,16700,-624,-1152
2026-05-25 08:12:08,16696,-692,-1104
2026-05-25 08:12:10,16712,-636,-1164
2026-05-25 08:12:12,16728,-620,-1224
2026-05-25 08:12:14,16720,-612,-1164
2026-05-25 08:12:16,16660,-668,-1172
2026-05-25 08:12:18,16656,-700,-1224
2026-05-25 08:12:20,16664,-700,-1164
2026-05-25 08:12:22,16740,-616,-1068
2026-05-25 08:12:24,16652,-588,-1236
2026-05-25 08:12:26,16696,-652,-1260
2026-05-25 08:12:28,16676,-604,-1260
2026-05-25 08:12:30,16724,-604,-1164
2026-05-25 08:12:32,16640,-688,-1112
2026-05-25 08:12:34,16664,-636,-1140
2026-05-25 08:12:36,16732,-620,-1204
2026-05-25 08:12:38,16696,-604,-1164
2026-05-25 08:12:40,16724,-608,-1020
2026-05-25 08:12:42,16732,-604,-1108
2026-05-25 08:12:44,16688,-656,-1216
2026-05-25 08:12:46,16692,-628,-1192
2026-05-25 08:12:48,16672,-612,-1088
2026-05-25 08:12:50,16732,-608,-1248
2026-05-25 08:12:52,16708,-644,-1120
2026-05-25 08:12:54,16660,-604,-1180
2026-05-25 08:12:56,16668,-588,-1112
2026-05-25 08:12:58,16692,-644,-1220
2026-05-25 08:13:00,16708,-644,-1208
2026-05-25 08:13:02,16672,-664,-1180
2026-05-25 08:13:04,16748,-688,-1208
2026-05-25 08:13:06,16732,-596,-1300
2026-05-25 08:13:08,16688,-652,-1224
2026-05-25 08:13:10,16672,-672,-1160
2026-05-25 08:13:12,16728,-668,-1156
2026-05-25 08:13:14,16704,-592,-1156
2026-05-25 08:13:16,16716,-632,-1188
2026-05-25 08:13:18,16724,-596,-1116
2026-05-25 08:13:20,16676,-632,-1192
2026-05-25 08:13:22,16672,-676,-1060
2026-05-25 08:13:24,16660,-604,-1176
2026-05-25 08:13:26,16684,-620,-1228
2026-05-25 08:13:28,16712,-668,-1216
2026-05-25 08:13:30,16680,-576,-1244
2026-05-25 08:13:32,16700,-624,-1140
2026-05-25 08:13:34,16752,-648,-1144
2026-05-25 08:13:36,16660,-640,-1148
2026-05-25 08:13:38,16680,-616,-1120
2026-05-25 08:13:40,16620,-624,-1236
2026-05-25 08:13:42,16668,-584,-1260
2026-05-25 08:13:44,16680,-660,-1132
2026-05-25 08:13:46,16728,-616,-1152
2026-05-25 08:13:48,16728,-580,-1088
2026-05-25 08:13:50,16680,-636,-1152
2026-05-25 08:13:52,16684,-644,-1192
2026-05-25 08:13:54,16676,-584,-1256
2026-05-25 08:13:56,16704,-572,-1140
2026-05-25 08:13:58,16648,-656,-1136
2026-05-25 08:14:00,16708,-616,-1048
2026-05-25 08:14:02,16716,-632,-1164
2026-05-25 08:14:04,16732,-640,-1184
2026-05-25 08:14:06,16696,-604,-1164
2026-05-25 08:14:08,16760,-668,-1224
2026-05-25 08:14:10,16624,-648,-1208
2026-05-25 08:14:12,16748,-636,-1168
2026-05-25 08:14:14,16704,-640,-1180
2026-05-25 08:14:16,16700,-628,-1192
2026-05-25 08:14:18,16720,-664,-1232
2026-05-25 08:14:20,16728,-592,-1044
2026-05-25 08:14:22,16700,-692,-1168
2026-05-25 08:14:24,16764,-640,-1244
2026-05-25 08:14:26,16716,-612,-1176
2026-05-25 08:14:28,16700,-616,-1088
2026-05-25 08:14:30,16708,-624,-1188
2026-05-25 08:14:32,16664,-632,-1124
2026-05-25 08:14:34,16772,-648,-1168
2026-05-25 08:14:36,16692,-560,-1220
2026-05-25 08:14:38,16692,-656,-1216
2026-05-25 08:14:40,16716,-660,-1180
2026-05-25 08:14:42,16668,-604,-1132
2026-05-25 08:14:44,16640,-596,-1240
2026-05-25 08:14:46,16716,-660,-1116
2026-05-25 08:14:48,16696,-596,-1236
2026-05-25 08:14:50,16676,-648,-1240
2026-05-25 08:14:52,16660,-584,-1160
2026-05-25 08:14:54,16740,-628,-1088
2026-05-25 08:14:56,16680,-676,-1228
2026-05-25 08:14:58,16676,-648,-1096
2026-05-25 08:15:00,16640,-608,-1212
2026-05-25 08:15:02,16716,-608,-1228
2026-05-25 08:15:04,16688,-632,-1128
2026-05-25 08:15:06,16664,-660,-1180
2026-05-25 08:15:08,16684,-684,-1156
2026-05-25 08:15:10,16680,-664,-1072
2026-05-25 08:15:12,16676,-616,-1120
2026-05-25 08:15:14,16704,-660,-1152
2026-05-25 08:15:16,16732,-660,-1128
2026-05-25 08:15:18,16708,-640,-1124
2026-05-25 08:15:20,16720,-652,-1124
2026-05-25 08:15:22,16652,-596,-1132
2026-05-25 08:15:24,16680,-564,-1152
2026-05-25 08:15:26,16732,-620,-1204
2026-05-25 08:15:28,16708,-592,-1148
2026-05-25 08:15:30,16728,-624,-1056
2026-05-25 08:15:32,16688,-616,-1288
2026-05-25 08:15:34,16668,-656,-1188
2026-05-25 08:15:36,16764,-648,-1184
2026-05-25 08:15:38,16748,-608,-1128
2026-05-25 08:15:40,16696,-636,-1184
2026-05-25 08:15:42,16688,-640,-1216
2026-05-25 08:15:44,16664,-636,-1256
2026-05-25 08:15:46,16664,-544,-1156
2026-05-25 08:15:48,16684,-656,-1200
2026-05-25 08:15:50,16644,-624,-1208
2026-05-25 08:15:52,16696,-616,-1244
2026-05-25 08:15:54,16732,-644,-1128
2026-05-25 08:15:56,16756,-596,-1240
2026-05-25 08:15:58,16684,-648,-1268
2026-05-25 08:16:00,16720,-624,-1136
2026-05-25 08:16:02,16708,-628,-1156
2026-05-25 08:16:04,16648,-640,-1236
2026-05-25 08:16:06,16748,-664,-1156
2026-05-25 08:16:08,16704,-636,-1132
2026-05-25 08:16:10,16704,-612,-1212
2026-05-25 08:16:12,16720,-628,-1176
2026-05-25 08:16:14,16664,-572,-1208
2026-05-25 08:16:16,16684,-648,-1132
2026-05-25 08:16:18,16700,-668,-1132
2026-05-25 08:16:20,16696,-636,-1116
2026-05-25 08:16:22,16724,-652,-1136
2026-05-25 08:16:24,16704,-612,-1220
2026-05-25 08:16:26,16740,-648,-1212
2026-05-25 08:16:28,16716,-620,-1212
2026-05-25 08:16:30,16712,-644,-1168
2026-05-25 08:16:32,16676,-632,-1216
2026-05-25 08:16:34,16680,-624,-1172
2026-05-25 08:16:36,16728,-616,-1148
2026-05-25 08:16:38,16640,-640,-1296
2026-05-25 08:16:40,16684,-644,-1188
2026-05-25 08:16:42,16680,-620,-1136
2026-05-25 08:16:44,16700,-648,-1168
2026-05-25 08:16:46,16712,-600,-1168
2026-05-25 08:16:48,16660,-612,-1220
2026-05-25 08:16:50,16724,-608,-1256
2026-05-25 08:16:52,16724,-572,-1212
2026-05-25 08:16:54,16692,-672,-1156
2026-05-25 08:16:56,16596,-620,-1104
2026-05-25 08:16:58,16640,-652,-1096
2026-05-25 08:17:00,16744,-544,-1160
2026-05-25 08:17:02,16656,-592,-1196
2026-05-25 08:17:04,16708,-556,-1216
2026-05-25 08:17:06,16732,-592,-1104
2026-05-25 08:17:08,16628,-668,-1172
2026-05-25 08:17:10,16724,-628,-1216
2026-05-25 08:17:12,16604,-580,-1188
2026-05-25 08:17:14,16696,-612,-1132
2026-05-25 08:17:16,16748,-620,-1156
2026-05-25 08:17:18,16724,-688,-1112
2026-05-25 08:17:20,16720,-636,-1084
2026-05-25 08:17:22,16712,-612,-1100
2026-05-25 08:17:24,16684,-600,-1192
2026-05-25 08:17:26,16664,-616,-1028
2026-05-25 08:17:28,16684,-680,-1124
2026-05-25 08:17:30,16700,-596,-1132
2026-05-25 08:17:32,16644,-644,-1160
2026-05-25 08:17:34,16692,-604,-1216
2026-05-25 08:17:36,16680,-636,-1180
2026-05-25 08:17:38,16724,-648,-1164
2026-05-25 08:17:40,16700,-612,-1184
2026-05-25 08:17:42,16704,-664,-1096
2026-05-25 08:17:44,16636,-632,-1172
2026-05-25 08:17:46,16732,-728,-1252
2026-05-25 08:17:48,16748,-636,-1156
2026-05-25 08:17:50,16788,-596,-1136
2026-05-25 08:17:52,16688,-700,-1172
2026-05-25 08:17:54,16728,-676,-1164
2026-05-25 08:17:56,16688,-592,-1180
2026-05-25 08:17:58,16712,-696,-1124
2026-05-25 08:18:00,16724,-664,-1184
2026-05-25 08:18:02,16700,-668,-1196
2026-05-25 08:18:04,16748,-612,-1120
2026-05-25 08:18:06,16700,-628,-1128
2026-05-25 08:18:08,16748,-664,-1100
2026-05-25 08:18:10,16712,-624,-1152
2026-05-25 08:18:12,16668,-600,-1192
2026-05-25 08:18:14,16732,-684,-1196
2026-05-25 08:18:16,16684,-1112,40
2026-05-25 08:18:18,16672,-640,-1100
2026-05-25 08:18:20,16708,-596,-1028
2026-05-25 08:18:22,16664,-588,-1060
2026-05-25 08:18:24,16700,-684,-1052
2026-05-25 08:18:26,16720,-660,-1088
2026-05-25 08:18:28,16732,-676,-1004
2026-05-25 08:18:30,16688,-680,-1056
2026-05-25 08:18:32,16692,-636,-1128
2026-05-25 08:18:34,16712,-668,-980
2026-05-25 08:18:36,16700,-652,-1044
2026-05-25 08:18:38,16660,-648,-1116
2026-05-25 08:18:40,16672,-580,-1008
2026-05-25 08:18:42,16660,-680,-1076
2026-05-25 08:18:44,16712,-740,-964
2026-05-25 08:18:46,16704,-656,-1088
2026-05-25 08:18:48,16668,-672,-1096
2026-05-25 08:18:50,16716,-628,-988
2026-05-25 08:18:52,16728,-720,-1116
2026-05-25 08:18:54,16708,-660,-1136
2026-05-25 08:18:56,16748,-700,-1164
2026-05-25 08:18:58,16616,-612,-1176
2026-05-25 08:19:00,16688,-616,-1096
2026-05-25 08:19:02,16736,-620,-1228
2026-05-25 08:19:04,16676,-636,-1100
2026-05-25 08:19:06,16668,-700,-1008
2026-05-25 08:19:08,16700,-644,-1048
2026-05-25 08:19:10,16760,-748,-1124
2026-05-25 08:19:12,16712,-688,-1096
2026-05-25 08:19:14,16664,-672,-1052
2026-05-25 08:19:16,16692,-680,-1100
2026-05-25 08:19:18,16680,-688,-1048
2026-05-25 08:19:20,16724,-680,-1044
2026-05-25 08:19:22,16672,-664,-1084
2026-05-25 08:19:24,16700,-656,-1116
2026-05-25 08:19:26,16700,-616,-1112
2026-05-25 08:19:28,16752,-656,-1096
2026-05-25 08:19:30,16736,-652,-1144
2026-05-25 08:19:32,16708,-596,-1052
2026-05-25 08:19:34,16608,-700,-1072
2026-05-25 08:19:36,16680,-632,-1016
2026-05-25 08:19:38,16588,-684,-1120
2026-05-25 08:19:40,16696,-680,-1156
2026-05-25 08:19:42,16708,-680,-1092
2026-05-25 08:19:44,16652,-644,-1128
2026-05-25 08:19:46,16680,-696,-1080
2026-05-25 08:19:48,16708,-628,-1172
2026-05-25 08:19:50,16712,-644,-1124
2026-05-25 08:19:52,16708,-612,-1132
2026-05-25 08:19:54,16672,-584,-1104
2026-05-25 08:19:56,16716,-680,-1160
2026-05-25 08:19:58,16728,-668,-1148
2026-05-25 08:20:00,16664,-684,-1080
2026-05-25 08:20:02,16716,-728,-1156
2026-05-25 08:20:04,16712,-720,-1184
2026-05-25 08:20:06,16628,-616,-1116
2026-05-25 08:20:08,16696,-696,-1056
2026-05-25 08:20:10,16676,-680,-1084
2026-05-25 08:20:12,16656,-672,-1080
2026-05-25 08:20:14,16736,-648,-1148
2026-05-25 08:20:16,16736,-620,-1064
2026-05-25 08:20:18,16724,-632,-1064
2026-05-25 08:20:20,16700,-648,-1096
2026-05-25 08:20:22,16636,-644,-1172
2026-05-25 08:20:24,16704,-676,-1116
2026-05-25 08:20:26,16684,-664,-1208
2026-05-25 08:20:28,16684,-676,-1044
2026-05-25 08:20:30,16676,-656,-1040
2026-05-25 08:20:32,16636,-652,-1112
2026-05-25 08:20:34,16640,-648,-1076
2026-05-25 08:20:36,16688,-756,-1052
2026-05-25 08:20:38,16692,-688,-1100
2026-05-25 08:20:40,16668,-632,-1140
2026-05-25 08:20:42,16664,-636,-1092
2026-05-25 08:20:44,16648,-664,-1024
2026-05-25 08:20:46,16740,-628,-1136
2026-05-25 08:20:48,16612,-696,-1100
2026-05-25 08:20:50,16700,-720,-1128
2026-05-25 08:20:52,16684,-652,-1088
2026-05-25 08:20:54,16704,-620,-1100
2026-05-25 08:20:56,16740,-716,-1120
2026-05-25 08:20:58,16624,-624,-1124
2026-05-25 08:21:00,16656,-656,-1016
2026-05-25 08:21:02,16696,-736,-1064
2026-05-25 08:21:04,16748,-600,-1056
2026-05-25 08:21:06,16648,-660,-1196
2026-05-25 08:21:08,16648,-688,-968
2026-05-25 08:21:10,16700,-644,-1056
2026-05-25 08:21:12,16708,-640,-1188
2026-05-25 08:21:14,16740,-644,-1140
2026-05-25 08:21:16,16648,-656,-1116
2026-05-25 08:21:18,16732,-648,-1048
2026-05-25 08:21:20,16688,-688,-984
2026-05-25 08:21:22,16752,-664,-1096
2026-05-25 08:21:24,16696,-632,-1100
2026-05-25 08:21:26,16720,-644,-1008
2026-05-25 08:21:28,16632,-660,-1116
2026-05-25 08:21:30,16640,-676,-1080
2026-05-25 08:21:32,16640,-632,-1164
2026-05-25 08:21:34,16748,-644,-1148
2026-05-25 08:21:36,16728,-644,-1060
2026-05-25 08:21:38,16768,-728,-1032
2026-05-25 08:21:40,16708,-696,-1072
2026-05-25 08:21:42,16688,-680,-1096
2026-05-25 08:21:44,16704,-640,-1184
2026-05-25 08:21:46,16684,-664,-1084
2026-05-25 08:21:48,16668,-680,-1052
2026-05-25 08:21:50,16744,-664,-1308
2026-05-25 08:21:52,16596,-744,-1004
2026-05-25 08:21:54,16676,-632,-1156
2026-05-25 08:21:56,16728,-672,-1080
2026-05-25 08:21:58,16720,-664,-1160
2026-05-25 08:22:00,16664,-640,-1148
2026-05-25 08:22:02,16724,-628,-1032
2026-05-25 08:22:04,16660,-668,-1176
2026-05-25 08:22:06,16716,-716,-1092
2026-05-25 08:22:08,16684,-688,-1004
2026-05-25 08:22:10,16728,-672,-1052
2026-05-25 08:22:12,16700,-640,-988
2026-05-25 08:22:14,16704,-688,-1144
2026-05-25 08:22:16,16684,-640,-1068
2026-05-25 08:22:18,16668,-740,-1136
2026-05-25 08:22:20,16680,-616,-1116
2026-05-25 08:22:22,16684,-668,-1168
2026-05-25 08:22:24,16708,-668,-1204
2026-05-25 08:22:26,16712,-652,-1112
2026-05-25 08:22:28,16716,-644,-1084
2026-05-25 08:22:30,16716,-708,-1104
2026-05-25 08:22:32,16664,-656,-1120
2026-05-25 08:22:34,16652,-692,-1096
2026-05-25 08:22:36,16676,-692,-1140
2026-05-25 08:22:38,16652,-640,-1088
2026-05-25 08:22:40,16648,-712,-1092
2026-05-25 08:22:42,16708,-668,-1116
2026-05-25 08:22:44,16624,-692,-1132
2026-05-25 08:22:46,16704,-660,-1108
2026-05-25 08:22:48,16720,-668,-1080
2026-05-25 08:22:50,16692,-728,-1144
2026-05-25 08:22:52,16696,-672,-1128
2026-05-25 08:22:54,16648,-684,-1108
2026-05-25 08:22:56,16672,-664,-1164
2026-05-25 08:22:58,16708,-664,-1060
2026-05-25 08:23:00,16720,-660,-1168
2026-05-25 08:23:02,16660,-648,-1032
2026-05-25 08:23:04,16716,-672,-1068
2026-05-25 08:23:06,16740,-648,-1136
2026-05-25 08:23:08,16676,-708,-1112
2026-05-25 08:23:10,16716,-640,-1020
2026-05-25 08:23:12,16680,-656,-1068
2026-05-25 08:23:14,16716,-712,-1108
2026-05-25 08:23:16,16648,-660,-1012
2026-05-25 08:23:18,16732,-608,-1100
2026-05-25 08:23:20,16692,-632,-976
2026-05-25 08:23:22,16696,-644,-1040
2026-05-25 08:23:24,16788,-652,-1092
2026-05-25 08:23:26,16732,-696,-1108
2026-05-25 08:23:28,16736,-636,-1048
2026-05-25 08:23:30,16688,-684,-1108
2026-05-25 08:23:32,16732,-692,-980
2026-05-25 08:23:34,16648,-676,-1048
2026-05-25 08:23:36,16628,-636,-1092
2026-05-25 08:23:38,16780,-668,-1084
2026-05-25 08:23:40,16684,-656,-992
2026-05-25 08:23:42,16688,-688,-1108
2026-05-25 08:23:44,16728,-652,-1132
2026-05-25 08:23:46,16716,-656,-1076
2026-05-25 08:23:48,16692,-652,-1004
2026-05-25 08:23:50,16716,-696,-1060
2026-05-25 08:23:52,16692,-676,-1020
2026-05-25 08:23:54,16716,-724,-1152
2026-05-25 08:23:56,16708,-644,-1172
2026-05-25 08:23:58,16620,-688,-1036
2026-05-25 08:24:00,16688,-584,-1116
2026-05-25 08:24:02,16732,-660,-1060
2026-05-25 08:24:04,16680,-656,-1100
2026-05-25 08:24:06,16720,-640,-1188
2026-05-25 08:24:08,16680,-664,-1104
2026-05-25 08:24:10,16652,-688,-1048
2026-05-25 08:24:12,16696,-708,-1068
2026-05-25 08:24:14,16700,-696,-1132
2026-05-25 08:24:16,16736,-688,-1104
2026-05-25 08:24:18,16636,-692,-1168
2026-05-25 08:24:20,16736,-664,-1140
2026-05-25 08:24:22,16652,-644,-1044
2026-05-25 08:24:24,16720,-644,-1184
2026-05-25 08:24:26,16708,-712,-1048
2026-05-25 08:24:28,16632,-684,-1088
2026-05-25 08:24:30,16652,-692,-1028
2026-05-25 08:24:32,16644,-620,-1044
2026-05-25 08:24:34,16716,-700,-1132
2026-05-25 08:24:36,16696,-628,-1120
2026-05-25 08:24:38,16692,-644,-1096
2026-05-25 08:24:40,16660,-664,-1052
2026-05-25 08:24:42,16728,-708,-1116
2026-05-25 08:24:44,16688,-660,-1128
2026-05-25 08:24:46,16700,-696,-1080
2026-05-25 08:24:48,16672,-584,-1140
2026-05-25 08:24:50,16676,-612,-1068
2026-05-25 08:24:52,16676,-716,-1076
2026-05-25 08:24:54,16668,-724,-1040
2026-05-25 08:24:56,16684,-656,-1076
2026-05-25 08:24:58,16680,-652,-1128
2026-05-25 08:25:00,16728,-648,-1124
2026-05-25 08:25:02,16660,-648,-1100
2026-05-25 08:25:04,16668,-708,-1072
2026-05-25 08:25:06,16676,-632,-1128
2026-05-25 08:25:08,16720,-604,-1120
2026-05-25 08:25:10,16700,-572,-1132
2026-05-25 08:25:12,16752,-664,-1132
2026-05-25 08:25:14,16716,-640,-1100
2026-05-25 08:25:16,16692,-736,-1060
2026-05-25 08:25:18,16704,-620,-1176
2026-05-25 08:25:20,16696,-692,-1056
2026-05-25 08:25:22,16688,-664,-1048
2026-05-25 08:25:24,16628,-684,-1168
2026-05-25 08:25:26,16684,-680,-992
2026-05-25 08:25:28,16652,-608,-1052
2026-05-25 08:25:30,16676,-668,-1120
2026-05-25 08:25:32,16700,-688,-1004
2026-05-25 08:25:34,16688,-676,-1124
2026-05-25 08:25:36,16708,-676,-1200
2026-05-25 08:25:38,16676,-752,-1072
2026-05-25 08:25:40,16732,-692,-1104
2026-05-25 08:25:42,16744,-604,-1116
2026-05-25 08:25:44,16656,-596,-1120
2026-05-25 08:25:46,16712,-716,-1180
2026-05-25 08:25:48,16720,-684,-1100
2026-05-25 08:25:50,16716,-688,-1064
2026-05-25 08:25:52,16676,-696,-1180
2026-05-25 08:25:54,16712,-688,-1148
2026-05-25 08:25:56,16680,-692,-1036
2026-05-25 08:25:58,16740,-628,-1104
2026-05-25 08:26:00,16732,-636,-1120
2026-05-25 08:26:02,16700,-680,-1080
2026-05-25 08:26:04,16732,-656,-1168
2026-05-25 08:26:06,16740,-640,-1092
2026-05-25 08:26:08,16632,-648,-1068
2026-05-25 08:26:10,16720,-640,-1048
2026-05-25 08:26:12,16680,-664,-1096
2026-05-25 08:26:14,16648,-680,-1124
2026-05-25 08:26:16,16708,-636,-1100
2026-05-25 08:26:18,16692,-632,-1096
2026-05-25 08:26:20,16696,-708,-1168
2026-05-25 08:26:22,16652,-668,-1052
2026-05-25 08:26:24,16712,-676,-1120
2026-05-25 08:26:26,16668,-664,-1108
2026-05-25 08:26:28,16704,-668,-1048
2026-05-25 08:26:30,16700,-640,-1116
2026-05-25 08:26:32,16736,-652,-1128
2026-05-25 08:26:34,16704,-688,-1000
2026-05-25 08:26:36,16708,-688,-1144
2026-05-25 08:26:38,16652,-628,-1120
2026-05-25 08:26:40,16696,-624,-1040
2026-05-25 08:26:42,16632,-672,-1072
2026-05-25 08:26:44,16676,-720,-1100
2026-05-25 08:26:46,16716,-620,-1108
2026-05-25 08:26:48,16784,-664,-1108
2026-05-25 08:26:50,16660,-672,-1184
2026-05-25 08:26:52,16676,-704,-1012
2026-05-25 08:26:54,16708,-612,-972
2026-05-25 08:26:56,16680,-652,-1052
2026-05-25 08:26:58,16724,-724,-1120
2026-05-25 08:27:00,16692,-704,-1108
2026-05-25 08:27:02,16712,-680,-1168
2026-05-25 08:27:04,16652,-652,-1100
2026-05-25 08:27:06,16676,-688,-1168
2026-05-25 08:27:08,16692,-672,-1076
2026-05-25 08:27:10,16704,-668,-1124
2026-05-25 08:27:12,16656,-700,-1012
2026-05-25 08:27:14,16696,-684,-1112
2026-05-25 08:27:16,16660,-676,-1008
2026-05-25 08:27:18,16728,-712,-1096
2026-05-25 08:27:20,16664,-696,-1056
2026-05-25 08:27:22,16740,-656,-1096
2026-05-25 08:27:24,16720,-668,-1164
2026-05-25 08:27:26,16668,-680,-1076
2026-05-25 08:27:28,16704,-684,-1140
2026-05-25 08:27:30,16660,-596,-1056
2026-05-25 08:27:32,16720,-672,-1112
2026-05-25 08:27:34,16696,-660,-1128
2026-05-25 08:27:36,16692,-656,-1056
2026-05-25 08:27:38,16640,-680,-1092
2026-05-25 08:27:40,16740,-676,-1088
2026-05-25 08:27:42,16760,-684,-1104
2026-05-25 08:27:44,16724,-664,-1168
2026-05-25 08:27:46,16720,-648,-1096
2026-05-25 08:27:48,16708,-656,-1120
2026-05-25 08:27:50,16664,-660,-1012
2026-05-25 08:27:52,16664,-672,-1100
2026-05-25 08:27:54,16692,-652,-1080
2026-05-25 08:27:56,16684,-688,-1088
2026-05-25 08:27:58,16696,-624,-1136
2026-05-25 08:28:00,16704,-648,-1076
2026-05-25 08:28:02,16724,-652,-1036
2026-05-25 08:28:04,16720,-704,-1068
2026-05-25 08:28:06,16660,-644,-1064
2026-05-25 08:28:08,16748,-648,-1052
2026-05-25 08:28:10,16708,-704,-1084
2026-05-25 08:28:12,16716,-664,-1116
2026-05-25 08:28:14,16708,-736,-1044
2026-05-25 08:28:16,16748,-692,-1080
2026-05-25 08:28:18,16712,-704,-1024
2026-05-25 08:28:20,16744,-696,-1092
2026-05-25 08:28:22,16744,-692,-1096
2026-05-25 08:28:24,16728,-672,-1032
2026-05-25 08:28:26,16692,-656,-1032
2026-05-25 08:28:28,16688,-668,-1000
2026-05-25 08:28:30,16720,-696,-1112
2026-05-25 08:28:32,16736,-684,-1084
2026-05-25 08:28:34,16756,-664,-1108
2026-05-25 08:28:36,16772,-648,-1028
2026-05-25 08:28:38,16660,-652,-1076
2026-05-25 08:28:40,16708,-604,-1056
2026-05-25 08:28:42,16688,-664,-1104
2026-05-25 08:28:44,16696,-648,-1048
2026-05-25 08:28:46,16716,-624,-1188
2026-05-25 08:28:48,16728,-640,-1120
2026-05-25 08:28:50,16668,-592,-1108
2026-05-25 08:28:52,16704,-672,-1092
2026-05-25 08:28:54,16696,-644,-1024
2026-05-25 08:28:56,16708,-664,-1076
2026-05-25 08:28:58,16716,-644,-1020
2026-05-25 08:29:00,16684,-668,-1116
2026-05-25 08:29:02,16724,-640,-1080
2026-05-25 08:29:04,16652,-632,-1140
2026-05-25 08:29:06,16744,-688,-1132
2026-05-25 08:29:08,16680,-616,-1104
2026-05-25 08:29:10,16700,-660,-1204
2026-05-25 08:29:12,16676,-680,-1044
2026-05-25 08:29:14,16740,-704,-1072
2026-05-25 08:29:16,16688,-700,-1040
2026-05-25 08:29:18,16700,-728,-1060
2026-05-25 08:29:20,16728,-688,-1132
2026-05-25 08:29:22,16612,-648,-1088
2026-05-25 08:29:24,16692,-640,-1084
2026-05-25 08:29:26,16724,-696,-1088
2026-05-25 08:29:28,16712,-656,-1064
2026-05-25 08:29:30,16668,-720,-1112
2026-05-25 08:29:32,16680,-636,-1040
2026-05-25 08:29:34,16680,-684,-1012
2026-05-25 08:29:36,16692,-660,-1020
2026-05-25 08:29:38,16724,-688,-1104
2026-05-25 08:29:40,16728,-652,-1080
2026-05-25 08:29:42,16680,-652,-1132
2026-05-25 08:29:44,16708,-592,-948
2026-05-25 08:29:46,16732,-612,-1132
2026-05-25 08:29:48,16704,-668,-1020
2026-05-25 08:29:50,16764,-636,-1128
2026-05-25 08:29:52,16672,-712,-1100
2026-05-25 08:29:54,16684,-628,-1080
2026-05-25 08:29:56,16736,-676,-952
2026-05-25 08:29:58,16708,-724,-1012
2026-05-25 08:30:00,16740,-636,-1176
2026-05-25 08:30:02,16664,-688,-1164
2026-05-25 08:30:04,16664,-680,-1052
2026-05-25 08:30:06,16684,-604,-1092
2026-05-25 08:30:08,16752,-676,-1184
2026-05-25 08:30:10,16732,-624,-1084
2026-05-25 08:30:12,16768,-640,-1152
2026-05-25 08:30:14,16732,-712,-1148
2026-05-25 08:30:16,16740,-696,-1032
2026-05-25 08:30:18,16668,-696,-1112
2026-05-25 08:30:20,16680,-704,-1084
2026-05-25 08:30:22,16656,-624,-988
2026-05-25 08:30:24,16660,-632,-1104
2026-05-25 08:30:26,16696,-604,-1156
2026-05-25 08:30:28,16736,-664,-996
2026-05-25 08:30:30,16740,-724,-1096
2026-05-25 08:30:32,16688,-648,-1124
2026-05-25 08:30:34,16648,-644,-1088
2026-05-25 08:30:36,16704,-648,-1108
2026-05-25 08:30:38,16732,-604,-1136
2026-05-25 08:30:40,16656,-712,-1132
2026-05-25 08:30:42,16724,-688,-1040
2026-05-25 08:30:44,16664,-672,-964
2026-05-25 08:30:46,16660,-692,-1124
2026-05-25 08:30:48,16740,-652,-1128
2026-05-25 08:30:50,16644,-640,-1132
2026-05-25 08:30:52,16724,-688,-1092
2026-05-25 08:30:54,16680,-688,-1124
2026-05-25 08:30:56,16736,-620,-1084
2026-05-25 08:30:58,16752,-692,-988
2026-05-25 08:31:00,16700,-656,-1076
2026-05-25 08:31:02,16676,-664,-1136
2026-05-25 08:31:04,16744,-576,-1100
2026-05-25 08:31:06,16716,-688,-1044
2026-05-25 08:31:08,16664,-692,-1132
2026-05-25 08:31:10,16720,-628,-1136
2026-05-25 08:31:12,16680,-680,-1092
2026-05-25 08:31:14,16728,-656,-1076
2026-05-25 08:31:16,16736,-676,-1068
2026-05-25 08:31:18,16736,-668,-1100
2026-05-25 08:31:20,16716,-652,-1060
2026-05-25 08:31:22,16660,-700,-1012
2026-05-25 08:31:24,16652,-656,-1088
2026-05-25 08:31:26,16732,-676,-1112
2026-05-25 08:31:28,16716,-620,-1044
2026-05-25 08:31:30,16656,-680,-1060
2026-05-25 08:31:32,16728,-656,-1076
2026-05-25 08:31:34,16700,-640,-1024
2026-05-25 08:31:36,16708,-648,-1080
2026-05-25 08:31:38,16688,-704,-1084
2026-05-25 08:31:40,16700,-648,-1120
2026-05-25 08:31:42,16724,-656,-1120
2026-05-25 08:31:44,16672,-656,-1044
2026-05-25 08:31:46,16672,-604,-1032
2026-05-25 08:31:48,16632,-664,-1192
2026-05-25 08:31:50,16728,-660,-1024
2026-05-25 08:31:52,16672,-656,-1040
2026-05-25 08:31:54,16672,-676,-1116
2026-05-25 08:31:56,16688,-664,-1076
2026-05-25 08:31:58,16644,-692,-1156
2026-05-25 08:32:00,16736,-644,-1108
2026-05-25 08:32:02,16744,-636,-1132
2026-05-25 08:32:04,16692,-704,-1108
2026-05-25 08:32:06,16752,-676,-1140
2026-05-25 08:32:08,16744,-656,-1004
2026-05-25 08:32:10,16712,-708,-1124
2026-05-25 08:32:12,16728,-688,-1064
2026-05-25 08:32:14,16684,-632,-1152
2026-05-25 08:32:16,16684,-672,-1064
2026-05-25 08:32:18,16624,-648,-1116
2026-05-25 08:32:20,16632,-648,-1044
2026-05-25 08:32:22,16700,-700,-1028
2026-05-25 08:32:24,16672,-668,-1048
2026-05-25 08:32:26,16688,-696,-1168
2026-05-25 08:32:28,16728,-760,-1116
2026-05-25 08:32:30,16716,-692,-1128
2026-05-25 08:32:32,16696,-644,-1060
2026-05-25 08:32:34,16668,-720,-1084
2026-05-25 08:32:36,16680,-688,-1056
2026-05-25 08:32:38,16688,-648,-1160
2026-05-25 08:32:40,16680,-716,-996
2026-05-25 08:32:42,16664,-680,-1076
2026-05-25 08:32:44,16684,-644,-1080
2026-05-25 08:32:46,16668,-624,-1104
2026-05-25 08:32:48,16748,-692,-1008
2026-05-25 08:32:50,16756,-680,-996
2026-05-25 08:32:52,16708,-644,-1060
2026-05-25 08:32:54,16728,-660,-1108
2026-05-25 08:32:56,16660,-640,-1132
2026-05-25 08:32:58,16712,-688,-1068
2026-05-25 08:33:00,16792,-728,-1112
2026-05-25 08:33:02,16652,-588,-1124
2026-05-25 08:33:04,16684,-676,-1004
2026-05-25 08:33:06,16704,-648,-1092
2026-05-25 08:33:08,16684,-616,-1096
2026-05-25 08:33:10,16684,-664,-1100
2026-05-25 08:33:12,16724,-696,-1016
2026-05-25 08:33:14,16756,-700,-1168
2026-05-25 08:33:16,16696,-632,-1136
2026-05-25 08:33:18,16680,-660,-1084
2026-05-25 08:33:20,16624,-676,-1120
2026-05-25 08:33:22,16672,-608,-1112
2026-05-25 08:33:24,16612,-668,-1168
2026-05-25 08:33:26,16792,-624,-1152
2026-05-25 08:33:28,16696,-716,-1044
2026-05-25 08:33:30,16716,-624,-1088
2026-05-25 08:33:32,16728,-688,-1140
2026-05-25 08:33:34,16668,-692,-1008
2026-05-25 08:33:36,16704,-708,-1004
2026-05-25 08:33:38,16684,-624,-1132
2026-05-25 08:33:40,16652,-636,-1028
2026-05-25 08:33:42,16700,-652,-1032
2026-05-25 08:33:44,16720,-656,-1064
2026-05-25 08:33:46,16728,-700,-1028
2026-05-25 08:33:48,16688,-680,-1092
2026-05-25 08:33:50,16668,-652,-1120
2026-05-25 08:33:52,16672,-668,-1196
2026-05-25 08:33:54,16692,-636,-1048
2026-05-25 08:33:56,16664,-680,-1188
2026-05-25 08:33:58,16756,-612,-1136
2026-05-25 08:34:00,16632,-680,-1172
2026-05-25 08:34:02,16716,-644,-1120
2026-05-25 08:34:04,16660,-700,-1116
2026-05-25 08:34:06,16660,-628,-1036
2026-05-25 08:34:08,16716,-620,-1084
2026-05-25 08:34:10,16688,-656,-1108
2026-05-25 08:34:12,16704,-664,-1156
2026-05-25 08:34:14,16712,-628,-1064
2026-05-25 08:34:16,16692,-680,-1060
2026-05-25 08:34:18,16700,-652,-1048
2026-05-25 08:34:20,16672,-740,-1172
2026-05-25 08:34:22,16748,-668,-1116
2026-05-25 08:34:24,16652,-660,-1140
2026-05-25 08:34:26,16724,-732,-1088
2026-05-25 08:34:28,16700,-664,-1036
2026-05-25 08:34:30,16764,-764,-1052
2026-05-25 08:34:32,16660,-672,-1172
2026-05-25 08:34:34,16732,-624,-1116
2026-05-25 08:34:36,16668,-660,-1132
2026-05-25 08:34:38,16744,-692,-1144
2026-05-25 08:34:40,16656,-696,-1104
2026-05-25 08:34:42,16680,-660,-1224
2026-05-25 08:34:44,16692,-636,-1248
2026-05-25 08:34:46,16748,-668,-1120
2026-05-25 08:34:48,16664,-668,-1036
2026-05-25 08:34:50,16704,-624,-1088
2026-05-25 08:34:52,16676,-660,-1152
2026-05-25 08:34:54,16696,-680,-1116
2026-05-25 08:34:56,16652,-684,-1100
2026-05-25 08:34:58,16688,-644,-1068
2026-05-25 08:35:00,16700,-624,-1068
2026-05-25 08:35:02,16688,-684,-1228
2026-05-25 08:35:04,16704,-660,-1064
2026-05-25 08:35:06,16668,-660,-1152
2026-05-25 08:35:08,16664,-636,-1072
2026-05-25 08:35:10,16680,-664,-1136
2026-05-25 08:35:12,16672,-708,-1032
2026-05-25 08:35:14,16696,-684,-1064
2026-05-25 08:35:16,16716,-616,-1016
2026-05-25 08:35:18,16724,-596,-1132
2026-05-25 08:35:20,16720,-676,-1120
2026-05-25 08:35:22,16656,-656,-1076
2026-05-25 08:35:24,16720,-620,-1176
2026-05-25 08:35:26,16712,-624,-1140
2026-05-25 08:35:28,16676,-660,-1072
2026-05-25 08:35:30,16708,-684,-1040
2026-05-25 08:35:32,16684,-672,-1112
2026-05-25 08:35:34,16660,-624,-1192
2026-05-25 08:35:36,16672,-672,-1028
2026-05-25 08:35:38,16672,-648,-1224
2026-05-25 08:35:40,16660,-688,-1052
2026-05-25 08:35:42,16764,-564,-1108
2026-05-25 08:35:44,16696,-596,-1116
2026-05-25 08:35:46,16760,-600,-1024
2026-05-25 08:35:48,16724,-668,-1104
2026-05-25 08:35:50,16668,-620,-1048
2026-05-25 08:35:52,16708,-632,-1100
2026-05-25 08:35:54,16744,-628,-1040
2026-05-25 08:35:56,16700,-632,-1132
2026-05-25 08:35:58,16660,-612,-1056
2026-05-25 08:36:00,16752,-636,-1020
2026-05-25 08:36:02,16728,-680,-1112
2026-05-25 08:36:04,16668,-668,-1152
2026-05-25 08:36:06,16724,-624,-1032
2026-05-25 08:36:08,16708,-680,-1040
2026-05-25 08:36:10,16688,-636,-1176
2026-05-25 08:36:12,16644,-664,-1132
2026-05-25 08:36:14,16688,-664,-1032
2026-05-25 08:36:16,16700,-704,-1096
2026-05-25 08:36:18,16684,-648,-1204
2026-05-25 08:36:20,16628,-616,-1136
2026-05-25 08:36:22,16636,-680,-1144
2026-05-25 08:36:24,16732,-748,-1140
2026-05-25 08:36:26,16644,-676,-1052
2026-05-25 08:36:28,16680,-652,-1032
2026-05-25 08:36:30,16652,-672,-1080
2026-05-25 08:36:32,16672,-704,-1144
2026-05-25 08:36:34,16724,-608,-1124
2026-05-25 08:36:36,16696,-640,-1084
2026-05-25 08:36:38,16728,-704,-1004
2026-05-25 08:36:40,16668,-620,-1048
2026-05-25 08:36:42,16688,-680,-1076
2026-05-25 08:36:44,16700,-644,-1116
2026-05-25 08:36:46,16748,-660,-1120
2026-05-25 08:36:48,16696,-692,-1164
2026-05-25 08:36:50,16696,-656,-1068
2026-05-25 08:36:52,16696,-696,-1088
2026-05-25 08:36:54,16700,-620,-1100
2026-05-25 08:36:56,16660,-680,-1072
2026-05-25 08:36:58,16732,-644,-1080
2026-05-25 08:37:00,16604,-664,-1140
2026-05-25 08:37:02,16748,-632,-1056
2026-05-25 08:37:04,16748,-648,-1076
2026-05-25 08:37:06,16616,-664,-1148
2026-05-25 08:37:08,16696,-608,-1124
2026-05-25 08:37:10,16676,-676,-1148
2026-05-25 08:37:12,16692,-684,-1180
2026-05-25 08:37:14,16736,-696,-1132
2026-05-25 08:37:16,16700,-644,-1060
2026-05-25 08:37:18,16704,-684,-1140
2026-05-25 08:37:20,16664,-648,-1112
2026-05-25 08:37:22,16656,-708,-1160
2026-05-25 08:37:24,16740,-672,-1092
2026-05-25 08:37:26,16680,-636,-1112
2026-05-25 08:37:28,16640,-636,-1076
2026-05-25 08:37:30,16684,-696,-1128
2026-05-25 08:37:32,16664,-636,-1120
2026-05-25 08:37:34,16680,-680,-1044
2026-05-25 08:37:36,16700,-640,-1056
2026-05-25 08:37:38,16624,-656,-1088
2026-05-25 08:37:40,16668,-660,-1064
2026-05-25 08:37:42,16684,-704,-1100
2026-05-25 08:37:44,16700,-704,-1152
2026-05-25 08:37:46,16756,-664,-1112
2026-05-25 08:37:48,16716,-660,-1048
2026-05-25 08:37:50,16700,-672,-1172
2026-05-25 08:37:52,16704,-672,-1036
2026-05-25 08:37:54,16664,-640,-1148
2026-05-25 08:37:56,16712,-676,-1072
2026-05-25 08:37:58,16668,-652,-1092
2026-05-25 08:38:00,16648,-640,-1116
2026-05-25 08:38:02,16656,-632,-1140
2026-05-25 08:38:04,16740,-624,-1172
2026-05-25 08:38:06,16684,-664,-1112
2026-05-25 08:38:08,16700,-680,-1120
2026-05-25 08:38:10,16680,-620,-1112
2026-05-25 08:38:12,16692,-640,-1076
2026-05-25 08:38:14,16668,-692,-1068
2026-05-25 08:38:16,16684,-668,-1088
2026-05-25 08:38:18,16700,-656,-1152
2026-05-25 08:38:20,16688,-608,-1092
2026-05-25 08:38:22,16700,-660,-1132
2026-05-25 08:38:24,16704,-688,-1196
2026-05-25 08:38:26,16676,-628,-1084
2026-05-25 08:38:28,16700,-612,-1164
2026-05-25 08:38:30,16660,-664,-1172
2026-05-25 08:38:32,16716,-732,-1108
2026-05-25 08:38:34,16768,-608,-1132
2026-05-25 08:38:36,16672,-628,-1056
2026-05-25 08:38:38,16652,-648,-1060
2026-05-25 08:38:40,16692,-636,-1148
2026-05-25 08:38:42,16692,-696,-1068
2026-05-25 08:38:44,16684,-692,-1140
2026-05-25 08:38:46,16712,-660,-1048
2026-05-25 08:38:48,16696,-668,-1076
2026-05-25 08:38:50,16672,-632,-1012
2026-05-25 08:38:52,16692,-664,-1084
2026-05-25 08:38:54,16724,-620,-1144
2026-05-25 08:38:56,16696,-644,-1084
2026-05-25 08:38:58,16712,-692,-1132
2026-05-25 08:39:00,16696,-628,-1080
2026-05-25 08:39:02,16660,-640,-1124
2026-05-25 08:39:04,16700,-628,-1092
2026-05-25 08:39:06,16708,-628,-1264
2026-05-25 08:39:08,16680,-668,-1160
2026-05-25 08:39:10,16700,-668,-1136
2026-05-25 08:39:12,16700,-648,-1068
2026-05-25 08:39:14,16712,-664,-1060
2026-05-25 08:39:16,16676,-632,-1012
2026-05-25 08:39:18,16696,-736,-1056
2026-05-25 08:39:20,16640,-636,-1136
2026-05-25 08:39:22,16732,-708,-1100
2026-05-25 08:39:24,16712,-620,-1224
2026-05-25 08:39:26,16732,-628,-1096
2026-05-25 08:39:28,16652,-592,-1080
2026-05-25 08:39:30,16664,-668,-1212
2026-05-25 08:39:32,16644,-584,-1088
2026-05-25 08:39:34,16744,-640,-1148
2026-05-25 08:39:36,16708,-696,-1088
2026-05-25 08:39:38,16744,-692,-1016
2026-05-25 08:39:40,16732,-692,-1140
2026-05-25 08:39:42,16768,-632,-1056
2026-05-25 08:39:44,16712,-672,-1028
2026-05-25 08:39:46,16712,-660,-1140
2026-05-25 08:39:48,16684,-628,-1152
2026-05-25 08:39:50,16620,-656,-1052
2026-05-25 08:39:52,16716,-708,-1116
2026-05-25 08:39:54,16704,-660,-1120
2026-05-25 08:39:56,16732,-660,-1144
2026-05-25 08:39:58,16736,-692,-1140
2026-05-25 08:40:00,16672,-636,-1076
2026-05-25 08:40:02,16664,-628,-1136
2026-05-25 08:40:04,16700,-652,-1124
2026-05-25 08:40:06,16732,-616,-1140
2026-05-25 08:40:08,16656,-616,-1140
2026-05-25 08:40:10,16756,-604,-1132
2026-05-25 08:40:12,16792,-616,-1124
2026-05-25 08:40:14,16660,-600,-1008
2026-05-25 08:40:16,16724,-652,-1132
2026-05-25 08:40:18,16748,-724,-1096
2026-05-25 08:40:20,16604,-664,-1080
2026-05-25 08:40:22,16636,-636,-1180
2026-05-25 08:40:24,16732,-632,-1132
2026-05-25 08:40:26,16668,-660,-1024
2026-05-25 08:40:28,16688,-684,-1104
2026-05-25 08:40:30,16712,-604,-1112
2026-05-25 08:40:32,16712,-668,-1164
2026-05-25 08:40:34,16700,-632,-1116
2026-05-25 08:40:36,16684,-628,-1100
2026-05-25 08:40:38,16660,-616,-1092
2026-05-25 08:40:40,16700,-628,-1176
2026-05-25 08:40:42,16776,-620,-1128
2026-05-25 08:40:44,16672,-628,-1200
2026-05-25 08:40:46,16708,-616,-960
2026-05-25 08:40:48,16712,-616,-1072
2026-05-25 08:40:50,16684,-700,-1108
2026-05-25 08:40:52,16680,-652,-1252
2026-05-25 08:40:54,16704,-648,-1148
2026-05-25 08:40:56,16672,-708,-1092
2026-05-25 08:40:58,16748,-580,-996
2026-05-25 08:41:00,16696,-604,-1124
2026-05-25 08:41:02,16716,-636,-1080
2026-05-25 08:41:04,16696,-652,-1044
2026-05-25 08:41:06,16648,-708,-1104
2026-05-25 08:41:08,16700,-704,-1264
2026-05-25 08:41:10,16672,-660,-1048
2026-05-25 08:41:12,16668,-616,-1088
2026-05-25 08:41:14,16688,-696,-1148
2026-05-25 08:41:16,16704,-672,-1076
2026-05-25 08:41:18,16704,-632,-1132
2026-05-25 08:41:20,16676,-660,-1100
2026-05-25 08:41:22,16640,-724,-1108
2026-05-25 08:41:24,16680,-624,-1124
2026-05-25 08:41:26,16712,-684,-1176
2026-05-25 08:41:28,16696,-664,-1164
2026-05-25 08:41:30,16716,-628,-1164
2026-05-25 08:41:32,16688,-688,-1152
2026-05-25 08:41:34,16688,-644,-1216
2026-05-25 08:41:36,16772,-624,-1140
2026-05-25 08:41:38,16728,-688,-1120
2026-05-25 08:41:40,16724,-668,-1168
2026-05-25 08:41:42,16656,-676,-1124
2026-05-25 08:41:44,16692,-692,-1156
2026-05-25 08:41:46,16744,-648,-1016
2026-05-25 08:41:48,16704,-612,-1092
2026-05-25 08:41:50,16688,-764,-1092
2026-05-25 08:41:52,16740,-552,-1128
2026-05-25 08:41:54,16716,-620,-1092
2026-05-25 08:41:56,16688,-616,-1040
2026-05-25 08:41:58,16604,-712,-1008
2026-05-25 08:42:00,16724,-712,-1052
2026-05-25 08:42:02,16736,-764,-968
2026-05-25 08:42:04,16680,-712,-1000
2026-05-25 08:42:06,16732,-776,-1064
2026-05-25 08:42:08,16680,-644,-1172
2026-05-25 08:42:10,16672,-664,-1040
2026-05-25 08:42:12,16656,-656,-1140
2026-05-25 08:42:14,16684,-720,-1148
2026-05-25 08:42:16,16684,-724,-1072
2026-05-25 08:42:18,16720,-700,-1140
2026-05-25 08:42:20,16740,-732,-1104
2026-05-25 08:42:22,16768,-764,-980
2026-05-25 08:42:24,16688,-728,-1104
2026-05-25 08:42:26,16688,-700,-1068
2026-05-25 08:42:28,16676,-700,-1100
2026-05-25 08:42:30,16700,-672,-1072
2026-05-25 08:42:32,16724,-768,-1136
2026-05-25 08:42:34,16716,-692,-1000
2026-05-25 08:42:36,16708,-716,-1040
2026-05-25 08:42:38,16692,-720,-1064
2026-05-25 08:42:40,16696,-720,-1088
2026-05-25 08:42:42,16704,-744,-1052
2026-05-25 08:42:44,16784,-708,-1072
2026-05-25 08:42:46,16696,-704,-1132
2026-05-25 08:42:48,16680,-720,-1088
2026-05-25 08:42:50,16736,-704,-1104
2026-05-25 08:42:52,16688,-740,-1060
2026-05-25 08:42:54,16676,-728,-1008
2026-05-25 08:42:56,16664,-712,-1092
2026-05-25 08:42:58,16732,-688,-1052
2026-05-25 08:43:00,16660,-708,-1172
2026-05-25 08:43:02,16684,-772,-1156
2026-05-25 08:43:04,16692,-688,-1180
2026-05-25 08:43:06,16696,-712,-1056
2026-05-25 08:43:08,16676,-696,-1056
2026-05-25 08:43:10,16676,-652,-1052
2026-05-25 08:43:12,16696,-712,-1120
2026-05-25 08:43:14,16696,-688,-1060
2026-05-25 08:43:16,16608,-704,-1040
2026-05-25 08:43:18,16688,-728,-1044
2026-05-25 08:43:20,16704,-672,-932
2026-05-25 08:43:22,16640,-652,-1020
2026-05-25 08:43:24,16636,-728,-1064
2026-05-25 08:43:26,16692,-700,-1068
2026-05-25 08:43:28,16696,-720,-1080
2026-05-25 08:43:30,16648,-752,-1124
2026-05-25 08:43:32,16668,-712,-1024
2026-05-25 08:43:34,16632,-748,-1132
2026-05-25 08:43:36,16684,-696,-1000
2026-05-25 08:43:38,16692,-656,-1080
2026-05-25 08:43:40,16688,-732,-1092
2026-05-25 08:43:42,16724,-748,-1060
2026-05-25 08:43:44,16688,-680,-1096
2026-05-25 08:43:46,16696,-720,-1064
2026-05-25 08:43:48,16660,-736,-1208
2026-05-25 08:43:50,16664,-728,-1092
2026-05-25 08:43:52,16684,-720,-1140
2026-05-25 08:43:54,16720,-732,-984
2026-05-25 08:43:56,16636,-664,-1108
2026-05-25 08:43:58,16708,-712,-1080
2026-05-25 08:44:00,16708,-708,-1108
2026-05-25 08:44:02,16660,-724,-1004
2026-05-25 08:44:04,16688,-656,-1152
2026-05-25 08:44:06,16696,-744,-1156
2026-05-25 08:44:08,16608,-696,-1104
2026-05-25 08:44:10,16688,-780,-1104
2026-05-25 08:44:12,16668,-700,-1040
2026-05-25 08:44:14,16672,-652,-1192
2026-05-25 08:44:16,16652,-716,-1076
2026-05-25 08:44:18,16692,-688,-1096
2026-05-25 08:44:20,16672,-688,-1068
2026-05-25 08:44:22,16660,-732,-1016
2026-05-25 08:44:24,16664,-680,-1152
2026-05-25 08:44:26,16728,-692,-1164
2026-05-25 08:44:28,16760,-756,-1172
2026-05-25 08:44:30,16612,-676,-1064
2026-05-25 08:44:32,16648,-716,-1064
2026-05-25 08:44:34,16708,-728,-1064
2026-05-25 08:44:36,16688,-728,-1020
2026-05-25 08:44:38,16672,-700,-1152
2026-05-25 08:44:40,16688,-744,-1024
2026-05-25 08:44:42,16716,-736,-1108
2026-05-25 08:44:44,16676,-748,-1024
2026-05-25 08:44:46,16708,-736,-1092
2026-05-25 08:44:48,16772,-708,-1076
2026-05-25 08:44:50,16664,-776,-1036
2026-05-25 08:44:52,16740,-744,-1056
2026-05-25 08:44:54,16672,-732,-968
2026-05-25 08:44:56,16708,-748,-1096
2026-05-25 08:44:58,16656,-752,-1124
2026-05-25 08:45:00,16660,-724,-1036
2026-05-25 08:45:02,16720,-724,-1056
2026-05-25 08:45:04,16660,-720,-984
2026-05-25 08:45:06,16680,-744,-1108
2026-05-25 08:45:08,16736,-704,-1124
2026-05-25 08:45:10,16704,-784,-1004
2026-05-25 08:45:12,16656,-780,-1036
2026-05-25 08:45:14,16644,-732,-996
2026-05-25 08:45:16,16744,-772,-984
2026-05-25 08:45:18,16708,-728,-1036
2026-05-25 08:45:20,16664,-756,-1136
2026-05-25 08:45:22,16608,-692,-1108
2026-05-25 08:45:24,16716,-756,-896
2026-05-25 08:45:26,16740,-760,-1080
2026-05-25 08:45:28,16688,-740,-1072
2026-05-25 08:45:30,16664,-744,-1000
2026-05-25 08:45:32,16664,-728,-1176
2026-05-25 08:45:34,16700,-740,-1044
2026-05-25 08:45:36,16632,-724,-1060
2026-05-25 08:45:38,16688,-748,-1028
2026-05-25 08:45:40,16744,-732,-972
2026-05-25 08:45:42,16656,-752,-1064
2026-05-25 08:45:44,16716,-772,-1124
2026-05-25 08:45:46,16628,-804,-1056
2026-05-25 08:45:48,16688,-724,-1104
2026-05-25 08:45:50,16596,-736,-1012
2026-05-25 08:45:52,16712,-744,-1140
2026-05-25 08:45:54,16724,-728,-1104
2026-05-25 08:45:56,16704,-748,-1092
2026-05-25 08:45:58,16720,-704,-1144
2026-05-25 08:46:00,16680,-784,-1100
2026-05-25 08:46:02,16700,-808,-1088
2026-05-25 08:46:04,16720,-788,-1032
2026-05-25 08:46:06,16748,-784,-1056
2026-05-25 08:46:08,16680,-780,-1088
2026-05-25 08:46:10,16712,-736,-1000
2026-05-25 08:46:12,16688,-780,-1064
2026-05-25 08:46:14,16728,-744,-1044
2026-05-25 08:46:16,16664,-724,-1004
2026-05-25 08:46:18,16680,-736,-1084
2026-05-25 08:46:20,16648,-700,-1060
2026-05-25 08:46:22,16656,-784,-1080
2026-05-25 08:46:24,16708,-748,-1080
2026-05-25 08:46:26,16692,-724,-1132
2026-05-25 08:46:28,16716,-808,-1040
2026-05-25 08:46:30,16680,-756,-1084
2026-05-25 08:46:32,16716,-776,-1068
2026-05-25 08:46:34,16684,-836,-1112
2026-05-25 08:46:36,16700,-724,-1108
2026-05-25 08:46:38,16644,-764,-1008
2026-05-25 08:46:40,16704,-796,-1076
2026-05-25 08:46:42,16668,-728,-1028
2026-05-25 08:46:44,16696,-784,-1004
2026-05-25 08:46:46,16656,-800,-1108
2026-05-25 08:46:48,16700,-828,-1080
2026-05-25 08:46:50,16708,-772,-992
2026-05-25 08:46:52,16736,-704,-1068
2026-05-25 08:46:54,16712,-792,-984
2026-05-25 08:46:56,16652,-748,-1088
2026-05-25 08:46:58,16664,-776,-1072
2026-05-25 08:47:00,16748,-792,-1084
2026-05-25 08:47:02,16644,-724,-1032
2026-05-25 08:47:04,16656,-708,-1072
2026-05-25 08:47:06,16692,-748,-1064
2026-05-25 08:47:08,16676,-708,-1016
2026-05-25 08:47:10,16700,-752,-1084
2026-05-25 08:47:12,16708,-752,-1164
2026-05-25 08:47:14,16696,-740,-1060
2026-05-25 08:47:16,16696,-712,-1172
2026-05-25 08:47:18,16668,-776,-1068
2026-05-25 08:47:20,16672,-736,-1048
2026-05-25 08:47:22,16648,-768,-1064
2026-05-25 08:47:24,16688,-752,-1060
2026-05-25 08:47:26,16640,-796,-956
2026-05-25 08:47:28,16712,-720,-1056
2026-05-25 08:47:30,16684,-712,-1084
2026-05-25 08:47:32,16696,-772,-984
2026-05-25 08:47:34,16716,-784,-1048
2026-05-25 08:47:36,16660,-764,-1212
2026-05-25 08:47:38,16716,-736,-1060
2026-05-25 08:47:40,16696,-728,-1048
2026-05-25 08:47:42,16724,-760,-1040
2026-05-25 08:47:44,16628,-764,-1148
2026-05-25 08:47:46,16728,-728,-1224
2026-05-25 08:47:48,16692,-756,-1152
2026-05-25 08:47:50,16688,-776,-1020
2026-05-25 08:47:52,16732,-804,-1016
2026-05-25 08:47:54,16672,-748,-1004
2026-05-25 08:47:56,16712,-740,-1136
2026-05-25 08:47:58,16708,-772,-1048
2026-05-25 08:48:00,16744,-776,-1088
2026-05-25 08:48:02,16664,-720,-1132
2026-05-25 08:48:04,16664,-796,-1092
2026-05-25 08:48:06,16656,-808,-1028
2026-05-25 08:48:08,16724,-784,-1068
2026-05-25 08:48:10,16724,-824,-1108
2026-05-25 08:48:12,16700,-788,-1112
2026-05-25 08:48:14,16700,-680,-1140
2026-05-25 08:48:16,16704,-768,-1208
2026-05-25 08:48:18,16688,-752,-1176
2026-05-25 08:48:20,16700,-720,-1000
2026-05-25 08:48:22,16628,-796,-1076
2026-05-25 08:48:24,16632,-772,-1196
2026-05-25 08:48:26,16692,-728,-1012
2026-05-25 08:48:28,16664,-820,-1104
2026-05-25 08:48:30,16732,-768,-1096
2026-05-25 08:48:32,16744,-828,-1068
2026-05-25 08:48:34,16708,-760,-1104
2026-05-25 08:48:36,16672,-760,-1084
2026-05-25 08:48:38,16732,-776,-1016
2026-05-25 08:48:40,16716,-764,-1108
2026-05-25 08:48:42,16684,-724,-1132
2026-05-25 08:48:44,16648,-732,-1040
2026-05-25 08:48:46,16704,-780,-1144
2026-05-25 08:48:48,16708,-772,-1044
2026-05-25 08:48:50,16716,-744,-1012
2026-05-25 08:48:52,16700,-764,-1136
2026-05-25 08:48:54,16740,-800,-1016
2026-05-25 08:48:56,16736,-780,-1104
2026-05-25 08:48:58,16760,-816,-1056
2026-05-25 08:49:00,16636,-788,-996
2026-05-25 08:49:02,16664,-780,-984
2026-05-25 08:49:04,16724,-780,-1084
2026-05-25 08:49:06,16716,-744,-1112
2026-05-25 08:49:08,16668,-816,-1108
2026-05-25 08:49:10,16764,-804,-1068
2026-05-25 08:49:12,16624,-748,-1008
2026-05-25 08:49:14,16692,-756,-1108
2026-05-25 08:49:16,16680,-796,-1064
2026-05-25 08:49:18,16680,-740,-1044
2026-05-25 08:49:20,16656,-768,-1128
2026-05-25 08:49:22,16692,-804,-1024
2026-05-25 08:49:24,16704,-760,-1076
2026-05-25 08:49:26,16676,-788,-1112
2026-05-25 08:49:28,16672,-788,-1036
2026-05-25 08:49:30,16736,-776,-1080
2026-05-25 08:49:32,16712,-716,-1196
2026-05-25 08:49:34,16736,-792,-1092
2026-05-25 08:49:36,16684,-752,-1032
2026-05-25 08:49:38,16656,-788,-1048
2026-05-25 08:49:40,16636,-788,-956
2026-05-25 08:49:42,16644,-756,-992
2026-05-25 08:49:44,16620,-748,-1100
2026-05-25 08:49:46,16648,-784,-1060
2026-05-25 08:49:48,16700,-764,-1124
2026-05-25 08:49:50,16684,-800,-1112
2026-05-25 08:49:52,16696,-772,-1024
2026-05-25 08:49:54,16664,-732,-1008
2026-05-25 08:49:56,16704,-760,-1112
2026-05-25 08:49:58,16728,-776,-1048
2026-05-25 08:50:00,16660,-784,-1156
2026-05-25 08:50:02,16740,-772,-1076
2026-05-25 08:50:04,16700,-788,-1040
2026-05-25 08:50:06,16724,-780,-980
2026-05-25 08:50:08,16708,-792,-1036
2026-05-25 08:50:10,16680,-776,-1064
2026-05-25 08:50:12,16628,-816,-1048
2026-05-25 08:50:14,16648,-772,-1064
2026-05-25 08:50:16,16692,-720,-1104
2026-05-25 08:50:18,16648,-748,-1112
2026-05-25 08:50:20,16700,-836,-1088
2026-05-25 08:50:22,16732,-764,-1052
2026-05-25 08:50:24,16728,-744,-1068
2026-05-25 08:50:26,16712,-756,-1148
2026-05-25 08:50:28,16716,-720,-1160
2026-05-25 08:50:30,16636,-800,-1036
2026-05-25 08:50:32,16736,-732,-1020
2026-05-25 08:50:34,16696,-804,-1064
2026-05-25 08:50:36,16692,-780,-1056
2026-05-25 08:50:38,16700,-744,-1100
2026-05-25 08:50:40,16732,-772,-1072
2026-05-25 08:50:42,16652,-816,-1072
2026-05-25 08:50:44,16632,-780,-1124
2026-05-25 08:50:46,16672,-716,-1088
2026-05-25 08:50:48,16664,-764,-1136
2026-05-25 08:50:50,16632,-740,-1016
2026-05-25 08:50:52,16704,-812,-1084
2026-05-25 08:50:54,16756,-744,-1108
2026-05-25 08:50:56,16696,-692,-1064
2026-05-25 08:50:58,16720,-800,-1072
2026-05-25 08:51:00,16680,-764,-968
2026-05-25 08:51:02,16680,-780,-1080
2026-05-25 08:51:04,16704,-776,-1048
2026-05-25 08:51:06,16672,-732,-1068
2026-05-25 08:51:08,16700,-796,-984
2026-05-25 08:51:10,16676,-776,-1072
2026-05-25 08:51:12,16664,-756,-1196
2026-05-25 08:51:14,16656,-768,-1088
2026-05-25 08:51:16,16716,-732,-1124
2026-05-25 08:51:18,16724,-776,-1100
2026-05-25 08:51:20,16696,-776,-1112
2026-05-25 08:51:22,16696,-680,-1112
2026-05-25 08:51:24,16744,-744,-1144
2026-05-25 08:51:26,16676,-740,-1128
2026-05-25 08:51:28,16712,-744,-1008
2026-05-25 08:51:30,16756,-816,-1044
2026-05-25 08:51:32,16676,-736,-1104
2026-05-25 08:51:34,16704,-812,-1052
2026-05-25 08:51:36,16712,-756,-1172
2026-05-25 08:51:38,16664,-800,-1068
2026-05-25 08:51:40,16708,-852,-996
2026-05-25 08:51:42,16696,-728,-1132
2026-05-25 08:51:44,16712,-728,-1128
2026-05-25 08:51:46,16660,-804,-1060
2026-05-25 08:51:48,16728,-808,-1160
2026-05-25 08:51:50,16748,-768,-1056
2026-05-25 08:51:52,16680,-728,-1036
2026-05-25 08:51:54,16652,-716,-1088
2026-05-25 08:51:56,16684,-772,-1068
2026-05-25 08:51:58,16636,-788,-1108
2026-05-25 08:52:00,16660,-792,-1084
2026-05-25 08:52:02,16692,-748,-1044
2026-05-25 08:52:04,16756,-744,-1000
2026-05-25 08:52:06,16696,-820,-1056
2026-05-25 08:52:08,16668,-708,-1120
2026-05-25 08:52:10,16696,-776,-1016
2026-05-25 08:52:12,16688,-728,-1068
2026-05-25 08:52:14,16684,-788,-1024
2026-05-25 08:52:16,16708,-788,-1052
2026-05-25 08:52:18,16660,-752,-1084
2026-05-25 08:52:20,16664,-732,-1148
2026-05-25 08:52:22,16736,-776,-1088
2026-05-25 08:52:24,16712,-700,-1092
2026-05-25 08:52:26,16704,-796,-1128
2026-05-25 08:52:28,16672,-792,-1112
2026-05-25 08:52:30,16704,-808,-1088
2026-05-25 08:52:32,16716,-832,-1176
2026-05-25 08:52:34,16720,-788,-1060
2026-05-25 08:52:36,16680,-784,-996
2026-05-25 08:52:38,16740,-732,-1024
2026-05-25 08:52:40,16748,-756,-1128
2026-05-25 08:52:42,16728,-832,-1160
2026-05-25 08:52:44,16704,-708,-1092
2026-05-25 08:52:46,16728,-792,-1136
2026-05-25 08:52:48,16724,-772,-1084
2026-05-25 08:52:50,16684,-792,-1000
2026-05-25 08:52:52,16668,-752,-1068
2026-05-25 08:52:54,16696,-788,-1024
2026-05-25 08:52:56,16728,-752,-1084
2026-05-25 08:52:58,16724,-740,-1060
2026-05-25 08:53:00,16672,-768,-1108
2026-05-25 08:53:02,16720,-764,-1104
2026-05-25 08:53:04,16708,-796,-1120
2026-05-25 08:53:06,16656,-736,-1044
2026-05-25 08:53:08,16708,-760,-1144
2026-05-25 08:53:10,16736,-796,-1116
2026-05-25 08:53:12,16728,-776,-1056
2026-05-25 08:53:14,16720,-772,-1084
2026-05-25 08:53:16,16696,-744,-1124
2026-05-25 08:53:18,16708,-716,-1184
2026-05-25 08:53:20,16648,-748,-1028
2026-05-25 08:53:22,16720,-724,-1140
2026-05-25 08:53:24,16736,-776,-1108
2026-05-25 08:53:26,16732,-756,-1128
2026-05-25 08:53:28,16680,-756,-1032
2026-05-25 08:53:30,16704,-748,-1096
2026-05-25 08:53:32,16652,-744,-1060
2026-05-25 08:53:34,16676,-812,-1096
2026-05-25 08:53:36,16708,-788,-1100
2026-05-25 08:53:38,16736,-768,-960
2026-05-25 08:53:40,16720,-772,-1064
2026-05-25 08:53:42,16692,-720,-1100
2026-05-25 08:53:44,16604,-752,-948
2026-05-25 08:53:46,16640,-784,-1064
2026-05-25 08:53:48,16744,-760,-1068
2026-05-25 08:53:50,16736,-776,-1060
2026-05-25 08:53:52,16712,-748,-1100
2026-05-25 08:53:54,16688,-740,-1068
2026-05-25 08:53:56,16716,-764,-1044
2026-05-25 08:53:58,16736,-748,-1104
2026-05-25 08:54:00,16704,-804,-984
2026-05-25 08:54:02,16680,-764,-1044
2026-05-25 08:54:04,16676,-748,-1052
2026-05-25 08:54:06,16684,-752,-1076
2026-05-25 08:54:08,16672,-800,-964
2026-05-25 08:54:10,16660,-720,-1088
2026-05-25 08:54:12,16708,-696,-1072
2026-05-25 08:54:14,16696,-856,-1112
2026-05-25 08:54:16,16704,-812,-1036
2026-05-25 08:54:18,16704,-704,-1120
2026-05-25 08:54:20,16700,-748,-1128
2026-05-25 08:54:22,16660,-732,-1004
2026-05-25 08:54:24,16660,-724,-1088
2026-05-25 08:54:26,16692,-760,-1104
2026-05-25 08:54:28,16688,-792,-1044
2026-05-25 08:54:30,16744,-724,-1076
2026-05-25 08:54:32,16744,-800,-1124
2026-05-25 08:54:34,16700,-780,-1096
2026-05-25 08:54:36,16712,-752,-1044
2026-05-25 08:54:38,16660,-752,-1016
2026-05-25 08:54:40,16700,-768,-1064
2026-05-25 08:54:42,16684,-760,-1056
2026-05-25 08:54:44,16692,-812,-1060
2026-05-25 08:54:46,16672,-744,-1180
2026-05-25 08:54:48,16648,-792,-1084
2026-05-25 08:54:50,16692,-796,-996
2026-05-25 08:54:52,16684,-784,-1120
2026-05-25 08:54:54,16764,-748,-1100
2026-05-25 08:54:56,16700,-732,-1052
2026-05-25 08:54:58,16752,-732,-1048
2026-05-25 08:55:00,16664,-752,-1052
2026-05-25 08:55:02,16728,-708,-992
2026-05-25 08:55:04,16768,-764,-1096
2026-05-25 08:55:06,16684,-708,-1164
2026-05-25 08:55:08,16680,-776,-1120
2026-05-25 08:55:10,16724,-728,-1084
2026-05-25 08:55:12,16644,-688,-980
2026-05-25 08:55:14,16700,-712,-1024
2026-05-25 08:55:16,16704,-756,-1108
2026-05-25 08:55:18,16724,-792,-1076
2026-05-25 08:55:20,16696,-720,-992
2026-05-25 08:55:22,16708,-764,-1028
2026-05-25 08:55:24,16672,-804,-1212
2026-05-25 08:55:26,16708,-764,-988
2026-05-25 08:55:28,16692,-796,-1004
2026-05-25 08:55:30,16684,-760,-1080
2026-05-25 08:55:32,16664,-760,-1076
2026-05-25 08:55:34,16684,-720,-1036
2026-05-25 08:55:36,16680,-796,-1116
2026-05-25 08:55:38,16672,-748,-1088
2026-05-25 08:55:40,16620,-788,-1000
2026-05-25 08:55:42,16684,-780,-1100
2026-05-25 08:55:44,16716,-848,-1144
2026-05-25 08:55:46,16628,-768,-1124
2026-05-25 08:55:48,16708,-792,-1036
2026-05-25 08:55:50,16700,-720,-1140
2026-05-25 08:55:52,16732,-804,-1068
2026-05-25 08:55:54,16684,-784,-1048
2026-05-25 08:55:56,16724,-764,-968
2026-05-25 08:55:58,16724,-800,-964
2026-05-25 08:56:00,16756,-728,-1104
2026-05-25 08:56:02,16708,-720,-1108
2026-05-25 08:56:04,16696,-772,-1092
2026-05-25 08:56:06,16704,-716,-1104
2026-05-25 08:56:08,16636,-816,-1112
2026-05-25 08:56:10,16720,-736,-1128
2026-05-25 08:56:12,16724,-700,-1108
2026-05-25 08:56:14,16756,-800,-1160
2026-05-25 08:56:16,16680,-812,-1060
2026-05-25 08:56:18,16672,-764,-1036
2026-05-25 08:56:20,16740,-784,-1052
2026-05-25 08:56:22,16644,-776,-1092
2026-05-25 08:56:24,16632,-768,-1080
2026-05-25 08:56:26,16760,-728,-1124
2026-05-25 08:56:28,16688,-776,-1124
2026-05-25 08:56:30,16640,-776,-1088
2026-05-25 08:56:32,16696,-768,-1112
2026-05-25 08:56:34,16704,-772,-1140
2026-05-25 08:56:36,16708,-756,-1172
2026-05-25 08:56:38,16724,-808,-1108
2026-05-25 08:56:40,16612,-800,-1068
2026-05-25 08:56:42,16744,-824,-1028
2026-05-25 08:56:44,16684,-816,-1120
2026-05-25 08:56:46,16652,-764,-1124
2026-05-25 08:56:48,16664,-780,-1108
2026-05-25 08:56:50,16680,-796,-1132
2026-05-25 08:56:52,16692,-764,-1108
2026-05-25 08:56:54,16680,-760,-1072
2026-05-25 08:56:56,16676,-764,-1156
2026-05-25 08:56:58,16660,-760,-1100
2026-05-25 08:57:00,16688,-720,-1068
2026-05-25 08:57:02,16688,-772,-1116
2026-05-25 08:57:04,16644,-740,-1080
2026-05-25 08:57:06,16676,-784,-1136
2026-05-25 08:57:08,16692,-748,-1032
2026-05-25 08:57:10,16620,-860,-1100
2026-05-25 08:57:12,16704,-772,-1048
2026-05-25 08:57:14,16716,-768,-1088
2026-05-25 08:57:16,16756,-712,-1032
2026-05-25 08:57:18,16684,-780,-1064
2026-05-25 08:57:20,16676,-784,-1168
2026-05-25 08:57:22,16708,-740,-1068
2026-05-25 08:57:24,16660,-784,-1136
2026-05-25 08:57:26,16724,-768,-1144
2026-05-25 08:57:28,16728,-784,-1044
2026-05-25 08:57:30,16628,-776,-1032
2026-05-25 08:57:32,16744,-792,-1088
2026-05-25 08:57:34,16692,-872,-1032
2026-05-25 08:57:36,16632,-808,-1052
2026-05-25 08:57:38,16708,-716,-984
2026-05-25 08:57:40,16644,-764,-1036
2026-05-25 08:57:42,16688,-772,-1072
2026-05-25 08:57:44,16684,-812,-988
2026-05-25 08:57:46,16696,-784,-1168
2026-05-25 08:57:48,16656,-800,-1072
2026-05-25 08:57:50,16680,-772,-1056
2026-05-25 08:57:52,16728,-712,-996
2026-05-25 08:57:54,16656,-836,-1048
2026-05-25 08:57:56,16688,-800,-1188
2026-05-25 08:57:58,16620,-788,-1132
2026-05-25 08:58:00,16728,-776,-1104
2026-05-25 08:58:02,16704,-764,-976
2026-05-25 08:58:04,16688,-772,-1036
2026-05-25 08:58:06,16712,-736,-1072
2026-05-25 08:58:08,16708,-748,-1088
2026-05-25 08:58:10,16668,-740,-1072
2026-05-25 08:58:12,16652,-744,-944
2026-05-25 08:58:14,16672,-760,-1124
2026-05-25 08:58:16,16700,-780,-1080
2026-05-25 08:58:18,16684,-752,-1064
2026-05-25 08:58:20,16732,-704,-1112
2026-05-25 08:58:22,16656,-792,-1060
2026-05-25 08:58:24,16736,-780,-968
2026-05-25 08:58:26,16688,-764,-1000
2026-05-25 08:58:28,16680,-744,-1184
2026-05-25 08:58:30,16680,-752,-1004
2026-05-25 08:58:32,16736,-768,-1128
2026-05-25 08:58:34,16696,-800,-956
2026-05-25 08:58:36,16632,-796,-1016
2026-05-25 08:58:38,16716,-784,-1068
2026-05-25 08:58:40,16704,-736,-1056
2026-05-25 08:58:42,16684,-816,-1192
2026-05-25 08:58:44,16700,-720,-1032
2026-05-25 08:58:46,16656,-704,-1112
2026-05-25 08:58:48,16684,-764,-1152
2026-05-25 08:58:50,16696,-732,-1008
2026-05-25 08:58:52,16720,-764,-976
2026-05-25 08:58:54,16640,-740,-1092
2026-05-25 08:58:56,16708,-732,-1088
2026-05-25 08:58:58,16716,-740,-1056
2026-05-25 08:59:00,16696,-752,-1084
2026-05-25 08:59:02,16724,-760,-1004
2026-05-25 08:59:04,16740,-712,-1084
2026-05-25 08:59:06,16720,-748,-1012
2026-05-25 08:59:08,16684,-720,-1100
2026-05-25 08:59:10,16676,-848,-1112
2026-05-25 08:59:12,16656,-836,-1072
2026-05-25 08:59:14,16652,-708,-1024
2026-05-25 08:59:16,16728,-784,-1060
2026-05-25 08:59:18,16680,-700,-1024
2026-05-25 08:59:20,16688,-708,-1148
2026-05-25 08:59:22,16724,-776,-936
2026-05-25 08:59:24,16700,-824,-1100
2026-05-25 08:59:26,16732,-692,-1088
2026-05-25 08:59:28,16736,-816,-1128
2026-05-25 08:59:30,16732,-808,-1032
2026-05-25 08:59:32,16716,-788,-1044
2026-05-25 08:59:34,16680,-728,-1112
2026-05-25 08:59:36,16712,-768,-1100
2026-05-25 08:59:38,16696,-792,-1004
2026-05-25 08:59:40,16720,-748,-1200
2026-05-25 08:59:42,16696,-780,-1148
2026-05-25 08:59:44,16612,-780,-1100
2026-05-25 08:59:46,16756,-784,-1032
2026-05-25 08:59:48,16724,-752,-1092
2026-05-25 08:59:50,16676,-760,-1128
2026-05-25 08:59:52,16696,-780,-1012
2026-05-25 08:59:54,16744,-772,-1088
2026-05-25 08:59:56,16728,-764,-1064
2026-05-25 08:59:58,16664,-756,-988
2026-05-25 09:00:00,16720,-768,-1068
2026-05-25 09:00:02,16684,-776,-1020
2026-05-25 09:00:04,16628,-788,-1048
2026-05-25 09:00:06,16764,-740,-1064
2026-05-25 09:00:08,16740,-776,-1048
2026-05-25 09:00:10,16672,-752,-984
2026-05-25 09:00:12,16724,-772,-1016
2026-05-25 09:00:14,16720,-816,-1124
2026-05-25 09:00:16,16664,-788,-1028
2026-05-25 09:00:18,16736,-824,-1084
2026-05-25 09:00:20,16736,-804,-1088
2026-05-25 09:00:22,16736,-768,-1076
2026-05-25 09:00:24,16740,-824,-1072
2026-05-25 09:00:26,16744,-832,-1088
2026-05-25 09:00:28,16664,-764,-1124
2026-05-25 09:00:30,16752,-732,-1084
2026-05-25 09:00:32,16716,-740,-1068
2026-05-25 09:00:34,16672,-752,-1084
2026-05-25 09:00:36,16652,-720,-1000
2026-05-25 09:00:38,16676,-812,-1048
2026-05-25 09:00:40,16680,-740,-1140
2026-05-25 09:00:42,16692,-788,-1084
2026-05-25 09:00:44,16720,-816,-1096
2026-05-25 09:00:46,16644,-712,-1060
2026-05-25 09:00:48,16664,-772,-1000
2026-05-25 09:00:50,16652,-732,-1012
2026-05-25 09:00:52,16788,-768,-1020
2026-05-25 09:00:54,16640,-784,-1080
2026-05-25 09:00:56,16680,-752,-1004
2026-05-25 09:00:58,16700,-772,-1132
2026-05-25 09:01:00,16696,-772,-1044
2026-05-25 09:01:02,16636,-880,-1004
2026-05-25 09:01:04,16696,-728,-1076
2026-05-25 09:01:06,16688,-740,-1088
2026-05-25 09:01:08,16668,-764,-996
2026-05-25 09:01:10,16684,-772,-1008
2026-05-25 09:01:12,16696,-744,-1088
2026-05-25 09:01:14,16672,-832,-1096
2026-05-25 09:01:16,16716,-704,-1188
2026-05-25 09:01:18,16708,-828,-1132
2026-05-25 09:01:20,16708,-740,-964
2026-05-25 09:01:22,16680,-776,-1124
2026-05-25 09:01:24,16712,-756,-1096
2026-05-25 09:01:26,16652,-732,-1180
2026-05-25 09:01:28,16672,-808,-1136
2026-05-25 09:01:30,16712,-756,-1040
2026-05-25 09:01:32,16692,-728,-1040
2026-05-25 09:01:34,16676,-776,-1072
2026-05-25 09:01:36,16700,-788,-1084
2026-05-25 09:01:38,16744,-784,-1096
2026-05-25 09:01:40,16684,-776,-1084
2026-05-25 09:01:42,16700,-732,-1076
2026-05-25 09:01:44,16720,-700,-1056
2026-05-25 09:01:46,16652,-804,-1092
2026-05-25 09:01:48,16720,-836,-1128
2026-05-25 09:01:50,16696,-832,-1072
2026-05-25 09:01:52,16692,-704,-984
2026-05-25 09:01:54,16672,-796,-1024
2026-05-25 09:01:56,16716,-772,-1232
2026-05-25 09:01:58,16676,-744,-1128
2026-05-25 09:02:00,16784,-776,-996
2026-05-25 09:02:02,16612,-740,-1060
2026-05-25 09:02:04,16740,-740,-924
2026-05-25 09:02:06,16652,-796,-1068
2026-05-25 09:02:08,16676,-692,-988
2026-05-25 09:02:10,16688,-804,-1132
2026-05-25 09:02:12,16656,-736,-1040
2026-05-25 09:02:14,16708,-796,-1092
2026-05-25 09:02:16,16688,-828,-968
2026-05-25 09:02:18,16664,-788,-1028
2026-05-25 09:02:20,16664,-728,-1072
2026-05-25 09:02:22,16680,-744,-1188
2026-05-25 09:02:24,16712,-836,-1088
2026-05-25 09:02:26,16688,-820,-1140
2026-05-25 09:02:28,16692,-768,-1140
2026-05-25 09:02:30,16696,-840,-1036
2026-05-25 09:02:32,16724,-792,-1032
2026-05-25 09:02:34,16660,-788,-1120
2026-05-25 09:02:36,16700,-768,-1096
2026-05-25 09:02:38,16704,-788,-1072
2026-05-25 09:02:40,16672,-840,-1108
2026-05-25 09:02:42,16580,-784,-1072
2026-05-25 09:02:44,16656,-760,-1088
2026-05-25 09:02:46,16756,-832,-1032
2026-05-25 09:02:48,16656,-764,-948
2026-05-25 09:02:50,16640,-736,-996
2026-05-25 09:02:52,16724,-800,-1072
2026-05-25 09:02:54,16708,-724,-992
2026-05-25 09:02:56,16716,-784,-996
2026-05-25 09:02:58,16688,-780,-1108
2026-05-25 09:03:00,16712,-744,-1036
2026-05-25 09:03:02,16708,-800,-1208
2026-05-25 09:03:04,16684,-780,-1044
2026-05-25 09:03:06,16752,-796,-1012
2026-05-25 09:03:08,16684,-744,-1048
2026-05-25 09:03:10,16716,-832,-1088
2026-05-25 09:03:12,16712,-800,-1048
2026-05-25 09:03:14,16644,-788,-1144
2026-05-25 09:03:16,16660,-832,-1048
2026-05-25 09:03:18,16676,-780,-1140
2026-05-25 09:03:20,16648,-744,-1016
2026-05-25 09:03:22,16700,-776,-1072
2026-05-25 09:03:24,16652,-848,-1108
2026-05-25 09:03:26,16680,-820,-1044
2026-05-25 09:03:28,16620,-760,-1144
2026-05-25 09:03:30,16680,-764,-1148
2026-05-25 09:03:32,16676,-776,-1000
2026-05-25 09:03:34,16656,-748,-1020
2026-05-25 09:03:36,16692,-760,-1136
2026-05-25 09:03:38,16668,-760,-1068
2026-05-25 09:03:40,16724,-796,-1072
2026-05-25 09:03:42,16648,-772,-1068
2026-05-25 09:03:44,16684,-760,-1108
2026-05-25 09:03:46,16664,-744,-1104
2026-05-25 09:03:48,16740,-832,-1104
2026-05-25 09:03:50,16756,-768,-1124
2026-05-25 09:03:52,16640,-768,-1072
2026-05-25 09:03:54,16708,-704,-1056
2026-05-25 09:03:56,16688,-740,-1084
2026-05-25 09:03:58,16648,-772,-1056
2026-05-25 09:04:00,16740,-780,-1140
2026-05-25 09:04:02,16724,-728,-968
2026-05-25 09:04:04,16656,-760,-1116
2026-05-25 09:04:06,16664,-744,-1024
2026-05-25 09:04:08,16720,-776,-984
2026-05-25 09:04:10,16644,-720,-1032
2026-05-25 09:04:12,16664,-740,-1028
2026-05-25 09:04:14,16664,-740,-1148
2026-05-25 09:04:16,16676,-784,-1088
2026-05-25 09:04:18,16748,-780,-1060
2026-05-25 09:04:20,16668,-728,-960
2026-05-25 09:04:22,16644,-808,-1160
2026-05-25 09:04:24,16632,-812,-1040
2026-05-25 09:04:26,16720,-716,-996
2026-05-25 09:04:28,16676,-784,-1132
2026-05-25 09:04:30,16640,-780,-1176
2026-05-25 09:04:32,16692,-756,-1104
2026-05-25 09:04:34,16720,-748,-1088
2026-05-25 09:04:36,16700,-844,-1088
2026-05-25 09:04:38,16676,-736,-1232
2026-05-25 09:04:40,16656,-680,-1196
2026-05-25 09:04:42,16740,-716,-1112
2026-05-25 09:04:44,16776,-652,-1096
2026-05-25 09:04:46,16680,-652,-1160
2026-05-25 09:04:48,16684,-676,-1088
2026-05-25 09:04:50,16656,-692,-1148
2026-05-25 09:04:52,16756,-680,-1228
2026-05-25 09:04:54,16664,-600,-1112
2026-05-25 09:04:56,16696,-688,-1176
2026-05-25 09:04:58,16664,-664,-1128
2026-05-25 09:05:00,16696,-728,-1192
2026-05-25 09:05:02,16628,-672,-1184
2026-05-25 09:05:04,16648,-676,-1192
2026-05-25 09:05:06,16680,-688,-1136
2026-05-25 09:05:08,16764,-640,-1084
2026-05-25 09:05:10,16660,-624,-1080
2026-05-25 09:05:12,16688,-680,-1024
2026-05-25 09:05:14,16680,-704,-1072
2026-05-25 09:05:16,16676,-624,-1028
2026-05-25 09:05:18,16752,-640,-1132
2026-05-25 09:05:20,16756,-656,-1136
2026-05-25 09:05:22,16740,-656,-1072
2026-05-25 09:05:24,16684,-676,-1120
2026-05-25 09:05:26,16688,-616,-1172
2026-05-25 09:05:28,16652,-624,-992
2026-05-25 09:05:30,16676,-704,-1196
2026-05-25 09:05:32,16648,-640,-1096
2026-05-25 09:05:34,16724,-636,-1204
2026-05-25 09:05:36,16740,-652,-1248
2026-05-25 09:05:38,16684,-636,-1192
2026-05-25 09:05:40,16608,-636,-1112
2026-05-25 09:05:42,16684,-668,-1212
2026-05-25 09:05:44,16724,-688,-1232
2026-05-25 09:05:46,16716,-668,-1120
2026-05-25 09:05:48,16784,-628,-1172
2026-05-25 09:05:50,16684,-584,-1064
2026-05-25 09:05:52,16684,-616,-1128
2026-05-25 09:05:54,16640,-684,-1136
2026-05-25 09:05:56,16748,-708,-1172
2026-05-25 09:05:58,16708,-632,-1140
2026-05-25 09:06:00,16600,-640,-1172
2026-05-25 09:06:02,16720,-600,-1168
2026-05-25 09:06:04,16676,-668,-1164
2026-05-25 09:06:06,16736,-624,-1136
2026-05-25 09:06:08,16720,-664,-1184
2026-05-25 09:06:10,16704,-652,-1184
2026-05-25 09:06:12,16740,-656,-1148
2026-05-25 09:06:14,16716,-648,-1084
2026-05-25 09:06:16,16696,-592,-1168
2026-05-25 09:06:18,16720,-620,-1176
2026-05-25 09:06:20,16716,-552,-1140
2026-05-25 09:06:22,16752,-640,-1140
2026-05-25 09:06:24,16672,-628,-1120
2026-05-25 09:06:26,16696,-644,-1224
2026-05-25 09:06:28,16632,-720,-1132
2026-05-25 09:06:30,16688,-632,-1108
2026-05-25 09:06:32,16632,-680,-1120
2026-05-25 09:06:34,16672,-676,-1184
2026-05-25 09:06:36,16648,-700,-1160
2026-05-25 09:06:38,16716,-592,-1192
2026-05-25 09:06:40,16764,-572,-1136
2026-05-25 09:06:42,16688,-668,-1144
2026-05-25 09:06:44,16652,-624,-1156
2026-05-25 09:06:46,16744,-716,-1172
2026-05-25 09:06:48,16708,-588,-1204
2026-05-25 09:06:50,16656,-616,-1168
2026-05-25 09:06:52,16756,-668,-1076
2026-05-25 09:06:54,16688,-604,-1012
2026-05-25 09:06:56,16652,-612,-1256
2026-05-25 09:06:58,16744,-664,-1164
2026-05-25 09:07:00,16660,-660,-1224
2026-05-25 09:07:02,16748,-704,-1072
2026-05-25 09:07:04,16644,-664,-1204
2026-05-25 09:07:06,16648,-664,-1220
2026-05-25 09:07:08,16628,-656,-1140
2026-05-25 09:07:10,16712,-660,-1048
2026-05-25 09:07:12,16660,-636,-1156
2026-05-25 09:07:14,16732,-672,-1212
2026-05-25 09:07:16,16688,-648,-1188
2026-05-25 09:07:18,16668,-640,-1160
2026-05-25 09:07:20,16664,-604,-1204
2026-05-25 09:07:22,16644,-656,-1236
2026-05-25 09:07:24,16676,-668,-1160
2026-05-25 09:07:26,16724,-692,-1048
2026-05-25 09:07:28,16708,-604,-1164
2026-05-25 09:07:30,16680,-684,-1108
2026-05-25 09:07:32,16760,-676,-1232
2026-05-25 09:07:34,16664,-644,-1112
2026-05-25 09:07:36,16664,-584,-1144
2026-05-25 09:07:38,16708,-632,-1188
2026-05-25 09:07:40,16656,-700,-1132
2026-05-25 09:07:42,16736,-660,-1200
2026-05-25 09:07:44,16668,-644,-1220
2026-05-25 09:07:46,16624,-708,-1176
2026-05-25 09:07:48,16692,-660,-1036
2026-05-25 09:07:50,16708,-664,-1160
2026-05-25 09:07:52,16672,-660,-1148
2026-05-25 09:07:54,16712,-656,-1148
2026-05-25 09:07:56,16696,-668,-1212
2026-05-25 09:07:58,16688,-680,-1200
2026-05-25 09:08:00,16692,-732,-1244
2026-05-25 09:08:02,16732,-628,-1160
2026-05-25 09:08:04,16692,-656,-1184
2026-05-25 09:08:06,16728,-580,-1136
2026-05-25 09:08:08,16704,-656,-1232
2026-05-25 09:08:10,16640,-712,-1132
2026-05-25 09:08:12,16676,-664,-1160
2026-05-25 09:08:14,16692,-644,-1208
2026-05-25 09:08:16,16716,-596,-1104
2026-05-25 09:08:18,16736,-636,-1136
2026-05-25 09:08:20,16724,-684,-1124
2026-05-25 09:08:22,16656,-640,-1120
2026-05-25 09:08:24,16700,-632,-1240
2026-05-25 09:08:26,16644,-704,-1068
2026-05-25 09:08:28,16704,-644,-1200
2026-05-25 09:08:30,16648,-724,-1120
2026-05-25 09:08:32,16740,-644,-1212
2026-05-25 09:08:34,16728,-644,-1184
2026-05-25 09:08:36,16632,-604,-1096
2026-05-25 09:08:38,16640,-688,-1200
2026-05-25 09:08:40,16680,-676,-1172
2026-05-25 09:08:42,16576,-672,-1228
2026-05-25 09:08:44,16668,-652,-1176
2026-05-25 09:08:46,16700,-708,-1024
2026-05-25 09:08:48,16672,-656,-1092
2026-05-25 09:08:50,16672,-660,-1236
2026-05-25 09:08:52,16680,-600,-1184
2026-05-25 09:08:54,16708,-640,-1164
2026-05-25 09:08:56,16676,-708,-1136
2026-05-25 09:08:58,16680,-676,-1224
2026-05-25 09:09:00,16736,-648,-1172
2026-05-25 09:09:02,16720,-736,-1156
2026-05-25 09:09:04,16680,-612,-1176
2026-05-25 09:09:06,16684,-652,-1132
2026-05-25 09:09:08,16708,-564,-1148
2026-05-25 09:09:10,16648,-716,-1216
2026-05-25 09:09:12,16656,-652,-1064
2026-05-25 09:09:14,16644,-648,-1112
2026-05-25 09:09:16,16644,-596,-1192
2026-05-25 09:09:18,16696,-652,-1160
2026-05-25 09:09:20,16676,-644,-1112
2026-05-25 09:09:22,16680,-680,-1172
2026-05-25 09:09:24,16716,-644,-1212
2026-05-25 09:09:26,16680,-672,-1088
2026-05-25 09:09:28,16724,-680,-1144
2026-05-25 09:09:30,16696,-672,-1124
2026-05-25 09:09:32,16672,-640,-1244
2026-05-25 09:09:34,16680,-620,-1152
2026-05-25 09:09:36,16656,-676,-1116
2026-05-25 09:09:38,16720,-644,-1116
2026-05-25 09:09:40,16680,-720,-1152
2026-05-25 09:09:42,16688,-672,-1176
2026-05-25 09:09:44,16740,-640,-1096
2026-05-25 09:09:46,16716,-652,-1080
2026-05-25 09:09:48,16716,-596,-1132
2026-05-25 09:09:50,16684,-616,-1156
2026-05-25 09:09:52,16652,-660,-1184
2026-05-25 09:09:54,16660,-672,-1112
2026-05-25 09:09:56,16684,-660,-1112
2026-05-25 09:09:58,16684,-696,-1124
2026-05-25 09:10:00,16700,-624,-1200
2026-05-25 09:10:02,16720,-632,-1152
2026-05-25 09:10:04,16632,-684,-1120
2026-05-25 09:10:06,16780,-664,-1196
2026-05-25 09:10:08,16732,-624,-1156
2026-05-25 09:10:10,16628,-628,-1072
2026-05-25 09:10:12,16684,-688,-1120
2026-05-25 09:10:14,16664,-640,-1164
2026-05-25 09:10:16,16708,-624,-1204
2026-05-25 09:10:18,16764,-672,-1220
2026-05-25 09:10:20,16648,-648,-1172
2026-05-25 09:10:22,16736,-676,-1152
2026-05-25 09:10:24,16676,-608,-1240
2026-05-25 09:10:26,16704,-640,-1120
2026-05-25 09:10:28,16640,-672,-1128
2026-05-25 09:10:30,16728,-672,-1216
2026-05-25 09:10:32,16696,-752,-1220
2026-05-25 09:10:34,16664,-648,-1144
2026-05-25 09:10:36,16756,-624,-1088
2026-05-25 09:10:38,16708,-692,-1152
2026-05-25 09:10:40,16708,-704,-1128
2026-05-25 09:10:42,16644,-640,-1128
2026-05-25 09:10:44,16680,-616,-1176
2026-05-25 09:10:46,16680,-624,-1164
2026-05-25 09:10:48,16644,-712,-1256
2026-05-25 09:10:50,16732,-644,-1168
2026-05-25 09:10:52,16716,-688,-1212
2026-05-25 09:10:54,16636,-664,-1236
2026-05-25 09:10:56,16700,-648,-1240
2026-05-25 09:10:58,16716,-624,-1164
2026-05-25 09:11:00,16648,-712,-1144
2026-05-25 09:11:02,16664,-668,-1120
2026-05-25 09:11:04,16708,-656,-1136
2026-05-25 09:11:06,16668,-672,-1132
2026-05-25 09:11:08,16720,-648,-1148
2026-05-25 09:11:10,16648,-684,-1112
2026-05-25 09:11:12,16744,-672,-1216
2026-05-25 09:11:14,16696,-672,-1156
2026-05-25 09:11:16,16652,-640,-1188
2026-05-25 09:11:18,16672,-588,-1224
2026-05-25 09:11:20,16708,-688,-1204
2026-05-25 09:11:22,16668,-624,-1232
2026-05-25 09:11:24,16692,-668,-1200
2026-05-25 09:11:26,16720,-640,-1212
2026-05-25 09:11:28,16748,-664,-1168
2026-05-25 09:11:30,16716,-636,-1292
2026-05-25 09:11:32,16688,-680,-1088
2026-05-25 09:11:34,16760,-628,-1172
2026-05-25 09:11:36,16692,-668,-1120
2026-05-25 09:11:38,16700,-720,-1104
2026-05-25 09:11:40,16648,-700,-1256
2026-05-25 09:11:42,16724,-584,-1072
2026-05-25 09:11:44,16724,-732,-1084
2026-05-25 09:11:46,16600,-704,-1256
2026-05-25 09:11:48,16732,-692,-1180
2026-05-25 09:11:50,16612,-644,-1152
2026-05-25 09:11:52,16668,-696,-1168
2026-05-25 09:11:54,16692,-668,-1216
2026-05-25 09:11:56,16740,-708,-1136
2026-05-25 09:11:58,16652,-648,-1060
2026-05-25 09:12:00,16632,-660,-1172
2026-05-25 09:12:02,16664,-688,-1244
2026-05-25 09:12:04,16720,-668,-1240
2026-05-25 09:12:06,16676,-748,-1108
2026-05-25 09:12:08,16740,-632,-1068
2026-05-25 09:12:10,16728,-704,-1116
2026-05-25 09:12:12,16672,-620,-1176
2026-05-25 09:12:14,16680,-644,-1144
2026-05-25 09:12:16,16676,-620,-1192
2026-05-25 09:12:18,16740,-632,-1144
2026-05-25 09:12:20,16688,-628,-1168
2026-05-25 09:12:22,16712,-648,-1236
2026-05-25 09:12:24,16648,-664,-1072
2026-05-25 09:12:26,16672,-676,-1140
2026-05-25 09:12:28,16732,-684,-1108
2026-05-25 09:12:30,16680,-668,-1104
2026-05-25 09:12:32,16708,-672,-1072
2026-05-25 09:12:34,16688,-672,-1152
2026-05-25 09:12:36,16640,-692,-1152
2026-05-25 09:12:38,16704,-668,-1140
2026-05-25 09:12:40,16736,-684,-1112
2026-05-25 09:12:42,16716,-692,-1220
2026-05-25 09:12:44,16684,-624,-1168
2026-05-25 09:12:46,16652,-652,-1212
2026-05-25 09:12:48,16724,-712,-1244
2026-05-25 09:12:50,16664,-712,-1180
2026-05-25 09:12:52,16708,-676,-1160
2026-05-25 09:12:54,16652,-708,-1124
2026-05-25 09:12:56,16660,-636,-1252
2026-05-25 09:12:58,16680,-668,-1104
2026-05-25 09:13:00,16708,-624,-1260
2026-05-25 09:13:02,16704,-636,-1176
2026-05-25 09:13:04,16672,-684,-1252
2026-05-25 09:13:06,16672,-600,-1212
2026-05-25 09:13:08,16700,-680,-1184
2026-05-25 09:13:10,16640,-760,-1052
2026-05-25 09:13:12,16724,-672,-1076
2026-05-25 09:13:14,16648,-708,-1072
2026-05-25 09:13:16,16648,-588,-1128
2026-05-25 09:13:18,16696,-660,-1080
2026-05-25 09:13:20,16664,-660,-1184
2026-05-25 09:13:22,16768,-616,-1128
2026-05-25 09:13:24,16704,-620,-1160
2026-05-25 09:13:26,16656,-608,-1196
2026-05-25 09:13:28,16728,-644,-1192
2026-05-25 09:13:30,16696,-640,-1176
2026-05-25 09:13:32,16712,-624,-1172
2026-05-25 09:13:34,16664,-608,-1244
2026-05-25 09:13:36,16652,-660,-1236
2026-05-25 09:13:38,16672,-676,-1212
2026-05-25 09:13:40,16764,-672,-1140
2026-05-25 09:13:42,16704,-596,-1164
2026-05-25 09:13:44,16720,-664,-1180
2026-05-25 09:13:46,16648,-580,-1140
2026-05-25 09:13:48,16708,-668,-1156
2026-05-25 09:13:50,16728,-648,-1216
2026-05-25 09:13:52,16640,-652,-1088
2026-05-25 09:13:54,16744,-600,-1144
2026-05-25 09:13:56,16652,-656,-1196
2026-05-25 09:13:58,16616,-616,-1188
2026-05-25 09:14:00,16708,-596,-1144
2026-05-25 09:14:02,16652,-676,-1076
2026-05-25 09:14:04,16700,-644,-1148
2026-05-25 09:14:06,16708,-644,-1168
2026-05-25 09:14:08,16716,-648,-1236
2026-05-25 09:14:10,16628,-668,-1188
2026-05-25 09:14:12,16696,-592,-1092
2026-05-25 09:14:14,16676,-700,-1136
2026-05-25 09:14:16,16696,-628,-1092
2026-05-25 09:14:18,16700,-636,-1148
2026-05-25 09:14:20,16684,-640,-1140
2026-05-25 09:14:22,16668,-580,-1104
2026-05-25 09:14:24,16660,-660,-1136
2026-05-25 09:14:26,16696,-676,-1244
2026-05-25 09:14:28,16676,-612,-1172
2026-05-25 09:14:30,16640,-592,-1188
2026-05-25 09:14:32,16736,-572,-1120
2026-05-25 09:14:34,16744,-608,-1140
2026-05-25 09:14:36,16696,-568,-1100
2026-05-25 09:14:38,16732,-636,-1192
2026-05-25 09:14:40,16744,-596,-1204
2026-05-25 09:14:42,16764,-596,-1204
2026-05-25 09:14:44,16700,-636,-1208
2026-05-25 09:14:46,16720,-668,-1088
2026-05-25 09:14:48,16704,-624,-1308
2026-05-25 09:14:50,16680,-656,-1068
2026-05-25 09:14:52,16704,-644,-1176
2026-05-25 09:14:54,16680,-608,-1236
2026-05-25 09:14:56,16680,-588,-1276
2026-05-25 09:14:58,16704,-524,-1148
2026-05-25 09:15:00,16628,-588,-1208
2026-05-25 09:15:02,16748,-596,-1192
2026-05-25 09:15:04,16740,-632,-1172
2026-05-25 09:15:06,16724,-636,-1156
2026-05-25 09:15:08,16696,-600,-1116
2026-05-25 09:15:10,16732,-672,-1144
2026-05-25 09:15:12,16636,-656,-1208
2026-05-25 09:15:14,16688,-640,-1100
2026-05-25 09:15:16,16704,-624,-1108
2026-05-25 09:15:18,16688,-668,-1212
2026-05-25 09:15:20,16700,-580,-1184
2026-05-25 09:15:22,16672,-708,-1136
2026-05-25 09:15:24,16676,-624,-1076
2026-05-25 09:15:26,16692,-644,-1144
2026-05-25 09:15:28,16696,-644,-1116
2026-05-25 09:15:30,16648,-644,-1160
2026-05-25 09:15:32,16692,-644,-1088
2026-05-25 09:15:34,16696,-620,-1168
2026-05-25 09:15:36,16676,-588,-1132
2026-05-25 09:15:38,16700,-696,-1172
2026-05-25 09:15:40,16676,-636,-1120
2026-05-25 09:15:42,16660,-648,-1224
2026-05-25 09:15:44,16692,-596,-1028
2026-05-25 09:15:46,16612,-548,-1136
2026-05-25 09:15:48,16696,-608,-1164
2026-05-25 09:15:50,16732,-644,-1192
2026-05-25 09:15:52,16696,-596,-1064
2026-05-25 09:15:54,16680,-596,-1176
2026-05-25 09:15:56,16708,-660,-1080
2026-05-25 09:15:58,16732,-636,-1116
2026-05-25 09:16:00,16684,-680,-1180
2026-05-25 09:16:02,16768,-548,-1164
2026-05-25 09:16:04,16704,-612,-1096
2026-05-25 09:16:06,16684,-652,-1120
2026-05-25 09:16:08,16680,-668,-1124
2026-05-25 09:16:10,16688,-604,-1160
2026-05-25 09:16:12,16732,-640,-1088
2026-05-25 09:16:14,16708,-600,-1144
2026-05-25 09:16:16,16692,-668,-1120
2026-05-25 09:16:18,16712,-572,-1128
2026-05-25 09:16:20,16664,-700,-1144
2026-05-25 09:16:22,16700,-620,-1128
2026-05-25 09:16:24,16744,-612,-1100
2026-05-25 09:16:26,16696,-604,-1296
2026-05-25 09:16:28,16756,-576,-1152
2026-05-25 09:16:30,16676,-640,-1104
2026-05-25 09:16:32,16680,-604,-1156
2026-05-25 09:16:34,16736,-608,-1056
2026-05-25 09:16:36,16720,-600,-1212
2026-05-25 09:16:38,16660,-684,-1104
2026-05-25 09:16:40,16696,-636,-1220
2026-05-25 09:16:42,16688,-620,-1176
2026-05-25 09:16:44,16660,-600,-1196
2026-05-25 09:16:46,16712,-604,-1232
2026-05-25 09:16:48,16672,-596,-1172
2026-05-25 09:16:50,16768,-580,-1156
2026-05-25 09:16:52,16680,-672,-1156
2026-05-25 09:16:54,16660,-648,-1120
2026-05-25 09:16:56,16684,-600,-1108
2026-05-25 09:16:58,16640,-640,-1172
2026-05-25 09:17:00,16688,-564,-1080
2026-05-25 09:17:02,16684,-580,-1076
2026-05-25 09:17:04,16640,-648,-1148
2026-05-25 09:17:06,16704,-696,-1156
2026-05-25 09:17:08,16720,-648,-1184
2026-05-25 09:17:10,16676,-604,-1112
2026-05-25 09:17:12,16708,-668,-1188
2026-05-25 09:17:14,16712,-636,-1220
2026-05-25 09:17:16,16640,-632,-1120
2026-05-25 09:17:18,16640,-632,-1068
2026-05-25 09:17:20,16684,-648,-1108
2026-05-25 09:17:22,16696,-684,-1104
2026-05-25 09:17:24,16736,-580,-1196
2026-05-25 09:17:26,16740,-560,-1128
2026-05-25 09:17:28,16776,-612,-1140
2026-05-25 09:17:30,16744,-644,-1172
2026-05-25 09:17:32,16716,-580,-1196
2026-05-25 09:17:34,16652,-636,-1152
2026-05-25 09:17:36,16700,-592,-1152
2026-05-25 09:17:38,16724,-652,-1196
2026-05-25 09:17:40,16676,-624,-1228
2026-05-25 09:17:42,16692,-684,-1136
2026-05-25 09:17:44,16656,-620,-1144
2026-05-25 09:17:46,16676,-632,-1104
2026-05-25 09:17:48,16700,-584,-1092
2026-05-25 09:17:50,16664,-604,-1168
2026-05-25 09:17:52,16704,-580,-1120
2026-05-25 09:17:54,16680,-608,-1168
2026-05-25 09:17:56,16652,-632,-1120
2026-05-25 09:17:58,16672,-672,-1124
2026-05-25 09:18:00,16652,-676,-1140
2026-05-25 09:18:02,16740,-628,-1096
2026-05-25 09:18:04,16664,-668,-1136
2026-05-25 09:18:06,16704,-596,-1128
2026-05-25 09:18:08,16696,-588,-1104
2026-05-25 09:18:10,16700,-596,-1216
2026-05-25 09:18:12,16732,-624,-1152
2026-05-25 09:18:14,16620,-612,-1088
2026-05-25 09:18:16,16748,-636,-1148
2026-05-25 09:18:18,16756,-640,-1096
2026-05-25 09:18:20,16696,-640,-1156
2026-05-25 09:18:22,16672,-632,-1224
2026-05-25 09:18:24,16728,-568,-1160
2026-05-25 09:18:26,16708,-588,-1164
2026-05-25 09:18:28,16708,-640,-1132
2026-05-25 09:18:30,16664,-596,-1164
2026-05-25 09:18:32,16732,-628,-1164
2026-05-25 09:18:34,16740,-632,-1180
2026-05-25 09:18:36,16608,-624,-1184
2026-05-25 09:18:38,16680,-664,-1164
2026-05-25 09:18:40,16616,-648,-1200
2026-05-25 09:18:42,16704,-644,-1156
2026-05-25 09:18:44,16712,-668,-1108
2026-05-25 09:18:46,16700,-624,-1200
2026-05-25 09:18:48,16644,-648,-1164
2026-05-25 09:18:50,16668,-632,-1196
2026-05-25 09:18:52,16692,-672,-1136
2026-05-25 09:18:54,16740,-616,-1128
2026-05-25 09:18:56,16704,-652,-1084
2026-05-25 09:18:58,16648,-620,-1144
2026-05-25 09:19:00,16652,-676,-1172
2026-05-25 09:19:02,16684,-692,-1156
2026-05-25 09:19:04,16680,-656,-1160
2026-05-25 09:19:06,16696,-608,-1172
2026-05-25 09:19:08,16696,-580,-1116
2026-05-25 09:19:10,16696,-608,-1200
2026-05-25 09:19:12,16732,-608,-1080
2026-05-25 09:19:14,16712,-676,-1236
2026-05-25 09:19:16,16684,-580,-1196
2026-05-25 09:19:18,16708,-636,-1084
2026-05-25 09:19:20,16668,-632,-1148
2026-05-25 09:19:22,16732,-632,-1128
2026-05-25 09:19:24,16704,-616,-1168
2026-05-25 09:19:26,16716,-664,-1136
2026-05-25 09:19:28,16700,-588,-1132
2026-05-25 09:19:30,16720,-668,-1156
2026-05-25 09:19:32,16708,-612,-1224
2026-05-25 09:19:34,16664,-628,-1176
2026-05-25 09:19:36,16644,-624,-1224
2026-05-25 09:19:38,16764,-632,-1068
2026-05-25 09:19:40,16728,-612,-1196
2026-05-25 09:19:42,16712,-616,-1116
2026-05-25 09:19:44,16636,-632,-1244
2026-05-25 09:19:46,16668,-636,-1164
2026-05-25 09:19:48,16708,-616,-1136
2026-05-25 09:19:50,16712,-560,-1132
2026-05-25 09:19:52,16708,-624,-1172
2026-05-25 09:19:54,16704,-668,-1256
2026-05-25 09:19:56,16736,-588,-1184
2026-05-25 09:19:58,16736,-640,-1216
2026-05-25 09:20:00,16708,-660,-1140
2026-05-25 09:20:02,16708,-624,-1236
2026-05-25 09:20:04,16688,-584,-1212
2026-05-25 09:20:06,16676,-620,-1212
2026-05-25 09:20:08,16720,-628,-1132
2026-05-25 09:20:10,16708,-600,-1136
2026-05-25 09:20:12,16696,-612,-1200
2026-05-25 09:20:14,16728,-656,-1196
2026-05-25 09:20:16,16760,-632,-1168
2026-05-25 09:20:18,16704,-668,-1132
2026-05-25 09:20:20,16700,-564,-1176
2026-05-25 09:20:22,16632,-588,-1120
2026-05-25 09:20:24,16636,-592,-1220
2026-05-25 09:20:26,16684,-612,-1124
2026-05-25 09:20:28,16656,-676,-1136
2026-05-25 09:20:30,16636,-628,-1168
2026-05-25 09:20:32,16640,-648,-1092
2026-05-25 09:20:34,16712,-572,-1184
2026-05-25 09:20:36,16692,-580,-1164
2026-05-25 09:20:38,16700,-664,-1104
2026-05-25 09:20:40,16720,-592,-1252
2026-05-25 09:20:42,16684,-664,-1176
2026-05-25 09:20:44,16668,-596,-1112
2026-05-25 09:20:46,16700,-616,-1220
2026-05-25 09:20:48,16712,-576,-1176
2026-05-25 09:20:50,16696,-676,-1172
2026-05-25 09:20:52,16716,-584,-1160
2026-05-25 09:20:54,16740,-668,-1096
2026-05-25 09:20:56,16692,-640,-1056
2026-05-25 09:20:58,16696,-672,-1224
2026-05-25 09:21:00,16740,-696,-1092
2026-05-25 09:21:02,16704,-660,-1160
2026-05-25 09:21:04,16628,-624,-1168
2026-05-25 09:21:06,16684,-596,-1208
2026-05-25 09:21:08,16720,-584,-1144
2026-05-25 09:21:10,16692,-632,-1068
2026-05-25 09:21:12,16756,-660,-1104
2026-05-25 09:21:14,16724,-648,-1252
2026-05-25 09:21:16,16680,-640,-1240
2026-05-25 09:21:18,16764,-672,-1108
2026-05-25 09:21:20,16700,-648,-1148
2026-05-25 09:21:22,16660,-672,-1224
2026-05-25 09:21:24,16688,-620,-1136
2026-05-25 09:21:26,16652,-636,-1100
2026-05-25 09:21:28,16680,-676,-1096
2026-05-25 09:21:30,16708,-640,-1184
2026-05-25 09:21:32,16724,-664,-1084
2026-05-25 09:21:34,16656,-648,-1256
2026-05-25 09:21:36,16724,-652,-1188
2026-05-25 09:21:38,16744,-620,-1156
2026-05-25 09:21:40,16728,-640,-1148
2026-05-25 09:21:42,16624,-584,-1080
2026-05-25 09:21:44,16684,-616,-1220
2026-05-25 09:21:46,16648,-596,-1188
2026-05-25 09:21:48,16672,-632,-1140
2026-05-25 09:21:50,16664,-616,-1164
2026-05-25 09:21:52,16668,-668,-1108
2026-05-25 09:21:54,16708,-688,-1132
2026-05-25 09:21:56,16772,-656,-1172
2026-05-25 09:21:58,16700,-556,-1140
2026-05-25 09:22:00,16736,-612,-1156
2026-05-25 09:22:02,16744,-588,-1152
2026-05-25 09:22:04,16708,-640,-1120
2026-05-25 09:22:06,16748,-640,-1064
2026-05-25 09:22:08,16704,-628,-1092
2026-05-25 09:22:10,16680,-624,-1156
2026-05-25 09:22:12,16780,-656,-1128
2026-05-25 09:22:14,16628,-612,-1188
2026-05-25 09:22:16,16696,-640,-1112
2026-05-25 09:22:18,16732,-660,-1176
2026-05-25 09:22:20,16720,-652,-1120
2026-05-25 09:22:22,16716,-600,-1176
2026-05-25 09:22:24,16680,-680,-1156
2026-05-25 09:22:26,16744,-608,-1124
2026-05-25 09:22:28,16768,-560,-1148
2026-05-25 09:22:30,16704,-672,-1188
2026-05-25 09:22:32,16660,-624,-1088
2026-05-25 09:22:34,16708,-668,-1108
2026-05-25 09:22:36,16656,-632,-1196
2026-05-25 09:22:38,16656,-624,-1152
2026-05-25 09:22:40,16708,-596,-1084
2026-05-25 09:22:42,16636,-596,-1024
2026-05-25 09:22:44,16712,-608,-1136
2026-05-25 09:22:46,16632,-644,-1160
2026-05-25 09:22:48,16676,-632,-1128
2026-05-25 09:22:50,16680,-632,-1140
2026-05-25 09:22:52,16692,-632,-1156
2026-05-25 09:22:54,16720,-620,-1208
2026-05-25 09:22:56,16672,-684,-1160
2026-05-25 09:22:58,16704,-692,-1120
2026-05-25 09:23:00,16684,-680,-1172
2026-05-25 09:23:02,16676,-620,-1164
2026-05-25 09:23:04,16716,-652,-1176
2026-05-25 09:23:06,16696,-636,-1120
2026-05-25 09:23:08,16700,-676,-1204
2026-05-25 09:23:10,16740,-612,-1060
2026-05-25 09:23:12,16748,-620,-1132
2026-05-25 09:23:14,16648,-668,-1180
2026-05-25 09:23:16,16652,-576,-1144
2026-05-25 09:23:18,16684,-620,-1120
2026-05-25 09:23:20,16664,-632,-1116
2026-05-25 09:23:22,16648,-676,-1156
2026-05-25 09:23:24,16724,-684,-1096
2026-05-25 09:23:26,16780,-632,-1080
2026-05-25 09:23:28,16724,-584,-1184
2026-05-25 09:23:30,16732,-584,-1148
2026-05-25 09:23:32,16652,-680,-1116
2026-05-25 09:23:34,16748,-620,-1064
2026-05-25 09:23:36,16632,-632,-1152
2026-05-25 09:23:38,16748,-600,-1156
2026-05-25 09:23:40,16732,-604,-1100
2026-05-25 09:23:42,16708,-604,-1208
2026-05-25 09:23:44,16688,-572,-1192
2026-05-25 09:23:46,16708,-608,-1128
2026-05-25 09:23:48,16668,-556,-1156
2026-05-25 09:23:50,16672,-648,-1124
2026-05-25 09:23:52,16692,-640,-1192
2026-05-25 09:23:54,16728,-624,-1140
2026-05-25 09:23:56,16688,-604,-1168
2026-05-25 09:23:58,16708,-636,-1164
2026-05-25 09:24:00,16748,-732,-1120
2026-05-25 09:24:02,16652,-620,-1124
2026-05-25 09:24:04,16720,-612,-1040
2026-05-25 09:24:06,16728,-608,-1096
2026-05-25 09:24:08,16672,-624,-1112
2026-05-25 09:24:10,16688,-656,-1196
2026-05-25 09:24:12,16696,-636,-1132
2026-05-25 09:24:14,16728,-588,-1240
2026-05-25 09:24:16,16700,-676,-1168
2026-05-25 09:24:18,16688,-612,-1156
2026-05-25 09:24:20,16672,-596,-1180
2026-05-25 09:24:22,16720,-612,-1116
2026-05-25 09:24:24,16728,-668,-1080
2026-05-25 09:24:26,16684,-600,-1164
2026-05-25 09:24:28,16716,-600,-1052
2026-05-25 09:24:30,16696,-564,-1236
2026-05-25 09:24:32,16696,-572,-1160
2026-05-25 09:24:34,16716,-684,-1080
2026-05-25 09:24:36,16696,-596,-1196
2026-05-25 09:24:38,16660,-560,-1204
2026-05-25 09:24:40,16708,-572,-1188
2026-05-25 09:24:42,16696,-632,-1232
2026-05-25 09:24:44,16700,-604,-1184
2026-05-25 09:24:46,16680,-732,-1212
2026-05-25 09:24:48,16696,-628,-1132
2026-05-25 09:24:50,16768,-692,-1096
2026-05-25 09:24:52,16644,-632,-1244
2026-05-25 09:24:54,16692,-676,-1140
2026-05-25 09:24:56,16688,-644,-1144
2026-05-25 09:24:58,16732,-656,-1120
2026-05-25 09:25:00,16672,-624,-1176
2026-05-25 09:25:02,16640,-688,-1132
2026-05-25 09:25:04,16664,-596,-1148
2026-05-25 09:25:06,16696,-600,-1104
2026-05-25 09:25:08,16684,-644,-1204
2026-05-25 09:25:10,16656,-660,-1152
2026-05-25 09:25:12,16668,-628,-1212
2026-05-25 09:25:14,16636,-672,-1152
2026-05-25 09:25:16,16704,-624,-1176
2026-05-25 09:25:18,16700,-660,-1236
2026-05-25 09:25:20,16676,-636,-1096
2026-05-25 09:25:22,16736,-664,-1148
2026-05-25 09:25:24,16692,-596,-1048
2026-05-25 09:25:26,16712,-604,-1164
2026-05-25 09:25:28,16696,-608,-1252
2026-05-25 09:25:30,16696,-656,-1136
2026-05-25 09:25:32,16660,-648,-1160
2026-05-25 09:25:34,16736,-652,-1136
2026-05-25 09:25:36,16744,-640,-1008
2026-05-25 09:25:38,16708,-596,-1192
2026-05-25 09:25:40,16704,-588,-1124
2026-05-25 09:25:42,16684,-612,-1156
2026-05-25 09:25:44,16660,-664,-1088
2026-05-25 09:25:46,16712,-636,-1240
2026-05-25 09:25:48,16640,-620,-1156
2026-05-25 09:25:50,16716,-596,-1068
2026-05-25 09:25:52,16692,-592,-1156
2026-05-25 09:25:54,16720,-608,-1176
2026-05-25 09:25:56,16672,-596,-1276
2026-05-25 09:25:58,16652,-664,-1128
2026-05-25 09:26:00,16716,-588,-1220
2026-05-25 09:26:02,16724,-608,-1080
2026-05-25 09:26:04,16772,-656,-1100
2026-05-25 09:26:06,16720,-584,-1140
2026-05-25 09:26:08,16648,-616,-1076
2026-05-25 09:26:10,16720,-648,-1056
2026-05-25 09:26:12,16664,-684,-1136
2026-05-25 09:26:14,16744,-612,-1120
2026-05-25 09:26:16,16652,-628,-1160
2026-05-25 09:26:18,16716,-660,-1116
2026-05-25 09:26:20,16740,-552,-1212
2026-05-25 09:26:22,16672,-612,-1156
2026-05-25 09:26:24,16700,-600,-1080
2026-05-25 09:26:26,16752,-628,-1124
2026-05-25 09:26:28,16696,-652,-1216
2026-05-25 09:26:30,16704,-608,-1136
2026-05-25 09:26:32,16716,-648,-1248
2026-05-25 09:26:34,16660,-620,-1116
2026-05-25 09:26:36,16688,-648,-1212
2026-05-25 09:26:38,16692,-596,-1060
2026-05-25 09:26:40,16688,-640,-1208
2026-05-25 09:26:42,16644,-640,-1240
2026-05-25 09:26:44,16724,-632,-1156
2026-05-25 09:26:46,16676,-648,-1184
2026-05-25 09:26:48,16700,-624,-1172
2026-05-25 09:26:50,16692,-652,-1096
2026-05-25 09:26:52,16728,-572,-1036
2026-05-25 09:26:54,16728,-644,-1180
2026-05-25 09:26:56,16708,-644,-1200
2026-05-25 09:26:58,16696,-632,-1084
2026-05-25 09:27:00,16700,-676,-1200
2026-05-25 09:27:02,16708,-640,-1084
2026-05-25 09:27:04,16752,-596,-1160
2026-05-25 09:27:06,16668,-632,-1160
2026-05-25 09:27:08,16624,-584,-1212
2026-05-25 09:27:10,16732,-596,-1144
2026-05-25 09:27:12,16700,-608,-1080
2026-05-25 09:27:14,16636,-596,-1104
2026-05-25 09:27:16,16696,-640,-1160
2026-05-25 09:27:18,16708,-640,-1192
2026-05-25 09:27:20,16676,-648,-1180
2026-05-25 09:27:22,16728,-588,-1120
2026-05-25 09:27:24,16700,-612,-1144
2026-05-25 09:27:26,16684,-640,-1192
2026-05-25 09:27:28,16652,-640,-1156
2026-05-25 09:27:30,16660,-672,-1164
2026-05-25 09:27:32,16696,-604,-1124
2026-05-25 09:27:34,16704,-592,-1208
2026-05-25 09:27:36,16692,-652,-1292
2026-05-25 09:27:38,16756,-600,-1156
2026-05-25 09:27:40,16696,-636,-1176
2026-05-25 09:27:42,16640,-644,-1280
2026-05-25 09:27:44,16684,-612,-1168
2026-05-25 09:27:46,16736,-652,-1152
2026-05-25 09:27:48,16676,-600,-1128
2026-05-25 09:27:50,16696,-624,-1220
2026-05-25 09:27:52,16680,-648,-1076
2026-05-25 09:27:54,16760,-604,-1168
2026-05-25 09:27:56,16660,-656,-1192
2026-05-25 09:27:58,16732,-632,-1200
2026-05-25 09:28:00,16700,-560,-1160
2026-05-25 09:28:02,16708,-672,-1084
2026-05-25 09:28:04,16716,-620,-1228
2026-05-25 09:28:06,16720,-704,-1144
2026-05-25 09:28:08,16740,-656,-1188
2026-05-25 09:28:10,16720,-544,-1096
2026-05-25 09:28:12,16688,-624,-1104
2026-05-25 09:28:14,16736,-584,-1144
2026-05-25 09:28:16,16660,-640,-1192
2026-05-25 09:28:18,16732,-600,-1180
2026-05-25 09:28:20,16684,-644,-1156
2026-05-25 09:28:22,16696,-608,-1092
2026-05-25 09:28:24,16668,-652,-1100
2026-05-25 09:28:26,16716,-636,-1112
2026-05-25 09:28:28,16748,-616,-1192
2026-05-25 09:28:30,16684,-600,-1180
2026-05-25 09:28:32,16732,-524,-1220
2026-05-25 09:28:34,16696,-608,-1136
2026-05-25 09:28:36,16716,-656,-1132
2026-05-25 09:28:38,16744,-652,-1100
2026-05-25 09:28:40,16748,-600,-1252
2026-05-25 09:28:42,16696,-592,-1048
2026-05-25 09:28:44,16704,-616,-1108
2026-05-25 09:28:46,16676,-656,-1196
2026-05-25 09:28:48,16700,-572,-1148
2026-05-25 09:28:50,16664,-700,-1200
2026-05-25 09:28:52,16744,-652,-1216
2026-05-25 09:28:54,16776,-604,-1104
2026-05-25 09:28:56,16656,-676,-1224
2026-05-25 09:28:58,16732,-640,-1212
2026-05-25 09:29:00,16644,-644,-1188
2026-05-25 09:29:02,16620,-672,-1144
2026-05-25 09:29:04,16692,-592,-1044
2026-05-25 09:29:06,16692,-652,-1132
2026-05-25 09:29:08,16656,-608,-1176
2026-05-25 09:29:10,16668,-600,-1108
2026-05-25 09:29:12,16712,-648,-1124
2026-05-25 09:29:14,16708,-640,-1128
2026-05-25 09:29:16,16660,-648,-1316
2026-05-25 09:29:18,16632,-608,-1128
2026-05-25 09:29:20,16700,-616,-1028
2026-05-25 09:29:22,16696,-624,-1136
2026-05-25 09:29:24,16648,-664,-1104
2026-05-25 09:29:26,16732,-624,-1144
2026-05-25 09:29:28,16676,-580,-1176
2026-05-25 09:29:30,16756,-644,-1184
2026-05-25 09:29:32,16668,-596,-1144
2026-05-25 09:29:34,16676,-644,-1100
2026-05-25 09:29:36,16668,-604,-1132
2026-05-25 09:29:38,16716,-576,-1104
2026-05-25 09:29:40,16672,-620,-1124
2026-05-25 09:29:42,16716,-624,-1116
2026-05-25 09:29:44,16728,-632,-1132
2026-05-25 09:29:46,16720,-648,-1096
2026-05-25 09:29:48,16744,-572,-1120
2026-05-25 09:29:50,16704,-648,-1180
2026-05-25 09:29:52,16672,-636,-1164
2026-05-25 09:29:54,16688,-640,-1188
2026-05-25 09:29:56,16660,-628,-1196
2026-05-25 09:29:58,16752,-596,-1140
2026-05-25 09:30:00,16748,-648,-1120
2026-05-25 09:30:02,16668,-608,-1152
2026-05-25 09:30:04,16672,-604,-1132
2026-05-25 09:30:06,16680,-668,-1208
2026-05-25 09:30:08,16664,-632,-1188
2026-05-25 09:30:10,16708,-592,-1132
2026-05-25 09:30:12,16680,-692,-1060
2026-05-25 09:30:14,16696,-560,-1112
2026-05-25 09:30:16,16752,-648,-1180
2026-05-25 09:30:18,16648,-548,-1088
2026-05-25 09:30:20,16688,-576,-1148
2026-05-25 09:30:22,16684,-664,-1112
2026-05-25 09:30:24,16728,-688,-1112
2026-05-25 09:30:26,16744,-608,-1288
2026-05-25 09:30:28,16632,-688,-1168
2026-05-25 09:30:30,16640,-564,-996
2026-05-25 09:30:32,16756,-640,-1168
2026-05-25 09:30:34,16620,-624,-1132
2026-05-25 09:30:36,16720,-592,-1160
2026-05-25 09:30:38,16756,-632,-1088
2026-05-25 09:30:40,16692,-696,-1172
2026-05-25 09:30:42,16776,-668,-1168
2026-05-25 09:30:44,16712,-620,-1136
2026-05-25 09:30:46,16680,-644,-1084
2026-05-25 09:30:48,16720,-656,-1140
2026-05-25 09:30:50,16624,-556,-1120
2026-05-25 09:30:52,16720,-656,-1124
2026-05-25 09:30:54,16696,-676,-1168
2026-05-25 09:30:56,16720,-584,-1124
2026-05-25 09:30:58,16704,-640,-1124
2026-05-25 09:31:00,16684,-648,-1064
2026-05-25 09:31:02,16708,-584,-1112
2026-05-25 09:31:04,16692,-536,-1148
2026-05-25 09:31:06,16692,-572,-1080
2026-05-25 09:31:08,16708,-700,-1240
2026-05-25 09:31:10,16668,-572,-1140
2026-05-25 09:31:12,16736,-628,-1156
2026-05-25 09:31:14,16732,-624,-1168
2026-05-25 09:31:16,16744,-588,-1100
2026-05-25 09:31:18,16732,-632,-1100
2026-05-25 09:31:20,16684,-660,-1136
2026-05-25 09:31:22,16680,-644,-1168
2026-05-25 09:31:24,16680,-648,-1164
2026-05-25 09:31:26,16676,-608,-1128
2026-05-25 09:31:28,16736,-652,-1104
2026-05-25 09:31:30,16708,-636,-1172
2026-05-25 09:31:32,16616,-664,-1160
2026-05-25 09:31:34,16704,-600,-1192
2026-05-25 09:31:36,16704,-652,-1124
2026-05-25 09:31:38,16624,-596,-1224
2026-05-25 09:31:40,16684,-632,-1164
2026-05-25 09:31:42,16748,-632,-1064
2026-05-25 09:31:44,16716,-588,-1088
2026-05-25 09:31:46,16620,-628,-1228
2026-05-25 09:31:48,16716,-712,-1164
2026-05-25 09:31:50,16728,-656,-1156
2026-05-25 09:31:52,16688,-616,-1008
2026-05-25 09:31:54,16716,-604,-1228
2026-05-25 09:31:56,16704,-588,-1168
2026-05-25 09:31:58,16680,-544,-1124
2026-05-25 09:32:00,16720,-632,-1072
2026-05-25 09:32:02,16656,-640,-1160
2026-05-25 09:32:04,16728,-644,-1112
2026-05-25 09:32:06,16696,-628,-1136
2026-05-25 09:32:08,16664,-572,-1092
2026-05-25 09:32:10,16708,-616,-1096
2026-05-25 09:32:12,16696,-556,-1212
2026-05-25 09:32:14,16720,-672,-1212
2026-05-25 09:32:16,16656,-628,-1208
2026-05-25 09:32:18,16736,-648,-1200
2026-05-25 09:32:20,16708,-640,-1152
2026-05-25 09:32:22,16724,-656,-1180
2026-05-25 09:32:24,16712,-632,-1164
2026-05-25 09:32:26,16744,-648,-1128
2026-05-25 09:32:28,16752,-700,-1056
2026-05-25 09:32:30,16692,-668,-1144
2026-05-25 09:32:32,16720,-612,-1140
2026-05-25 09:32:34,16704,-552,-1120
2026-05-25 09:32:36,16712,-628,-1232
2026-05-25 09:32:38,16740,-648,-1132
2026-05-25 09:32:40,16692,-636,-1152
2026-05-25 09:32:42,16692,-612,-1160
2026-05-25 09:32:44,16720,-628,-1276
2026-05-25 09:32:46,16648,-592,-1168
2026-05-25 09:32:48,16740,-596,-1120
2026-05-25 09:32:50,16708,-636,-1140
2026-05-25 09:32:52,16712,-628,-1096
2026-05-25 09:32:54,16716,-648,-1044
2026-05-25 09:32:56,16732,-624,-1044
2026-05-25 09:32:58,16688,-612,-1196
2026-05-25 09:33:00,16716,-588,-1120
2026-05-25 09:33:02,16680,-648,-1100
2026-05-25 09:33:04,16756,-664,-1120
2026-05-25 09:33:06,16668,-648,-1232
2026-05-25 09:33:08,16704,-716,-1188
2026-05-25 09:33:10,16704,-632,-1120
2026-05-25 09:33:12,16684,-644,-1204
2026-05-25 09:33:14,16700,-640,-1092
2026-05-25 09:33:16,16700,-620,-1192
2026-05-25 09:33:18,16692,-616,-1124
2026-05-25 09:33:20,16624,-640,-1148
2026-05-25 09:33:22,16684,-588,-1168
2026-05-25 09:33:24,16708,-572,-1248
2026-05-25 09:33:26,16664,-608,-1128
2026-05-25 09:33:28,16660,-628,-1112
2026-05-25 09:33:30,16688,-592,-1128
2026-05-25 09:33:32,16712,-616,-1148
2026-05-25 09:33:34,16716,-596,-1124
2026-05-25 09:33:36,16716,-604,-1108
2026-05-25 09:33:38,16696,-608,-1052
2026-05-25 09:33:40,16632,-612,-1184
2026-05-25 09:33:42,16764,-608,-1136
2026-05-25 09:33:44,16744,-636,-1148
2026-05-25 09:33:46,16664,-628,-1092
2026-05-25 09:33:48,16704,-620,-1164
2026-05-25 09:33:50,16636,-628,-1168
2026-05-25 09:33:52,16676,-628,-1108
2026-05-25 09:33:54,16620,-604,-1156
2026-05-25 09:33:56,16732,-636,-1080
2026-05-25 09:33:58,16736,-628,-1172
2026-05-25 09:34:00,16668,-628,-1128
2026-05-25 09:34:02,16692,-612,-1092
2026-05-25 09:34:04,16708,-672,-1184
2026-05-25 09:34:06,16696,-620,-1056
2026-05-25 09:34:08,16700,-656,-1168
2026-05-25 09:34:10,16644,-596,-1148
2026-05-25 09:34:12,16732,-636,-1124
2026-05-25 09:34:14,16704,-636,-1184
2026-05-25 09:34:16,16708,-716,-1176
2026-05-25 09:34:18,16676,-636,-1148
2026-05-25 09:34:20,16708,-636,-1076
2026-05-25 09:34:22,16712,-592,-1228
2026-05-25 09:34:24,16668,-648,-1156
2026-05-25 09:34:26,16680,-596,-1144
2026-05-25 09:34:28,16664,-688,-1116
2026-05-25 09:34:30,16624,-620,-1156
2026-05-25 09:34:32,16628,-572,-1304
2026-05-25 09:34:34,16732,-596,-1104
2026-05-25 09:34:36,16716,-616,-1112
2026-05-25 09:34:38,16696,-552,-1084
2026-05-25 09:34:40,16760,-572,-1004
2026-05-25 09:34:42,16672,-556,-1076
2026-05-25 09:34:44,16680,-624,-1144
2026-05-25 09:34:46,16660,-660,-1084
2026-05-25 09:34:48,16616,-600,-1076
2026-05-25 09:34:50,16728,-628,-1144
2026-05-25 09:34:52,16664,-700,-1160
2026-05-25 09:34:54,16664,-544,-1048
2026-05-25 09:34:56,16688,-672,-1136
2026-05-25 09:34:58,16696,-648,-1088
2026-05-25 09:35:00,16724,-668,-1116
2026-05-25 09:35:02,16680,-676,-1136
2026-05-25 09:35:04,16680,-652,-1232
2026-05-25 09:35:06,16660,-692,-1252
2026-05-25 09:35:08,16736,-612,-1132
2026-05-25 09:35:10,16688,-660,-1080
2026-05-25 09:35:12,16652,-576,-1124
2026-05-25 09:35:14,16704,-632,-1124
2026-05-25 09:35:16,16696,-612,-1144
2026-05-25 09:35:18,16696,-724,-1152
2026-05-25 09:35:20,16708,-628,-1104
2026-05-25 09:35:22,16704,-656,-1140
2026-05-25 09:35:24,16732,-680,-1140
2026-05-25 09:35:26,16732,-672,-1148
2026-05-25 09:35:28,16680,-680,-1148
2026-05-25 09:35:30,16708,-672,-1140
2026-05-25 09:35:32,16700,-668,-1108
2026-05-25 09:35:34,16696,-692,-1172
2026-05-25 09:35:36,16704,-636,-1144
2026-05-25 09:35:38,16676,-680,-1052
2026-05-25 09:35:40,16712,-624,-1164
2026-05-25 09:35:42,16740,-644,-1128
2026-05-25 09:35:44,16676,-616,-1096
2026-05-25 09:35:46,16704,-628,-1088
2026-05-25 09:35:48,16760,-660,-1192
2026-05-25 09:35:50,16712,-660,-1140
2026-05-25 09:35:52,16680,-668,-1108
2026-05-25 09:35:54,16708,-652,-1156
2026-05-25 09:35:56,16712,-656,-1120
2026-05-25 09:35:58,16684,-632,-1032
2026-05-25 09:36:00,16684,-628,-1092
2026-05-25 09:36:02,16752,-640,-1092
2026-05-25 09:36:04,16744,-664,-1044
2026-05-25 09:36:06,16668,-644,-1092
2026-05-25 09:36:08,16624,-648,-1132
2026-05-25 09:36:10,16676,-640,-1212
2026-05-25 09:36:12,16680,-616,-1076
2026-05-25 09:36:14,16704,-640,-1076
2026-05-25 09:36:16,16640,-672,-1188
2026-05-25 09:36:18,16716,-640,-1080
2026-05-25 09:36:20,16668,-676,-1108
2026-05-25 09:36:22,16656,-612,-1136
2026-05-25 09:36:24,16636,-660,-1104
2026-05-25 09:36:26,16704,-680,-1048
2026-05-25 09:36:28,16704,-688,-1112
2026-05-25 09:36:30,16720,-652,-1044
2026-05-25 09:36:32,16684,-648,-1196
2026-05-25 09:36:34,16752,-664,-1136
2026-05-25 09:36:36,16660,-632,-1132
2026-05-25 09:36:38,16744,-636,-1100
2026-05-25 09:36:40,16660,-636,-1048
2026-05-25 09:36:42,16676,-636,-1184
2026-05-25 09:36:44,16632,-664,-1100
2026-05-25 09:36:46,16656,-624,-1156
2026-05-25 09:36:48,16688,-628,-1152
2026-05-25 09:36:50,16680,-672,-1148
2026-05-25 09:36:52,16640,-592,-1040
2026-05-25 09:36:54,16724,-588,-1108
2026-05-25 09:36:56,16680,-616,-1112
2026-05-25 09:36:58,16668,-628,-1128
2026-05-25 09:37:00,16672,-680,-1092
2026-05-25 09:37:02,16712,-700,-1116
2026-05-25 09:37:04,16680,-668,-1156
2026-05-25 09:37:06,16704,-704,-1016
2026-05-25 09:37:08,16680,-628,-1108
2026-05-25 09:37:10,16664,-604,-1060
2026-05-25 09:37:12,16720,-676,-1048
2026-05-25 09:37:14,16728,-680,-1016
2026-05-25 09:37:16,16712,-644,-1100
2026-05-25 09:37:18,16676,-624,-1184
2026-05-25 09:37:20,16676,-640,-1136
2026-05-25 09:37:22,16696,-660,-1028
2026-05-25 09:37:24,16652,-640,-1020
2026-05-25 09:37:26,16716,-608,-1056
2026-05-25 09:37:28,16708,-700,-1156
2026-05-25 09:37:30,16688,-632,-1140
2026-05-25 09:37:32,16708,-644,-1104
2026-05-25 09:37:34,16748,-624,-1104
2026-05-25 09:37:36,16640,-720,-1092
2026-05-25 09:37:38,16656,-660,-1188
2026-05-25 09:37:40,16728,-740,-1056
2026-05-25 09:37:42,16764,-712,-1108
2026-05-25 09:37:44,16672,-580,-1152
2026-05-25 09:37:46,16688,-588,-1028
2026-05-25 09:37:48,16772,-664,-1104
2026-05-25 09:37:50,16704,-652,-1156
2026-05-25 09:37:52,16680,-616,-1008
2026-05-25 09:37:54,16684,-672,-1200
2026-05-25 09:37:56,16772,-680,-1128
2026-05-25 09:37:58,16680,-632,-1180
2026-05-25 09:38:00,16756,-616,-1156
2026-05-25 09:38:02,16748,-692,-1120
2026-05-25 09:38:04,16716,-684,-1152
2026-05-25 09:38:06,16672,-616,-1184
2026-05-25 09:38:08,16632,-636,-1128
2026-05-25 09:38:10,16696,-648,-1076
2026-05-25 09:38:12,16712,-628,-1100
2026-05-25 09:38:14,16728,-644,-1212
2026-05-25 09:38:16,16776,-636,-1228
2026-05-25 09:38:18,16740,-616,-1048
2026-05-25 09:38:20,16664,-620,-1168
2026-05-25 09:38:22,16676,-624,-1136
2026-05-25 09:38:24,16636,-656,-1188
2026-05-25 09:38:26,16676,-636,-1032
2026-05-25 09:38:28,16712,-672,-1060
2026-05-25 09:38:30,16700,-608,-1096
2026-05-25 09:38:32,16672,-640,-1072
2026-05-25 09:38:34,16632,-708,-1128
2026-05-25 09:38:36,16748,-668,-1100
2026-05-25 09:38:38,16700,-628,-1168
2026-05-25 09:38:40,16744,-704,-1052
2026-05-25 09:38:42,16748,-676,-1084
2026-05-25 09:38:44,16636,-704,-1120
2026-05-25 09:38:46,16680,-640,-1092
2026-05-25 09:38:48,16712,-660,-1196
2026-05-25 09:38:50,16716,-672,-1152
2026-05-25 09:38:52,16612,-660,-1132
2026-05-25 09:38:54,16728,-640,-1132
2026-05-25 09:38:56,16660,-680,-1104
2026-05-25 09:38:58,16664,-700,-1160
2026-05-25 09:39:00,16680,-684,-1164
2026-05-25 09:39:02,16692,-656,-1096
2026-05-25 09:39:04,16736,-632,-1200
2026-05-25 09:39:06,16648,-600,-1040
2026-05-25 09:39:08,16740,-668,-1144
2026-05-25 09:39:10,16644,-664,-1120
2026-05-25 09:39:12,16732,-644,-1152
2026-05-25 09:39:14,16692,-648,-1108
2026-05-25 09:39:16,16676,-700,-1124
2026-05-25 09:39:18,16724,-668,-1108
2026-05-25 09:39:20,16644,-616,-1176
2026-05-25 09:39:22,16676,-596,-1160
2026-05-25 09:39:24,16628,-664,-1112
2026-05-25 09:39:26,16708,-656,-1160
2026-05-25 09:39:28,16696,-652,-1092
2026-05-25 09:39:30,16688,-676,-1072
2026-05-25 09:39:32,16716,-672,-1084
2026-05-25 09:39:34,16664,-656,-1156
2026-05-25 09:39:36,16680,-652,-1184
2026-05-25 09:39:38,16684,-620,-1164
2026-05-25 09:39:40,16724,-628,-1180
2026-05-25 09:39:42,16664,-688,-1092
2026-05-25 09:39:44,16720,-644,-1156
2026-05-25 09:39:46,16640,-648,-1164
2026-05-25 09:39:48,16672,-660,-1028
2026-05-25 09:39:50,16664,-640,-1148
2026-05-25 09:39:52,16740,-612,-1028
2026-05-25 09:39:54,16612,-636,-1200
2026-05-25 09:39:56,16680,-716,-1024
2026-05-25 09:39:58,16672,-684,-1068
2026-05-25 09:40:00,16692,-632,-1168
2026-05-25 09:40:02,16748,-696,-1176
2026-05-25 09:40:04,16736,-672,-1080
2026-05-25 09:40:06,16688,-648,-1036
2026-05-25 09:40:08,16712,-656,-1268
2026-05-25 09:40:10,16644,-704,-1116
2026-05-25 09:40:12,16676,-612,-1112
2026-05-25 09:40:14,16652,-616,-1144
2026-05-25 09:40:16,16656,-600,-1012
2026-05-25 09:40:18,16708,-612,-1076
2026-05-25 09:40:20,16688,-688,-988
2026-05-25 09:40:22,16684,-684,-1024
2026-05-25 09:40:24,16692,-716,-1080
2026-05-25 09:40:26,16644,-616,-1116
2026-05-25 09:40:28,16656,-644,-1044
2026-05-25 09:40:30,16768,-732,-1212
2026-05-25 09:40:32,16704,-592,-1168
2026-05-25 09:40:34,16724,-700,-1076
2026-05-25 09:40:36,16688,-688,-1100
2026-05-25 09:40:38,16664,-660,-1160
2026-05-25 09:40:40,16668,-652,-1108
2026-05-25 09:40:42,16720,-676,-1148
2026-05-25 09:40:44,16580,-660,-1140
2026-05-25 09:40:46,16708,-712,-1136
2026-05-25 09:40:48,16740,-652,-1020
2026-05-25 09:40:50,16704,-684,-1076
2026-05-25 09:40:52,16672,-632,-1124
2026-05-25 09:40:54,16712,-684,-1164
2026-05-25 09:40:56,16660,-592,-1156
2026-05-25 09:40:58,16676,-696,-992
2026-05-25 09:41:00,16728,-672,-1136
2026-05-25 09:41:02,16728,-668,-1116
2026-05-25 09:41:04,16692,-732,-1052
2026-05-25 09:41:06,16656,-648,-1156
2026-05-25 09:41:08,16660,-728,-1100
2026-05-25 09:41:10,16692,-676,-1092
2026-05-25 09:41:12,16696,-672,-1068
2026-05-25 09:41:14,16712,-644,-1096
2026-05-25 09:41:16,16688,-660,-1216
2026-05-25 09:41:18,16712,-628,-1068
2026-05-25 09:41:20,16628,-652,-1100
2026-05-25 09:41:22,16732,-688,-1040
2026-05-25 09:41:24,16712,-628,-1028
2026-05-25 09:41:26,16716,-624,-1100
2026-05-25 09:41:28,16656,-676,-1112
2026-05-25 09:41:30,16664,-648,-1140
2026-05-25 09:41:32,16692,-740,-1064
2026-05-25 09:41:34,16700,-616,-1176
2026-05-25 09:41:36,16656,-684,-1196
2026-05-25 09:41:38,16644,-648,-1116
2026-05-25 09:41:40,16712,-680,-1104
2026-05-25 09:41:42,16704,-640,-1128
2026-05-25 09:41:44,16772,-644,-1128
2026-05-25 09:41:46,16644,-620,-1184
2026-05-25 09:41:48,16684,-684,-1152
2026-05-25 09:41:50,16648,-648,-1116
2026-05-25 09:41:52,16692,-604,-1124
2026-05-25 09:41:54,16724,-640,-1240
2026-05-25 09:41:56,16648,-672,-1120
2026-05-25 09:41:58,16688,-632,-1188
2026-05-25 09:42:00,16732,-552,-1064
2026-05-25 09:42:02,16672,-652,-1156
2026-05-25 09:42:04,16764,-668,-1048
2026-05-25 09:42:06,16688,-684,-1124
2026-05-25 09:42:08,16704,-616,-1128
2026-05-25 09:42:10,16716,-712,-1128
2026-05-25 09:42:12,16692,-668,-1088
2026-05-25 09:42:14,16680,-628,-1176
2026-05-25 09:42:16,16700,-684,-1084
2026-05-25 09:42:18,16652,-648,-1148
2026-05-25 09:42:20,16672,-656,-1176
2026-05-25 09:42:22,16648,-672,-1096
2026-05-25 09:42:24,16724,-628,-1140
2026-05-25 09:42:26,16688,-600,-1124
2026-05-25 09:42:28,16760,-668,-1200
2026-05-25 09:42:30,16664,-688,-1060
2026-05-25 09:42:32,16704,-704,-1012
2026-05-25 09:42:34,16816,-692,-1100
2026-05-25 09:42:36,16724,-684,-1156
2026-05-25 09:42:38,16672,-736,-1156
2026-05-25 09:42:40,16676,-620,-1080
2026-05-25 09:42:42,16696,-680,-1200
2026-05-25 09:42:44,16740,-684,-1116
2026-05-25 09:42:46,16756,-648,-1072
2026-05-25 09:42:48,16608,-588,-1148
2026-05-25 09:42:50,16664,-712,-1132
2026-05-25 09:42:52,16692,-692,-1084
2026-05-25 09:42:54,16712,-620,-1164
2026-05-25 09:42:56,16688,-692,-1080
2026-05-25 09:42:58,16648,-644,-1116
2026-05-25 09:43:00,16684,-660,-1124
2026-05-25 09:43:02,16704,-660,-1168
2026-05-25 09:43:04,16712,-672,-1164
2026-05-25 09:43:06,16712,-604,-1172
2026-05-25 09:43:08,16680,-664,-1160
2026-05-25 09:43:10,16628,-632,-1136
2026-05-25 09:43:12,16660,-676,-976
2026-05-25 09:43:14,16744,-656,-1060
2026-05-25 09:43:16,16688,-612,-1196
2026-05-25 09:43:18,16688,-668,-1052
2026-05-25 09:43:20,16676,-592,-1200
2026-05-25 09:43:22,16728,-640,-1156
2026-05-25 09:43:24,16664,-716,-1028
2026-05-25 09:43:26,16664,-628,-1124
2026-05-25 09:43:28,16736,-652,-1032
2026-05-25 09:43:30,16668,-704,-1104
2026-05-25 09:43:32,16656,-676,-1116
2026-05-25 09:43:34,16692,-592,-1100
2026-05-25 09:43:36,16704,-660,-1096
2026-05-25 09:43:38,16664,-676,-1100
2026-05-25 09:43:40,16708,-656,-1152
2026-05-25 09:43:42,16652,-664,-1164
2026-05-25 09:43:44,16628,-632,-1136
2026-05-25 09:43:46,16748,-732,-1224
2026-05-25 09:43:48,16688,-660,-1096
2026-05-25 09:43:50,16736,-640,-1124
2026-05-25 09:43:52,16648,-732,-1072
2026-05-25 09:43:54,16688,-636,-1140
2026-05-25 09:43:56,16680,-612,-1056
2026-05-25 09:43:58,16720,-648,-1020
2026-05-25 09:44:00,16676,-712,-1076
2026-05-25 09:44:02,16680,-672,-1132
2026-05-25 09:44:04,16732,-688,-1116
2026-05-25 09:44:06,16736,-684,-1096
2026-05-25 09:44:08,16684,-628,-1152
2026-05-25 09:44:10,16768,-680,-1180
2026-05-25 09:44:12,16720,-672,-1084
2026-05-25 09:44:14,16700,-632,-1140
2026-05-25 09:44:16,16684,-568,-1096
2026-05-25 09:44:18,16740,-636,-1200
2026-05-25 09:44:20,16684,-688,-1116
2026-05-25 09:44:22,16696,-660,-1168
2026-05-25 09:44:24,16688,-644,-1104
2026-05-25 09:44:26,16688,-672,-1148
2026-05-25 09:44:28,16704,-664,-1132
2026-05-25 09:44:30,16732,-684,-1164
2026-05-25 09:44:32,16696,-720,-1164
2026-05-25 09:44:34,16732,-660,-1160
2026-05-25 09:44:36,16716,-628,-1048
2026-05-25 09:44:38,16680,-640,-1180
2026-05-25 09:44:40,16732,-644,-1152
2026-05-25 09:44:42,16720,-648,-1132
2026-05-25 09:44:44,16744,-652,-1136
2026-05-25 09:44:46,16748,-616,-1124
2026-05-25 09:44:48,16608,-728,-1056
2026-05-25 09:44:50,16672,-732,-1004
2026-05-25 09:44:52,16696,-640,-1184
2026-05-25 09:44:54,16744,-648,-1168
2026-05-25 09:44:56,16652,-620,-1128
2026-05-25 09:44:58,16680,-676,-1116
2026-05-25 09:45:00,16704,-704,-1160
2026-05-25 09:45:02,16676,-620,-1000
2026-05-25 09:45:04,16712,-680,-1136
2026-05-25 09:45:06,16660,-652,-996
2026-05-25 09:45:08,16676,-640,-1092
2026-05-25 09:45:10,16680,-600,-1188
2026-05-25 09:45:12,16680,-672,-1044
2026-05-25 09:45:14,16676,-620,-1128
2026-05-25 09:45:16,16752,-616,-1164
2026-05-25 09:45:18,16688,-644,-1116
2026-05-25 09:45:20,16632,-716,-1080
2026-05-25 09:45:22,16712,-648,-1080
2026-05-25 09:45:24,16728,-668,-1128
2026-05-25 09:45:26,16652,-624,-1096
2026-05-25 09:45:28,16668,-616,-1092
2026-05-25 09:45:30,16624,-640,-1120
2026-05-25 09:45:32,16640,-612,-1188
2026-05-25 09:45:34,16712,-648,-1096
2026-05-25 09:45:36,16716,-552,-1056
2026-05-25 09:45:38,16740,-596,-1124
2026-05-25 09:45:40,16664,-696,-1144
2026-05-25 09:45:42,16680,-652,-1076
2026-05-25 09:45:44,16676,-696,-1080
2026-05-25 09:45:46,16720,-648,-1116
2026-05-25 09:45:48,16708,-588,-1164
2026-05-25 09:45:50,16672,-580,-1180
2026-05-25 09:45:52,16608,-636,-1080
2026-05-25 09:45:54,16656,-596,-1212
2026-05-25 09:45:56,16680,-644,-1108
2026-05-25 09:45:58,16668,-724,-1212
2026-05-25 09:46:00,16704,-636,-1136
2026-05-25 09:46:02,16692,-616,-1132
2026-05-25 09:46:04,16656,-552,-1164
2026-05-25 09:46:06,16648,-624,-1200
2026-05-25 09:46:08,16656,-700,-1160
2026-05-25 09:46:10,16680,-608,-1092
2026-05-25 09:46:12,16700,-708,-1156
2026-05-25 09:46:14,16604,-608,-1092
2026-05-25 09:46:16,16684,-624,-1088
2026-05-25 09:46:18,16720,-604,-1156
2026-05-25 09:46:20,16684,-692,-1148
2026-05-25 09:46:22,16708,-644,-1180
2026-05-25 09:46:24,16728,-640,-1192
2026-05-25 09:46:26,16676,-596,-1100
2026-05-25 09:46:28,16700,-644,-1180
2026-05-25 09:46:30,16700,-716,-1136
2026-05-25 09:46:32,16684,-676,-1068
2026-05-25 09:46:34,16668,-676,-1084
2026-05-25 09:46:36,16712,-628,-1136
2026-05-25 09:46:38,16668,-672,-1084
2026-05-25 09:46:40,16640,-640,-1188
2026-05-25 09:46:42,16732,-600,-1116
2026-05-25 09:46:44,16668,-692,-1096
2026-05-25 09:46:46,16696,-680,-1160
2026-05-25 09:46:48,16728,-628,-1060
2026-05-25 09:46:50,16724,-668,-1148
2026-05-25 09:46:52,16680,-656,-1120
2026-05-25 09:46:54,16748,-632,-1112
2026-05-25 09:46:56,16692,-664,-1092
2026-05-25 09:46:58,16696,-656,-1100
2026-05-25 09:47:00,16644,-656,-1128
2026-05-25 09:47:02,16688,-668,-1032
2026-05-25 09:47:04,16716,-668,-1092
2026-05-25 09:47:06,16616,-640,-1116
2026-05-25 09:47:08,16764,-624,-1148
2026-05-25 09:47:10,16700,-644,-1092
2026-05-25 09:47:12,16704,-656,-1148
2026-05-25 09:47:14,16700,-696,-1196
2026-05-25 09:47:16,16620,-576,-1104
2026-05-25 09:47:18,16684,-644,-1140
2026-05-25 09:47:20,16680,-680,-1076
2026-05-25 09:47:22,16692,-644,-1168
2026-05-25 09:47:24,16668,-592,-1120
2026-05-25 09:47:26,16776,-656,-1040
2026-05-25 09:47:28,16740,-588,-1188
2026-05-25 09:47:30,16704,-656,-1052
2026-05-25 09:47:32,16700,-668,-1104
2026-05-25 09:47:34,16684,-588,-1112
2026-05-25 09:47:36,16732,-672,-1188
2026-05-25 09:47:38,16660,-580,-1088
2026-05-25 09:47:40,16740,-672,-1136
2026-05-25 09:47:42,16692,-672,-1180
2026-05-25 09:47:44,16668,-664,-1104
2026-05-25 09:47:46,16668,-696,-1144
2026-05-25 09:47:48,16664,-672,-1080
2026-05-25 09:47:50,16692,-632,-1100
2026-05-25 09:47:52,16728,-684,-1120
2026-05-25 09:47:54,16672,-668,-1052
2026-05-25 09:47:56,16728,-604,-1208
2026-05-25 09:47:58,16744,-684,-1140
2026-05-25 09:48:00,16700,-572,-1152
2026-05-25 09:48:02,16768,-620,-1124
2026-05-25 09:48:04,16688,-688,-1144
2026-05-25 09:48:06,16736,-704,-1108
2026-05-25 09:48:08,16672,-668,-1192
2026-05-25 09:48:10,16704,-716,-1164
2026-05-25 09:48:12,16724,-620,-1108
2026-05-25 09:48:14,16716,-696,-1000
2026-05-25 09:48:16,16756,-692,-1168
2026-05-25 09:48:18,16720,-632,-1116
2026-05-25 09:48:20,16772,-668,-1092
2026-05-25 09:48:22,16676,-660,-1160
2026-05-25 09:48:24,16752,-620,-1168
2026-05-25 09:48:26,16700,-616,-1104
2026-05-25 09:48:28,16720,-648,-1112
2026-05-25 09:48:30,16684,-716,-1164
2026-05-25 09:48:32,16680,-596,-1116
2026-05-25 09:48:34,16688,-628,-1020
2026-05-25 09:48:36,16744,-604,-1232
2026-05-25 09:48:38,16756,-600,-1196
2026-05-25 09:48:40,16656,-620,-1080
2026-05-25 09:48:42,16692,-656,-1200
2026-05-25 09:48:44,16692,-608,-1268
2026-05-25 09:48:46,16728,-676,-1136
2026-05-25 09:48:48,16704,-712,-1132
2026-05-25 09:48:50,16696,-628,-1136
2026-05-25 09:48:52,16728,-604,-1028
2026-05-25 09:48:54,16700,-632,-1216
2026-05-25 09:48:56,16632,-664,-1168
2026-05-25 09:48:58,16688,-628,-1108
2026-05-25 09:49:00,16664,-680,-1056
2026-05-25 09:49:02,16608,-628,-1208
2026-05-25 09:49:04,16736,-628,-1112
2026-05-25 09:49:06,16712,-656,-1132
2026-05-25 09:49:08,16700,-600,-1192
2026-05-25 09:49:10,16644,-628,-1020
2026-05-25 09:49:12,16748,-704,-1124
2026-05-25 09:49:14,16648,-684,-1116
2026-05-25 09:49:16,16644,-652,-1072
2026-05-25 09:49:18,16660,-584,-1180
2026-05-25 09:49:20,16724,-676,-1104
2026-05-25 09:49:22,16748,-612,-1228
2026-05-25 09:49:24,16744,-704,-1132
2026-05-25 09:49:26,16724,-644,-1128
2026-05-25 09:49:28,16732,-580,-1124
2026-05-25 09:49:30,16760,-700,-1104
2026-05-25 09:49:32,16668,-624,-1304
2026-05-25 09:49:34,16672,-668,-1092
2026-05-25 09:49:36,16716,-660,-1216
2026-05-25 09:49:38,16688,-620,-1112
2026-05-25 09:49:40,16740,-668,-1068
2026-05-25 09:49:42,16708,-620,-1132
2026-05-25 09:49:44,16708,-644,-1180
2026-05-25 09:49:46,16712,-612,-1136
2026-05-25 09:49:48,16728,-636,-1204
2026-05-25 09:49:50,16648,-668,-1204
2026-05-25 09:49:52,16700,-632,-1132
2026-05-25 09:49:54,16676,-624,-1088
2026-05-25 09:49:56,16716,-664,-1196
2026-05-25 09:49:58,16700,-636,-1088
2026-05-25 09:50:00,16684,-648,-1196
2026-05-25 09:50:02,16736,-624,-1212
2026-05-25 09:50:04,16704,-752,-1144
2026-05-25 09:50:06,16712,-672,-1152
2026-05-25 09:50:08,16792,-696,-1208
2026-05-25 09:50:10,16724,-696,-1252
2026-05-25 09:50:12,16676,-644,-1168
2026-05-25 09:50:14,16712,-628,-1180
2026-05-25 09:50:16,16680,-700,-1076
2026-05-25 09:50:18,16692,-604,-1124
2026-05-25 09:50:20,16688,-696,-1056
2026-05-25 09:50:22,16648,-596,-1168
2026-05-25 09:50:24,16664,-676,-1132
2026-05-25 09:50:26,16716,-664,-1132
2026-05-25 09:50:28,16680,-676,-1128
2026-05-25 09:50:30,16676,-652,-1052
2026-05-25 09:50:32,16640,-552,-1172
2026-05-25 09:50:34,16660,-668,-1096
2026-05-25 09:50:36,16688,-680,-1164
2026-05-25 09:50:38,16676,-664,-1152
2026-05-25 09:50:40,16668,-632,-1168
2026-05-25 09:50:42,16720,-600,-1092
2026-05-25 09:50:44,16732,-604,-1152
2026-05-25 09:50:46,16692,-660,-1084
2026-05-25 09:50:48,16672,-716,-1164
2026-05-25 09:50:50,16728,-624,-1116
2026-05-25 09:50:52,16680,-660,-1040
2026-05-25 09:50:54,16720,-636,-1136
2026-05-25 09:50:56,16708,-644,-1132
2026-05-25 09:50:58,16680,-664,-1076
2026-05-25 09:51:00,16752,-716,-1188
2026-05-25 09:51:02,16676,-712,-1120
2026-05-25 09:51:04,16676,-644,-1156
2026-05-25 09:51:06,16716,-668,-1212
2026-05-25 09:51:08,16720,-636,-1072
2026-05-25 09:51:10,16704,-548,-1112
2026-05-25 09:51:12,16636,-624,-1152
2026-05-25 09:51:14,16744,-660,-1104
2026-05-25 09:51:16,16692,-640,-1140
2026-05-25 09:51:18,16704,-624,-1136
2026-05-25 09:51:20,16712,-676,-1132
2026-05-25 09:51:22,16672,-708,-1172
2026-05-25 09:51:24,16640,-672,-1128
2026-05-25 09:51:26,16728,-652,-1160
2026-05-25 09:51:28,16644,-668,-1116
2026-05-25 09:51:30,16676,-644,-1060
2026-05-25 09:51:32,16724,-704,-1084
2026-05-25 09:51:34,16624,-624,-1048
2026-05-25 09:51:36,16708,-660,-1088
2026-05-25 09:51:38,16744,-640,-1080
2026-05-25 09:51:40,16696,-648,-1200
2026-05-25 09:51:42,16664,-640,-1048
2026-05-25 09:51:44,16600,-668,-1212
2026-05-25 09:51:46,16736,-700,-1080
2026-05-25 09:51:48,16704,-640,-1104
2026-05-25 09:51:50,16720,-660,-1168
2026-05-25 09:51:52,16736,-628,-1172
2026-05-25 09:51:54,16664,-656,-1160
2026-05-25 09:51:56,16676,-664,-1136
2026-05-25 09:51:58,16716,-604,-1176
2026-05-25 09:52:00,16708,-672,-1152
2026-05-25 09:52:02,16688,-668,-1084
2026-05-25 09:52:04,16748,-656,-1116
2026-05-25 09:52:06,16660,-736,-1100
2026-05-25 09:52:08,16744,-688,-1156
2026-05-25 09:52:10,16744,-620,-1020
2026-05-25 09:52:12,16680,-632,-1100
2026-05-25 09:52:14,16688,-652,-948
2026-05-25 09:52:16,16688,-632,-1104
2026-05-25 09:52:18,16732,-624,-1088
2026-05-25 09:52:20,16772,-660,-1156
2026-05-25 09:52:22,16716,-668,-1056
2026-05-25 09:52:24,16688,-668,-1120
2026-05-25 09:52:26,16720,-632,-1176
2026-05-25 09:52:28,16736,-656,-1216
2026-05-25 09:52:30,16612,-656,-1144
2026-05-25 09:52:32,16680,-660,-1128
2026-05-25 09:52:34,16732,-684,-1084
2026-05-25 09:52:36,16692,-588,-1052
2026-05-25 09:52:38,16704,-708,-1160
2026-05-25 09:52:40,16692,-616,-1088
2026-05-25 09:52:42,16696,-676,-1176
2026-05-25 09:52:44,16680,-572,-1180
2026-05-25 09:52:46,16672,-648,-1020
2026-05-25 09:52:48,16720,-628,-1068
2026-05-25 09:52:50,16652,-680,-1100
2026-05-25 09:52:52,16708,-652,-1068
2026-05-25 09:52:54,16688,-676,-1120
2026-05-25 09:52:56,16732,-672,-1124
2026-05-25 09:52:58,16688,-684,-1108
2026-05-25 09:53:00,16680,-688,-1232
2026-05-25 09:53:02,16720,-636,-1176
2026-05-25 09:53:04,16708,-640,-1132
2026-05-25 09:53:06,16696,-672,-1164
2026-05-25 09:53:08,16712,-688,-1164
2026-05-25 09:53:10,16672,-660,-1212
2026-05-25 09:53:12,16688,-648,-1092
2026-05-25 09:53:14,16708,-612,-1132
2026-05-25 09:53:16,16680,-660,-1148
2026-05-25 09:53:18,16744,-720,-1148
2026-05-25 09:53:20,16692,-640,-1184
2026-05-25 09:53:22,16668,-704,-1128
2026-05-25 09:53:24,16716,-676,-1052
2026-05-25 09:53:26,16684,-660,-1164
2026-05-25 09:53:28,16668,-664,-1220
2026-05-25 09:53:30,16752,-656,-1160
2026-05-25 09:53:32,16732,-624,-1160
2026-05-25 09:53:34,16692,-672,-1116
2026-05-25 09:53:36,16684,-656,-1228
2026-05-25 09:53:38,16648,-708,-1168
2026-05-25 09:53:40,16680,-660,-1152
2026-05-25 09:53:42,16704,-652,-1260
2026-05-25 09:53:44,16692,-628,-1120
2026-05-25 09:53:46,16660,-676,-1120
2026-05-25 09:53:48,16688,-620,-1088
2026-05-25 09:53:50,16660,-652,-1196
2026-05-25 09:53:52,16720,-640,-1184
2026-05-25 09:53:54,16664,-644,-1168
2026-05-25 09:53:56,16692,-636,-1152
2026-05-25 09:53:58,16736,-708,-1176
2026-05-25 09:54:00,16696,-700,-1060
2026-05-25 09:54:02,16676,-628,-1176
2026-05-25 09:54:04,16704,-696,-1076
2026-05-25 09:54:06,16716,-636,-1156
2026-05-25 09:54:08,16724,-704,-1160
2026-05-25 09:54:10,16716,-636,-1184
2026-05-25 09:54:12,16684,-672,-1076
2026-05-25 09:54:14,16688,-684,-1048
2026-05-25 09:54:16,16708,-632,-1100
2026-05-25 09:54:18,16696,-640,-1068
2026-05-25 09:54:20,16640,-624,-1128
2026-05-25 09:54:22,16700,-676,-1160
2026-05-25 09:54:24,16660,-604,-1172
2026-05-25 09:54:26,16696,-668,-1032
2026-05-25 09:54:28,16668,-608,-1096
2026-05-25 09:54:30,16732,-664,-1148
2026-05-25 09:54:32,16696,-744,-1188
2026-05-25 09:54:34,16664,-660,-1224
2026-05-25 09:54:36,16684,-632,-1128
2026-05-25 09:54:38,16624,-696,-1140
2026-05-25 09:54:40,16704,-628,-1124
2026-05-25 09:54:42,16784,-640,-1220
2026-05-25 09:54:44,16624,-660,-1168
2026-05-25 09:54:46,16732,-636,-1084
2026-05-25 09:54:48,16716,-660,-1124
2026-05-25 09:54:50,16688,-660,-1068
2026-05-25 09:54:52,16692,-640,-1068
2026-05-25 09:54:54,16744,-636,-1016
2026-05-25 09:54:56,16744,-660,-1048
2026-05-25 09:54:58,16712,-700,-1220
2026-05-25 09:55:00,16688,-688,-1200
2026-05-25 09:55:02,16748,-696,-1120
2026-05-25 09:55:04,16708,-648,-1116
2026-05-25 09:55:06,16684,-672,-1160
2026-05-25 09:55:08,16744,-612,-1076
2026-05-25 09:55:10,16724,-628,-1124
2026-05-25 09:55:12,16716,-596,-1120
2026-05-25 09:55:14,16792,-676,-1092
2026-05-25 09:55:16,16720,-692,-1156
2026-05-25 09:55:18,16720,-624,-1168
2026-05-25 09:55:20,16696,-656,-1052
2026-05-25 09:55:22,16728,-644,-1152
2026-05-25 09:55:24,16740,-660,-1060
2026-05-25 09:55:26,16704,-636,-1056
2026-05-25 09:55:28,16696,-652,-1040
2026-05-25 09:55:30,16704,-660,-1148
2026-05-25 09:55:32,16652,-660,-1116
2026-05-25 09:55:34,16672,-688,-1168
2026-05-25 09:55:36,16708,-668,-1232
2026-05-25 09:55:38,16728,-632,-1048
2026-05-25 09:55:40,16680,-700,-1024
2026-05-25 09:55:42,16732,-660,-1144
2026-05-25 09:55:44,16716,-576,-1160
2026-05-25 09:55:46,16692,-652,-1076
2026-05-25 09:55:48,16592,-608,-1136
2026-05-25 09:55:50,16672,-612,-1144
2026-05-25 09:55:52,16716,-616,-1132
2026-05-25 09:55:54,16688,-644,-1124
2026-05-25 09:55:56,16628,-604,-1148
2026-05-25 09:55:58,16700,-640,-1152
2026-05-25 09:56:00,16720,-648,-1076
2026-05-25 09:56:02,16660,-664,-1172
2026-05-25 09:56:04,16660,-692,-1240
2026-05-25 09:56:06,16728,-688,-1228
2026-05-25 09:56:08,16696,-624,-1172
2026-05-25 09:56:10,16716,-700,-1088
2026-05-25 09:56:12,16676,-612,-1064
2026-05-25 09:56:14,16708,-684,-1216
2026-05-25 09:56:16,16700,-664,-1148
2026-05-25 09:56:18,16700,-684,-1116
2026-05-25 09:56:20,16708,-640,-1096
2026-05-25 09:56:22,16664,-680,-1032
2026-05-25 09:56:24,16660,-636,-1044
2026-05-25 09:56:26,16724,-664,-1100
2026-05-25 09:56:28,16628,-668,-1148
2026-05-25 09:56:30,16672,-692,-1200
2026-05-25 09:56:32,16696,-632,-1068
2026-05-25 09:56:34,16672,-672,-1136
2026-05-25 09:56:36,16704,-616,-1160
2026-05-25 09:56:38,16708,-604,-1152
2026-05-25 09:56:40,16668,-640,-1096
2026-05-25 09:56:42,16684,-664,-1136
2026-05-25 09:56:44,16756,-676,-1088
2026-05-25 09:56:46,16704,-628,-1212
2026-05-25 09:56:48,16692,-612,-1260
2026-05-25 09:56:50,16708,-588,-1168
2026-05-25 09:56:52,16688,-576,-1068
2026-05-25 09:56:54,16740,-720,-1212
2026-05-25 09:56:56,16696,-624,-1160
2026-05-25 09:56:58,16696,-604,-1228
2026-05-25 09:57:00,16660,-680,-1232
2026-05-25 09:57:02,16708,-664,-1152
2026-05-25 09:57:04,16732,-640,-1188
2026-05-25 09:57:06,16724,-652,-1092
2026-05-25 09:57:08,16704,-596,-1128
2026-05-25 09:57:10,16720,-640,-1148
2026-05-25 09:57:12,16712,-616,-1212
2026-05-25 09:57:14,16684,-628,-1276
2026-05-25 09:57:16,16660,-640,-1132
2026-05-25 09:57:18,16676,-656,-1196
2026-05-25 09:57:20,16700,-680,-1180
2026-05-25 09:57:22,16704,-668,-1144
2026-05-25 09:57:24,16780,-640,-1132
2026-05-25 09:57:26,16664,-620,-1112
2026-05-25 09:57:28,16704,-600,-1112
2026-05-25 09:57:30,16684,-664,-1124
2026-05-25 09:57:32,16668,-592,-1080
2026-05-25 09:57:34,16676,-628,-1120
2026-05-25 09:57:36,16736,-604,-1232
2026-05-25 09:57:38,16680,-636,-1192
2026-05-25 09:57:40,16640,-616,-1160
2026-05-25 09:57:42,16736,-632,-1168
2026-05-25 09:57:44,16660,-620,-1116
2026-05-25 09:57:46,16664,-616,-1168
2026-05-25 09:57:48,16776,-652,-1136
2026-05-25 09:57:50,16716,-652,-1092
2026-05-25 09:57:52,16712,-648,-1096
2026-05-25 09:57:54,16632,-624,-1096
2026-05-25 09:57:56,16684,-576,-1084
2026-05-25 09:57:58,16704,-592,-1236
2026-05-25 09:58:00,16660,-628,-1152
2026-05-25 09:58:02,16740,-640,-1200
2026-05-25 09:58:04,16728,-624,-1160
2026-05-25 09:58:06,16736,-600,-1100
2026-05-25 09:58:08,16704,-560,-1252
2026-05-25 09:58:10,16692,-640,-1196
2026-05-25 09:58:12,16680,-656,-1060
2026-05-25 09:58:14,16712,-608,-1120
2026-05-25 09:58:16,16672,-576,-1160
2026-05-25 09:58:18,16736,-644,-1160
2026-05-25 09:58:20,16712,-652,-1108
2026-05-25 09:58:22,16660,-664,-1168
2026-05-25 09:58:24,16704,-600,-1216
2026-05-25 09:58:26,16700,-588,-1164
2026-05-25 09:58:28,16732,-660,-1052
2026-05-25 09:58:30,16676,-648,-1148
2026-05-25 09:58:32,16720,-600,-1100
2026-05-25 09:58:34,16712,-632,-1080
2026-05-25 09:58:36,16688,-632,-1132
2026-05-25 09:58:38,16712,-628,-1040
2026-05-25 09:58:40,16724,-624,-1084
2026-05-25 09:58:42,16648,-648,-1116
2026-05-25 09:58:44,16656,-624,-1156
2026-05-25 09:58:46,16644,-604,-1060
2026-05-25 09:58:48,16760,-708,-1248
2026-05-25 09:58:50,16732,-584,-1108
2026-05-25 09:58:52,16628,-600,-1232
2026-05-25 09:58:54,16652,-600,-1132
2026-05-25 09:58:56,16656,-616,-1196
2026-05-25 09:58:58,16704,-580,-1112
2026-05-25 09:59:00,16708,-676,-1248
2026-05-25 09:59:02,16676,-688,-1092
2026-05-25 09:59:04,16668,-632,-1124
2026-05-25 09:59:06,16724,-604,-1144
2026-05-25 09:59:08,16592,-612,-1240
2026-05-25 09:59:10,16628,-656,-1212
2026-05-25 09:59:12,16680,-588,-1116
2026-05-25 09:59:14,16740,-660,-1220
2026-05-25 09:59:16,16760,-664,-1136
2026-05-25 09:59:18,16656,-652,-1136
2026-05-25 09:59:20,16664,-664,-1112
2026-05-25 09:59:22,16704,-624,-1148
2026-05-25 09:59:24,16676,-608,-1216
2026-05-25 09:59:26,16676,-600,-1224
2026-05-25 09:59:28,16656,-640,-1116
2026-05-25 09:59:30,16680,-688,-1216
2026-05-25 09:59:32,16660,-612,-1212
2026-05-25 09:59:34,16752,-640,-1224
2026-05-25 09:59:36,16704,-668,-1016
2026-05-25 09:59:38,16676,-584,-1176
2026-05-25 09:59:40,16700,-564,-1060
2026-05-25 09:59:42,16636,-596,-1112
2026-05-25 09:59:44,16708,-624,-1132
2026-05-25 09:59:46,16632,-600,-1172
2026-05-25 09:59:48,16684,-636,-1192
2026-05-25 09:59:50,16732,-652,-1076
2026-05-25 09:59:52,16688,-716,-1184
2026-05-25 09:59:54,16636,-728,-1152
2026-05-25 09:59:56,16644,-644,-1096
2026-05-25 09:59:58,16680,-624,-1036
2026-05-25 10:00:00,16688,-656,-1180
2026-05-25 10:00:02,16696,-636,-1076
2026-05-25 10:00:04,16712,-608,-1188
2026-05-25 10:00:06,16700,-616,-1140
2026-05-25 10:00:08,16696,-588,-1088
2026-05-25 10:00:10,16704,-596,-1136
2026-05-25 10:00:12,16692,-664,-1120
2026-05-25 10:00:14,16676,-584,-1012
2026-05-25 10:00:16,16764,-680,-1164
2026-05-25 10:00:18,16664,-668,-1156
2026-05-25 10:00:20,16704,-664,-1140
2026-05-25 10:00:22,16696,-596,-1092
2026-05-25 10:00:24,16664,-604,-1132
2026-05-25 10:00:26,16644,-632,-1240
2026-05-25 10:00:28,16720,-644,-1172
2026-05-25 10:00:30,16676,-584,-1112
2026-05-25 10:00:32,16704,-644,-1160
2026-05-25 10:00:34,16616,-628,-1172
2026-05-25 10:00:36,16760,-620,-1056
2026-05-25 10:00:38,16684,-676,-1132
2026-05-25 10:00:40,16728,-640,-1036
2026-05-25 10:00:42,16704,-660,-1152
2026-05-25 10:00:44,16620,-528,-1056
2026-05-25 10:00:46,16732,-672,-1240
2026-05-25 10:00:48,16700,-604,-1052
2026-05-25 10:00:50,16692,-672,-1036
2026-05-25 10:00:52,16684,-608,-1116
2026-05-25 10:00:54,16708,-604,-1128
2026-05-25 10:00:56,16620,-620,-1180
2026-05-25 10:00:58,16688,-568,-1096
2026-05-25 10:01:00,16696,-616,-1188
2026-05-25 10:01:02,16704,-648,-1204
2026-05-25 10:01:04,16724,-620,-1092
2026-05-25 10:01:06,16736,-604,-1132
2026-05-25 10:01:08,16688,-640,-1140
2026-05-25 10:01:10,16740,-636,-1124
2026-05-25 10:01:12,16704,-608,-1088
2026-05-25 10:01:14,16664,-604,-1188
2026-05-25 10:01:16,16692,-652,-1036
2026-05-25 10:01:18,16728,-560,-1152
2026-05-25 10:01:20,16716,-620,-1112
2026-05-25 10:01:22,16628,-580,-1120
2026-05-25 10:01:24,16712,-644,-1052
2026-05-25 10:01:26,16684,-648,-1196
2026-05-25 10:01:28,16736,-632,-1200
2026-05-25 10:01:30,16696,-672,-1188
2026-05-25 10:01:32,16744,-640,-1140
2026-05-25 10:01:34,16764,-652,-1168
2026-05-25 10:01:36,16712,-592,-1192
2026-05-25 10:01:38,16704,-648,-1180
2026-05-25 10:01:40,16588,-572,-1164
2026-05-25 10:01:42,16744,-624,-1164
2026-05-25 10:01:44,16688,-600,-1056
2026-05-25 10:01:46,16708,-628,-1092
2026-05-25 10:01:48,16692,-592,-1196
2026-05-25 10:01:50,16720,-632,-1132
2026-05-25 10:01:52,16680,-540,-1144
2026-05-25 10:01:54,16700,-596,-1124
2026-05-25 10:01:56,16692,-624,-1124
2026-05-25 10:01:58,16688,-632,-1136
2026-05-25 10:02:00,16680,-644,-1116
2026-05-25 10:02:02,16664,-652,-1144
2026-05-25 10:02:04,16712,-644,-1084
2026-05-25 10:02:06,16660,-600,-1128
2026-05-25 10:02:08,16664,-668,-1128
2026-05-25 10:02:10,16688,-648,-1192
2026-05-25 10:02:12,16684,-584,-1148
2026-05-25 10:02:14,16688,-608,-1180
2026-05-25 10:02:16,16656,-672,-1112
2026-05-25 10:02:18,16692,-692,-1068
2026-05-25 10:02:20,16728,-644,-1056
2026-05-25 10:02:22,16708,-604,-1240
2026-05-25 10:02:24,16688,-640,-1120
2026-05-25 10:02:26,16724,-592,-1088
2026-05-25 10:02:28,16652,-652,-1208
2026-05-25 10:02:30,16692,-720,-1336
2026-05-25 10:02:32,16744,-652,-1064
2026-05-25 10:02:34,16656,-664,-1144
2026-05-25 10:02:36,16772,-624,-1172
2026-05-25 10:02:38,16700,-668,-1184
2026-05-25 10:02:40,16696,-748,-932
2026-05-25 10:02:42,16704,-672,-1184
2026-05-25 10:02:44,16648,-624,-1244
2026-05-25 10:02:46,16612,-652,-1084
2026-05-25 10:02:48,16728,-648,-1156
2026-05-25 10:02:50,16656,-544,-1136
2026-05-25 10:02:52,16636,-596,-1116
2026-05-25 10:02:54,16672,-668,-1152
2026-05-25 10:02:56,16700,-704,-1248
2026-05-25 10:02:58,16680,-692,-1260
2026-05-25 10:03:00,16736,-668,-1140
2026-05-25 10:03:02,16740,-648,-1232
2026-05-25 10:03:04,16684,-680,-1128
2026-05-25 10:03:06,16684,-652,-1152
2026-05-25 10:03:08,16744,-680,-1088
2026-05-25 10:03:10,16712,-672,-1068
2026-05-25 10:03:12,16684,-664,-1060
2026-05-25 10:03:14,16684,-672,-1208
2026-05-25 10:03:16,16644,-580,-1236
2026-05-25 10:03:18,16676,-600,-1244
2026-05-25 10:03:20,16704,-632,-1104
2026-05-25 10:03:22,16688,-612,-1228
2026-05-25 10:03:24,16744,-616,-1072
2026-05-25 10:03:26,16692,-628,-1116
2026-05-25 10:03:28,16696,-600,-1176
2026-05-25 10:03:30,16740,-672,-1168
2026-05-25 10:03:32,16664,-644,-1144
2026-05-25 10:03:34,16712,-632,-1092
2026-05-25 10:03:36,16680,-660,-1208
2026-05-25 10:03:38,16636,-576,-1200
2026-05-25 10:03:40,16688,-624,-1240
2026-05-25 10:03:42,16724,-632,-1164
2026-05-25 10:03:44,16676,-672,-1076
2026-05-25 10:03:46,16720,-616,-1104
2026-05-25 10:03:48,16740,-632,-1208
2026-05-25 10:03:50,16680,-644,-1136
2026-05-25 10:03:52,16716,-616,-1060
2026-05-25 10:03:54,16676,-668,-1084
2026-05-25 10:03:56,16652,-660,-1156
2026-05-25 10:03:58,16708,-636,-1072
2026-05-25 10:04:00,16660,-684,-1192
2026-05-25 10:04:02,16672,-632,-1272
2026-05-25 10:04:04,16680,-536,-1204
2026-05-25 10:04:06,16736,-628,-1092
2026-05-25 10:04:08,16704,-644,-1200
2026-05-25 10:04:10,16700,-612,-1240
2026-05-25 10:04:12,16732,-632,-1172
2026-05-25 10:04:14,16716,-592,-1132
2026-05-25 10:04:16,16688,-624,-1112
2026-05-25 10:04:18,16672,-672,-1156
2026-05-25 10:04:20,16692,-656,-1104
2026-05-25 10:04:22,16696,-712,-1244
2026-05-25 10:04:24,16664,-616,-1100
2026-05-25 10:04:26,16768,-648,-1120
2026-05-25 10:04:28,16732,-620,-1080
2026-05-25 10:04:30,16700,-624,-1244
2026-05-25 10:04:32,16664,-628,-1216
2026-05-25 10:04:34,16708,-644,-1228
2026-05-25 10:04:36,16728,-684,-1144
2026-05-25 10:04:38,16692,-612,-1208
2026-05-25 10:04:40,16700,-632,-1132
2026-05-25 10:04:42,16720,-660,-1076
2026-05-25 10:04:44,16812,-684,-1044
2026-05-25 10:04:46,16688,-616,-1228
2026-05-25 10:04:48,16628,-636,-1212
2026-05-25 10:04:50,16712,-624,-1168
2026-05-25 10:04:52,16692,-616,-1212
2026-05-25 10:04:54,16652,-640,-1148
2026-05-25 10:04:56,16720,-640,-1160
2026-05-25 10:04:58,16696,-660,-1188
2026-05-25 10:05:00,16700,-624,-1144
2026-05-25 10:05:02,16704,-620,-1152
2026-05-25 10:05:04,16704,-612,-1180
2026-05-25 10:05:06,16720,-648,-1152
2026-05-25 10:05:08,16708,-640,-1216
2026-05-25 10:05:10,16700,-688,-1096
2026-05-25 10:05:12,16724,-640,-1180
2026-05-25 10:05:14,16716,-616,-1168
2026-05-25 10:05:16,16692,-612,-1184
2026-05-25 10:05:18,16688,-616,-1168
2026-05-25 10:05:20,16660,-624,-1220
2026-05-25 10:05:22,16756,-636,-1152
2026-05-25 10:05:24,16728,-680,-1156
2026-05-25 10:05:26,16712,-704,-1120
2026-05-25 10:05:28,16720,-700,-1156
2026-05-25 10:05:30,16780,-580,-1172
2026-05-25 10:05:32,16736,-648,-1176
2026-05-25 10:05:34,16696,-632,-1152
2026-05-25 10:05:36,16720,-608,-1212
2026-05-25 10:05:38,16672,-624,-1120
2026-05-25 10:05:40,16640,-600,-1128
2026-05-25 10:05:42,16696,-740,-1140
2026-05-25 10:05:44,16676,-684,-1224
2026-05-25 10:05:46,16708,-604,-1136
2026-05-25 10:05:48,16696,-628,-1164
2026-05-25 10:05:50,16740,-596,-1240
2026-05-25 10:05:52,16700,-644,-1192
2026-05-25 10:05:54,16684,-660,-1104
2026-05-25 10:05:56,16672,-616,-1160
2026-05-25 10:05:58,16680,-612,-1196
2026-05-25 10:06:00,16720,-628,-1104
2026-05-25 10:06:02,16680,-648,-1088
2026-05-25 10:06:04,16636,-692,-1204
2026-05-25 10:06:06,16680,-636,-1120
2026-05-25 10:06:08,16720,-628,-1104
2026-05-25 10:06:10,16688,-696,-1120
2026-05-25 10:06:12,16704,-664,-1080
2026-05-25 10:06:14,16708,-592,-1164
2026-05-25 10:06:16,16648,-608,-1128
2026-05-25 10:06:18,16652,-664,-1160
2026-05-25 10:06:20,16696,-744,-1144
2026-05-25 10:06:22,16708,-700,-1140
2026-05-25 10:06:24,16716,-640,-1168
2026-05-25 10:06:26,16676,-608,-1148
2026-05-25 10:06:28,16700,-688,-1156
2026-05-25 10:06:30,16712,-632,-1116
2026-05-25 10:06:32,16668,-664,-1164
2026-05-25 10:06:34,16688,-596,-1180
2026-05-25 10:06:36,16664,-664,-1172
2026-05-25 10:06:38,16700,-604,-1124
2026-05-25 10:06:40,16660,-628,-1140
2026-05-25 10:06:42,16720,-664,-1164
2026-05-25 10:06:44,16768,-628,-1220
2026-05-25 10:06:46,16744,-604,-1172
2026-05-25 10:06:48,16696,-636,-1156
2026-05-25 10:06:50,16720,-660,-1152
2026-05-25 10:06:52,16728,-712,-1176
2026-05-25 10:06:54,16684,-700,-1144
2026-05-25 10:06:56,16712,-664,-1240
2026-05-25 10:06:58,16692,-604,-1152
2026-05-25 10:07:00,16688,-616,-1084
2026-05-25 10:07:02,16704,-676,-1184
2026-05-25 10:07:04,16724,-624,-1224
2026-05-25 10:07:06,16688,-656,-1200
2026-05-25 10:07:08,16688,-600,-1248
2026-05-25 10:07:10,16616,-676,-1060
2026-05-25 10:07:12,16700,-600,-1196
2026-05-25 10:07:14,16732,-608,-1116
2026-05-25 10:07:16,16656,-644,-1256
2026-05-25 10:07:18,16700,-600,-1072
2026-05-25 10:07:20,16704,-580,-1128
2026-05-25 10:07:22,16752,-632,-1152
2026-05-25 10:07:24,16704,-620,-1172
2026-05-25 10:07:26,16692,-556,-1068
2026-05-25 10:07:28,16704,-700,-1156
2026-05-25 10:07:30,16684,-684,-1208
2026-05-25 10:07:32,16644,-636,-1112
2026-05-25 10:07:34,16680,-620,-1232
2026-05-25 10:07:36,16704,-616,-1192
2026-05-25 10:07:38,16628,-644,-1148
2026-05-25 10:07:40,16768,-640,-1176
2026-05-25 10:07:42,16684,-632,-1096
2026-05-25 10:07:44,16668,-684,-1172
2026-05-25 10:07:46,16740,-700,-1124
2026-05-25 10:07:48,16652,-596,-1156
2026-05-25 10:07:50,16716,-620,-1204
2026-05-25 10:07:52,16668,-648,-1304
2026-05-25 10:07:54,16684,-640,-1176
2026-05-25 10:07:56,16720,-660,-1192
2026-05-25 10:07:58,16680,-628,-1172
2026-05-25 10:08:00,16712,-628,-1124
2026-05-25 10:08:02,16696,-636,-1124
2026-05-25 10:08:04,16684,-684,-1144
2026-05-25 10:08:06,16696,-632,-1144
2026-05-25 10:08:08,16664,-672,-1072
2026-05-25 10:08:10,16692,-696,-1140
2026-05-25 10:08:12,16712,-596,-1132
2026-05-25 10:08:14,16708,-640,-1192
2026-05-25 10:08:16,16680,-632,-1272
2026-05-25 10:08:18,16708,-632,-1144
2026-05-25 10:08:20,16684,-564,-1068
2026-05-25 10:08:22,16744,-612,-1164
2026-05-25 10:08:24,16684,-648,-1136
2026-05-25 10:08:26,16708,-620,-1208
2026-05-25 10:08:28,16692,-652,-1208
2026-05-25 10:08:30,16704,-660,-1140
2026-05-25 10:08:32,16664,-616,-1152
2026-05-25 10:08:34,16704,-656,-1204
2026-05-25 10:08:36,16704,-632,-1132
2026-05-25 10:08:38,16704,-600,-1180
2026-05-25 10:08:40,16684,-692,-1244
2026-05-25 10:08:42,16668,-604,-1184
2026-05-25 10:08:44,16648,-620,-1140
2026-05-25 10:08:46,16708,-672,-1200
2026-05-25 10:08:48,16696,-644,-1180
2026-05-25 10:08:50,16684,-684,-1152
2026-05-25 10:08:52,16644,-700,-1184
2026-05-25 10:08:54,16672,-668,-1112
2026-05-25 10:08:56,16744,-632,-1072
2026-05-25 10:08:58,16696,-644,-1132
2026-05-25 10:09:00,16704,-640,-1204
2026-05-25 10:09:02,16740,-600,-1120
2026-05-25 10:09:04,16668,-724,-1184
2026-05-25 10:09:06,16664,-620,-1192
2026-05-25 10:09:08,16700,-628,-1112
2026-05-25 10:09:10,16676,-616,-1152
2026-05-25 10:09:12,16744,-628,-1132
2026-05-25 10:09:14,16728,-640,-1192
2026-05-25 10:09:16,16752,-668,-1140
2026-05-25 10:09:18,16700,-628,-1136
2026-05-25 10:09:20,16748,-604,-1204
2026-05-25 10:09:22,16724,-652,-1188
2026-05-25 10:09:24,16708,-664,-1176
2026-05-25 10:09:26,16656,-616,-1080
2026-05-25 10:09:28,16716,-628,-1168
2026-05-25 10:09:30,16732,-668,-1164
2026-05-25 10:09:32,16712,-680,-1236
2026-05-25 10:09:34,16632,-676,-1160
2026-05-25 10:09:36,16664,-700,-1068
2026-05-25 10:09:38,16720,-696,-1204
2026-05-25 10:09:40,16708,-608,-1132
2026-05-25 10:09:42,16636,-672,-1052
2026-05-25 10:09:44,16700,-596,-1164
2026-05-25 10:09:46,16696,-620,-1116
2026-05-25 10:09:48,16640,-644,-1136
2026-05-25 10:09:50,16684,-652,-1080
2026-05-25 10:09:52,16704,-656,-1180
2026-05-25 10:09:54,16660,-640,-1100
2026-05-25 10:09:56,16772,-644,-1200
2026-05-25 10:09:58,16668,-656,-1184
2026-05-25 10:10:00,16624,-572,-1216
2026-05-25 10:10:02,16728,-604,-1144
2026-05-25 10:10:04,16688,-640,-1116
2026-05-25 10:10:06,16652,-680,-1176
2026-05-25 10:10:08,16680,-624,-1188
2026-05-25 10:10:10,16660,-636,-1160
2026-05-25 10:10:12,16704,-624,-1116
2026-05-25 10:10:14,16712,-624,-1048
2026-05-25 10:10:16,16708,-592,-1144
2026-05-25 10:10:18,16712,-616,-1132
2026-05-25 10:10:20,16712,-632,-1120
2026-05-25 10:10:22,16704,-628,-1072
2026-05-25 10:10:24,16716,-676,-1184
2026-05-25 10:10:26,16728,-656,-1092
2026-05-25 10:10:28,16708,-616,-1188
2026-05-25 10:10:30,16668,-672,-1212
2026-05-25 10:10:32,16680,-624,-1232
2026-05-25 10:10:34,16688,-620,-1132
2026-05-25 10:10:36,16724,-672,-1032
2026-05-25 10:10:38,16736,-608,-1152
2026-05-25 10:10:40,16748,-584,-1232
2026-05-25 10:10:42,16656,-660,-1128
2026-05-25 10:10:44,16704,-720,-1160
2026-05-25 10:10:46,16680,-620,-1112
2026-05-25 10:10:48,16676,-684,-1164
2026-05-25 10:10:50,16692,-664,-1264
2026-05-25 10:10:52,16668,-672,-1148
2026-05-25 10:10:54,16680,-636,-1144
2026-05-25 10:10:56,16696,-620,-1120
2026-05-25 10:10:58,16680,-596,-1180
2026-05-25 10:11:00,16720,-608,-1208
2026-05-25 10:11:02,16732,-688,-1176
2026-05-25 10:11:04,16676,-628,-1036
2026-05-25 10:11:06,16700,-680,-1200
2026-05-25 10:11:08,16632,-664,-1128
2026-05-25 10:11:10,16740,-632,-1076
2026-05-25 10:11:12,16728,-608,-1140
2026-05-25 10:11:14,16748,-592,-1092
2026-05-25 10:11:16,16736,-604,-1200
2026-05-25 10:11:18,16704,-644,-1172
2026-05-25 10:11:20,16716,-708,-1240
2026-05-25 10:11:22,16672,-640,-1212
2026-05-25 10:11:24,16744,-636,-1144
2026-05-25 10:11:26,16652,-620,-1180
2026-05-25 10:11:28,16680,-624,-1124
2026-05-25 10:11:30,16696,-604,-1264
2026-05-25 10:11:32,16652,-620,-1200
2026-05-25 10:11:34,16632,-660,-1200
2026-05-25 10:11:36,16684,-644,-1160
2026-05-25 10:11:38,16708,-620,-1084
2026-05-25 10:11:40,16768,-640,-1104
2026-05-25 10:11:42,16736,-672,-1104
2026-05-25 10:11:44,16712,-656,-1008
2026-05-25 10:11:46,16728,-632,-1200
2026-05-25 10:11:48,16708,-628,-1188
2026-05-25 10:11:50,16720,-592,-1156
2026-05-25 10:11:52,16640,-596,-1172
2026-05-25 10:11:54,16704,-608,-1084
2026-05-25 10:11:56,16716,-612,-1132
2026-05-25 10:11:58,16676,-648,-1160
2026-05-25 10:12:00,16692,-568,-1168
2026-05-25 10:12:02,16712,-616,-1116
2026-05-25 10:12:04,16676,-584,-1160
2026-05-25 10:12:06,16660,-548,-1192
2026-05-25 10:12:08,16680,-580,-1140
2026-05-25 10:12:10,16740,-628,-1132
2026-05-25 10:12:12,16664,-636,-1148
2026-05-25 10:12:14,16744,-696,-1220
2026-05-25 10:12:16,16788,-664,-1148
2026-05-25 10:12:18,16660,-592,-1156
2026-05-25 10:12:20,16720,-668,-1092
2026-05-25 10:12:22,16640,-648,-1160
2026-05-25 10:12:24,16716,-640,-1148
2026-05-25 10:12:26,16732,-604,-1148
2026-05-25 10:12:28,16640,-696,-1188
2026-05-25 10:12:30,16712,-608,-1168
2026-05-25 10:12:32,16696,-692,-1188
2026-05-25 10:12:34,16724,-608,-1084
2026-05-25 10:12:36,16728,-664,-1076
2026-05-25 10:12:38,16684,-604,-1184
2026-05-25 10:12:40,16704,-640,-1152
2026-05-25 10:12:42,16732,-648,-1204
2026-05-25 10:12:44,16684,-636,-1132
2026-05-25 10:12:46,16704,-700,-1148
2026-05-25 10:12:48,16684,-616,-1172
2026-05-25 10:12:50,16676,-620,-1112
2026-05-25 10:12:52,16720,-596,-1192
2026-05-25 10:12:54,16736,-652,-1084
2026-05-25 10:12:56,16720,-608,-1168
2026-05-25 10:12:58,16724,-636,-1152
2026-05-25 10:13:00,16708,-624,-1104
2026-05-25 10:13:02,16684,-680,-1216
2026-05-25 10:13:04,16708,-680,-1256
2026-05-25 10:13:06,16752,-704,-1144
2026-05-25 10:13:08,16680,-648,-1244
2026-05-25 10:13:10,16720,-620,-1164
2026-05-25 10:13:12,16652,-596,-1140
2026-05-25 10:13:14,16680,-668,-1224
2026-05-25 10:13:16,16728,-656,-1176
2026-05-25 10:13:18,16676,-676,-1160
2026-05-25 10:13:20,16652,-620,-1060
2026-05-25 10:13:22,16728,-652,-1120
2026-05-25 10:13:24,16708,-616,-1128
2026-05-25 10:13:26,16708,-656,-1172
2026-05-25 10:13:28,16728,-616,-1176
2026-05-25 10:13:30,16664,-608,-1216
2026-05-25 10:13:32,16688,-660,-1168
2026-05-25 10:13:34,16684,-608,-1096
2026-05-25 10:13:36,16664,-596,-1148
2026-05-25 10:13:38,16680,-636,-1196
2026-05-25 10:13:39,16652,-716,-1172
2026-05-25 10:13:41,16668,-580,-1208
2026-05-25 10:13:43,16720,-552,-1248
2026-05-25 10:13:45,16680,-648,-1212
2026-05-25 10:13:47,16672,-628,-1064
2026-05-25 10:13:49,16672,-656,-1280
2026-05-25 10:13:51,16740,-656,-1128
2026-05-25 10:13:53,16724,-644,-1168
2026-05-25 10:13:55,16696,-644,-1120
2026-05-25 10:13:57,16684,-648,-1164
2026-05-25 10:13:59,16704,-624,-1028
2026-05-25 10:14:01,16708,-632,-1236
2026-05-25 10:14:03,16732,-624,-1224
2026-05-25 10:14:05,16672,-616,-1164
2026-05-25 10:14:07,16680,-616,-1240
2026-05-25 10:14:09,16696,-624,-1216
2026-05-25 10:14:11,16704,-640,-1096
2026-05-25 10:14:13,16648,-672,-1212
2026-05-25 10:14:15,16696,-624,-1132
2026-05-25 10:14:17,16684,-628,-1244
2026-05-25 10:14:19,16712,-644,-1192
2026-05-25 10:14:21,16756,-636,-1060
2026-05-25 10:14:23,16676,-632,-1168
2026-05-25 10:14:25,16672,-576,-1072
2026-05-25 10:14:27,16660,-648,-1208
2026-05-25 10:14:29,16672,-660,-1172
2026-05-25 10:14:31,16700,-608,-1056
2026-05-25 10:14:33,16684,-584,-1168
2026-05-25 10:14:35,16688,-576,-1132
2026-05-25 10:14:37,16660,-580,-1120
2026-05-25 10:14:39,16664,-620,-1200
2026-05-25 10:14:41,16692,-540,-1200
2026-05-25 10:14:43,16684,-584,-1172
2026-05-25 10:14:45,16748,-644,-1204
2026-05-25 10:14:47,16736,-644,-1128
2026-05-25 10:14:49,16700,-612,-1260
2026-05-25 10:14:51,16644,-604,-1240
2026-05-25 10:14:53,16724,-616,-1244
2026-05-25 10:14:55,16716,-628,-1084
2026-05-25 10:14:57,16652,-624,-1204
2026-05-25 10:14:59,16684,-648,-1140
2026-05-25 10:15:01,16656,-632,-1096
2026-05-25 10:15:03,16664,-616,-1224
2026-05-25 10:15:05,16708,-616,-1228
2026-05-25 10:15:07,16700,-640,-1100
2026-05-25 10:15:09,16656,-656,-1208
2026-05-25 10:15:11,16680,-660,-1108
2026-05-25 10:15:13,16676,-632,-1140
2026-05-25 10:15:15,16660,-680,-1144
2026-05-25 10:15:17,16692,-584,-1136
2026-05-25 10:15:19,16652,-644,-1116
2026-05-25 10:15:21,16668,-608,-1232
2026-05-25 10:15:23,16748,-656,-1220
2026-05-25 10:15:25,16676,-616,-1184
2026-05-25 10:15:27,16688,-596,-1148
2026-05-25 10:15:29,16696,-656,-1132
2026-05-25 10:15:31,16692,-624,-1160
2026-05-25 10:15:33,16684,-660,-1188
2026-05-25 10:15:35,16728,-616,-1104
2026-05-25 10:15:37,16740,-684,-1084
2026-05-25 10:15:39,16732,-616,-1156
2026-05-25 10:15:41,16656,-580,-1160
2026-05-25 10:15:43,16700,-604,-1256
2026-05-25 10:15:45,16636,-632,-1212
2026-05-25 10:15:47,16656,-652,-1096
2026-05-25 10:15:49,16676,-620,-1204
2026-05-25 10:15:51,16720,-668,-1092
2026-05-25 10:15:53,16772,-628,-1152
2026-05-25 10:15:55,16672,-656,-1124
2026-05-25 10:15:57,16704,-688,-1184
2026-05-25 10:15:59,16660,-612,-1056
2026-05-25 10:16:01,16628,-592,-1136
2026-05-25 10:16:03,16720,-640,-1164
2026-05-25 10:16:05,16796,-656,-1192
2026-05-25 10:16:07,16700,-668,-1236
2026-05-25 10:16:09,16692,-612,-1156
2026-05-25 10:16:11,16696,-652,-1172
2026-05-25 10:16:13,16708,-684,-1140
2026-05-25 10:16:15,16680,-628,-1132
2026-05-25 10:16:17,16732,-628,-1052
2026-05-25 10:16:19,16696,-600,-1284
2026-05-25 10:16:21,16648,-576,-1184
2026-05-25 10:16:23,16688,-644,-1144
2026-05-25 10:16:25,16676,-608,-1116
2026-05-25 10:16:27,16688,-628,-1112
2026-05-25 10:16:29,16668,-592,-1144
2026-05-25 10:16:31,16652,-656,-1144
2026-05-25 10:16:33,16700,-656,-1184
2026-05-25 10:16:35,16752,-600,-1240
2026-05-25 10:16:37,16708,-612,-1296
2026-05-25 10:16:39,16756,-560,-1108
2026-05-25 10:16:41,16700,-560,-1100
2026-05-25 10:16:43,16664,-636,-1140
2026-05-25 10:16:45,16636,-628,-1088
2026-05-25 10:16:47,16664,-624,-1164
2026-05-25 10:16:49,16712,-672,-1100
2026-05-25 10:16:51,16696,-576,-1132
2026-05-25 10:16:53,16716,-612,-1144
2026-05-25 10:16:55,16648,-608,-1184
2026-05-25 10:16:57,16756,-604,-1132
2026-05-25 10:16:59,16728,-648,-1248
2026-05-25 10:17:01,16700,-596,-1156
2026-05-25 10:17:03,16724,-624,-1160
2026-05-25 10:17:05,16712,-652,-1172
2026-05-25 10:17:07,16696,-592,-1200
2026-05-25 10:17:09,16720,-652,-1252
2026-05-25 10:17:11,16740,-684,-1120
2026-05-25 10:17:13,16704,-612,-1204
2026-05-25 10:17:15,16700,-692,-1284
2026-05-25 10:17:17,16696,-620,-1260
2026-05-25 10:17:19,16692,-652,-1136
2026-05-25 10:17:21,16744,-636,-1140
2026-05-25 10:17:23,16748,-548,-1156
2026-05-25 10:17:25,16708,-624,-1180
2026-05-25 10:17:27,16676,-624,-1164
2026-05-25 10:17:29,16680,-632,-1148
2026-05-25 10:17:31,16708,-604,-1232
2026-05-25 10:17:33,16712,-604,-1044
2026-05-25 10:17:35,16732,-648,-1248
2026-05-25 10:17:37,16692,-648,-1096
2026-05-25 10:17:39,16728,-604,-1180
2026-05-25 10:17:41,16732,-668,-1148
2026-05-25 10:17:43,16636,-672,-1160
2026-05-25 10:17:45,16672,-604,-1148
2026-05-25 10:17:47,16712,-632,-1136
2026-05-25 10:17:49,16756,-596,-1180
2026-05-25 10:17:51,16648,-640,-1140
2026-05-25 10:17:53,16696,-672,-1252
2026-05-25 10:17:55,16696,-588,-1184
2026-05-25 10:17:57,16656,-656,-1172
2026-05-25 10:17:59,16660,-592,-1132
2026-05-25 10:18:01,16692,-640,-1140
2026-05-25 10:18:03,16600,-608,-1172
2026-05-25 10:18:05,16636,-580,-1220
2026-05-25 10:18:07,16744,-644,-1208
2026-05-25 10:18:09,16700,-592,-1252
2026-05-25 10:18:11,16700,-636,-1224
2026-05-25 10:18:13,16668,-648,-1136
2026-05-25 10:18:15,16684,-588,-1108
2026-05-25 10:18:17,16700,-608,-1196
2026-05-25 10:18:19,16652,-640,-1208
2026-05-25 10:18:21,16704,-688,-1148
2026-05-25 10:18:23,16676,-572,-1136
2026-05-25 10:18:25,16672,-664,-1092
2026-05-25 10:18:27,16696,-620,-1204
2026-05-25 10:18:29,16664,-588,-1188
2026-05-25 10:18:31,16700,-612,-1124
2026-05-25 10:18:33,16688,-620,-1208
2026-05-25 10:18:35,16740,-600,-1204
2026-05-25 10:18:37,16760,-604,-1276
2026-05-25 10:18:39,16744,-628,-1220
2026-05-25 10:18:41,16744,-664,-1096
2026-05-25 10:18:43,16696,-612,-1124
2026-05-25 10:18:45,16716,-632,-1020
2026-05-25 10:18:47,16716,-616,-1204
2026-05-25 10:18:49,16688,-672,-1136
2026-05-25 10:18:51,16696,-628,-1104
2026-05-25 10:18:53,16672,-636,-1116
2026-05-25 10:18:55,16680,-652,-1160
2026-05-25 10:18:57,16688,-692,-1120
2026-05-25 10:18:59,16660,-644,-1144
2026-05-25 10:19:01,16684,-616,-1092
2026-05-25 10:19:03,16700,-592,-1148
2026-05-25 10:19:05,16716,-636,-1136
2026-05-25 10:19:07,16680,-600,-1148
2026-05-25 10:19:09,16716,-580,-1248
2026-05-25 10:19:11,16756,-560,-1216
2026-05-25 10:19:13,16728,-612,-1136
2026-05-25 10:19:15,16664,-544,-1212
2026-05-25 10:19:17,16704,-628,-1116
2026-05-25 10:19:19,16724,-592,-1180
2026-05-25 10:19:21,16696,-624,-1172
2026-05-25 10:19:23,16692,-620,-1152
2026-05-25 10:19:25,16712,-620,-1160
2026-05-25 10:19:27,16676,-592,-1156
2026-05-25 10:19:29,16660,-644,-1100
2026-05-25 10:19:31,16672,-636,-1256
2026-05-25 10:19:33,16668,-692,-1164
2026-05-25 10:19:35,16684,-664,-1052
2026-05-25 10:19:37,16724,-640,-1140
2026-05-25 10:19:39,16660,-616,-1140
2026-05-25 10:19:41,16716,-656,-1140
2026-05-25 10:19:43,16664,-584,-1168
2026-05-25 10:19:45,16692,-588,-1100
2026-05-25 10:19:47,16712,-608,-1136
2026-05-25 10:19:49,16664,-680,-1148
2026-05-25 10:19:51,16732,-616,-1156
2026-05-25 10:19:53,16688,-660,-1096
2026-05-25 10:19:55,16664,-596,-1228
2026-05-25 10:19:57,16708,-624,-1172
2026-05-25 10:19:59,16692,-640,-1156
2026-05-25 10:20:01,16652,-668,-1156
2026-05-25 10:20:03,16712,-668,-1164
2026-05-25 10:20:05,16740,-688,-1144
2026-05-25 10:20:07,16684,-644,-1176
2026-05-25 10:20:09,16648,-624,-1176
2026-05-25 10:20:11,16692,-620,-1144
2026-05-25 10:20:13,16768,-648,-1196
2026-05-25 10:20:15,16744,-584,-1108
2026-05-25 10:20:17,16616,-584,-1148
2026-05-25 10:20:19,16656,-668,-1216
2026-05-25 10:20:21,16736,-632,-1168
2026-05-25 10:20:23,16672,-648,-1216
2026-05-25 10:20:25,16636,-616,-1256
2026-05-25 10:20:27,16656,-568,-1204
2026-05-25 10:20:29,16740,-556,-1160
2026-05-25 10:20:31,16692,-604,-1168
2026-05-25 10:20:33,16760,-628,-1144
2026-05-25 10:20:35,16740,-668,-1180
2026-05-25 10:20:37,16736,-680,-1148
2026-05-25 10:20:39,16692,-668,-1196
2026-05-25 10:20:41,16652,-640,-1164
2026-05-25 10:20:43,16708,-628,-1212
2026-05-25 10:20:45,16640,-676,-1164
2026-05-25 10:20:47,16684,-632,-1140
2026-05-25 10:20:49,16652,-580,-1192
2026-05-25 10:20:51,16716,-644,-1268
2026-05-25 10:20:53,16732,-628,-1252
2026-05-25 10:20:55,16736,-624,-1040
2026-05-25 10:20:57,16696,-608,-1124
2026-05-25 10:20:59,16680,-660,-1056
2026-05-25 10:21:01,16696,-584,-1092
2026-05-25 10:21:03,16704,-648,-1200
2026-05-25 10:21:05,16660,-636,-1080
2026-05-25 10:21:07,16688,-592,-1192
2026-05-25 10:21:09,16676,-588,-1176
2026-05-25 10:21:11,16732,-652,-1164
2026-05-25 10:21:13,16656,-616,-1136
2026-05-25 10:21:15,16696,-636,-1196
2026-05-25 10:21:17,16656,-648,-1184
2026-05-25 10:21:19,16732,-656,-1196
2026-05-25 10:21:21,16676,-648,-1184
2026-05-25 10:21:23,16704,-644,-1160
2026-05-25 10:21:25,16624,-616,-1168
2026-05-25 10:21:27,16736,-572,-1312
2026-05-25 10:21:29,16700,-580,-1152
2026-05-25 10:21:31,16704,-624,-1036
2026-05-25 10:21:33,16704,-556,-1228
2026-05-25 10:21:35,16732,-576,-1164
2026-05-25 10:21:37,16672,-628,-1196
2026-05-25 10:21:39,16688,-628,-1100
2026-05-25 10:21:41,16620,-636,-1128
2026-05-25 10:21:43,16732,-660,-1112
2026-05-25 10:21:45,16652,-528,-1324
2026-05-25 10:21:47,16692,-672,-1180
2026-05-25 10:21:49,16688,-560,-1120
2026-05-25 10:21:51,16712,-672,-1164
2026-05-25 10:21:53,16720,-632,-1156
2026-05-25 10:21:55,16680,-692,-1068
2026-05-25 10:21:57,16732,-624,-1160
2026-05-25 10:21:59,16652,-600,-1176
2026-05-25 10:22:01,16676,-636,-1144
2026-05-25 10:22:03,16728,-624,-1088
2026-05-25 10:22:05,16700,-692,-1212
2026-05-25 10:22:07,16664,-632,-1168
2026-05-25 10:22:09,16680,-608,-1116
2026-05-25 10:22:11,16632,-696,-1128
2026-05-25 10:22:13,16688,-552,-1120
2026-05-25 10:22:15,16708,-668,-1176
2026-05-25 10:22:17,16732,-652,-1164
2026-05-25 10:22:19,16728,-624,-1264
2026-05-25 10:22:21,16688,-680,-1188
2026-05-25 10:22:23,16720,-644,-1184
2026-05-25 10:22:25,16700,-664,-1124
2026-05-25 10:22:27,16664,-632,-1168
2026-05-25 10:22:29,16652,-616,-1132
2026-05-25 10:22:31,16620,-632,-1196
2026-05-25 10:22:33,16692,-640,-1224
2026-05-25 10:22:35,16708,-668,-1232
2026-05-25 10:22:37,16736,-660,-1184
2026-05-25 10:22:39,16724,-684,-1172
2026-05-25 10:22:41,16752,-628,-1184
2026-05-25 10:22:43,16660,-632,-1204
2026-05-25 10:22:45,16620,-616,-1252
2026-05-25 10:22:47,16692,-600,-1100
2026-05-25 10:22:49,16640,-652,-1232
2026-05-25 10:22:51,16700,-560,-1168
2026-05-25 10:22:53,16672,-600,-1196
2026-05-25 10:22:55,16708,-712,-1100
2026-05-25 10:22:57,16684,-608,-1196
2026-05-25 10:22:59,16736,-660,-1196
2026-05-25 10:23:01,16676,-624,-1212
2026-05-25 10:23:03,16656,-656,-1300
2026-05-25 10:23:05,16716,-648,-1104
2026-05-25 10:23:07,16676,-648,-1120
2026-05-25 10:23:09,16684,-664,-1240
2026-05-25 10:23:11,16664,-612,-1100
2026-05-25 10:23:13,16720,-684,-1152
2026-05-25 10:23:15,16716,-592,-1224
2026-05-25 10:23:17,16688,-640,-1132
2026-05-25 10:23:19,16620,-632,-1084
2026-05-25 10:23:21,16676,-664,-1168
2026-05-25 10:23:23,16700,-624,-1172
2026-05-25 10:23:25,16628,-576,-1136
2026-05-25 10:23:27,16668,-624,-1204
2026-05-25 10:23:29,16668,-616,-1180
2026-05-25 10:23:31,16660,-608,-1204
2026-05-25 10:23:33,16640,-612,-1180
2026-05-25 10:23:35,16700,-616,-1164
2026-05-25 10:23:37,16692,-636,-1180
2026-05-25 10:23:39,16648,-628,-1156
2026-05-25 10:23:41,16720,-664,-1240
2026-05-25 10:23:43,16740,-576,-1216
2026-05-25 10:23:45,16724,-660,-1176
2026-05-25 10:23:47,16700,-640,-1188
2026-05-25 10:23:49,16736,-648,-1248
2026-05-25 10:23:51,16668,-668,-1184
2026-05-25 10:23:53,16720,-660,-1196
2026-05-25 10:23:55,16660,-624,-1176
2026-05-25 10:23:57,16648,-612,-1128
2026-05-25 10:23:59,16704,-656,-1212
2026-05-25 10:24:01,16648,-608,-1132
2026-05-25 10:24:03,16700,-676,-1160
2026-05-25 10:24:05,16708,-704,-1264
2026-05-25 10:24:07,16688,-620,-1116
2026-05-25 10:24:09,16696,-716,-1200
2026-05-25 10:24:11,16656,-608,-1192
2026-05-25 10:24:13,16696,-552,-1300
2026-05-25 10:24:15,16716,-664,-1148
2026-05-25 10:24:17,16628,-656,-1172
2026-05-25 10:24:19,16668,-692,-1228
2026-05-25 10:24:21,16632,-680,-1224
2026-05-25 10:24:23,16724,-628,-1052
2026-05-25 10:24:25,16732,-604,-1156
2026-05-25 10:24:27,16720,-652,-1132
2026-05-25 10:24:29,16736,-612,-1252
2026-05-25 10:24:31,16668,-672,-1136
2026-05-25 10:24:33,16664,-632,-1152
2026-05-25 10:24:35,16736,-640,-1128
2026-05-25 10:24:37,16648,-564,-1164
2026-05-25 10:24:39,16736,-636,-1156
2026-05-25 10:24:41,16756,-620,-1196
2026-05-25 10:24:43,16740,-664,-1160
2026-05-25 10:24:45,16656,-620,-1108
2026-05-25 10:24:47,16716,-668,-1232
2026-05-25 10:24:49,16672,-680,-1204
2026-05-25 10:24:51,16720,-644,-1232
2026-05-25 10:24:53,16676,-648,-1152
2026-05-25 10:24:55,16756,-644,-1136
2026-05-25 10:24:57,16704,-628,-1156
2026-05-25 10:24:59,16612,-668,-1112
2026-05-25 10:25:01,16696,-632,-1112
2026-05-25 10:25:03,16708,-696,-1160
2026-05-25 10:25:05,16708,-640,-1140
2026-05-25 10:25:07,16724,-568,-1192
2026-05-25 10:25:09,16660,-588,-1224
2026-05-25 10:25:11,16700,-640,-1156
2026-05-25 10:25:13,16676,-616,-1124
2026-05-25 10:25:15,16668,-636,-1124
2026-05-25 10:25:17,16680,-656,-1164
2026-05-25 10:25:19,16732,-668,-1168
2026-05-25 10:25:21,16704,-632,-1228
2026-05-25 10:25:23,16680,-636,-1180
2026-05-25 10:25:25,16660,-596,-1184
2026-05-25 10:25:27,16676,-624,-1160
2026-05-25 10:25:29,16636,-572,-1164
2026-05-25 10:25:31,16716,-676,-1216
2026-05-25 10:25:33,16680,-640,-1200
2026-05-25 10:25:35,16712,-636,-1144
2026-05-25 10:25:37,16720,-600,-1164
2026-05-25 10:25:39,16660,-648,-1216
2026-05-25 10:25:41,16668,-684,-1156
2026-05-25 10:25:43,16680,-592,-1196
2026-05-25 10:25:45,16644,-652,-1116
2026-05-25 10:25:47,16676,-616,-1088
2026-05-25 10:25:49,16668,-640,-1156
2026-05-25 10:25:51,16700,-620,-1208
2026-05-25 10:25:53,16732,-632,-1168
2026-05-25 10:25:55,16644,-604,-1020
2026-05-25 10:25:57,16684,-640,-1124
2026-05-25 10:25:59,16636,-604,-1172
2026-05-25 10:26:01,16712,-700,-1188
2026-05-25 10:26:03,16668,-628,-1108
2026-05-25 10:26:05,16704,-632,-1028
2026-05-25 10:26:07,16660,-720,-992
2026-05-25 10:26:09,16712,-596,-1120
2026-05-25 10:26:11,16752,-632,-1048
2026-05-25 10:26:13,16716,-616,-1128
2026-05-25 10:26:15,16696,-612,-1104
2026-05-25 10:26:17,16692,-604,-1092
2026-05-25 10:26:19,16660,-680,-1124
2026-05-25 10:26:21,16708,-664,-1092
2026-05-25 10:26:23,16708,-668,-1144
2026-05-25 10:26:25,16704,-652,-1064
2026-05-25 10:26:27,16728,-632,-1072
2026-05-25 10:26:29,16676,-580,-1080
2026-05-25 10:26:31,16680,-688,-1064
2026-05-25 10:26:33,16716,-548,-1068
2026-05-25 10:26:35,16712,-648,-1160
2026-05-25 10:26:37,16672,-648,-1184
2026-05-25 10:26:39,16652,-600,-1040
2026-05-25 10:26:41,16692,-632,-1068
2026-05-25 10:26:43,16696,-640,-1060
2026-05-25 10:26:45,16696,-644,-1180
2026-05-25 10:26:47,16724,-664,-1084
2026-05-25 10:26:49,16676,-620,-1124
2026-05-25 10:26:51,16680,-640,-1128
2026-05-25 10:26:53,16676,-632,-1108
2026-05-25 10:26:55,16680,-700,-1036
2026-05-25 10:26:57,16672,-628,-1088
2026-05-25 10:26:59,16756,-620,-1108
2026-05-25 10:27:01,16728,-648,-1096
2026-05-25 10:27:03,16644,-616,-1036
2026-05-25 10:27:05,16748,-596,-1148
2026-05-25 10:27:07,16664,-576,-1124
2026-05-25 10:27:09,16732,-580,-1020
2026-05-25 10:27:11,16692,-636,-1080
2026-05-25 10:27:13,16684,-612,-1156
2026-05-25 10:27:15,16668,-620,-1144
2026-05-25 10:27:17,16768,-664,-1116
2026-05-25 10:27:19,16696,-656,-1160
2026-05-25 10:27:21,16696,-672,-1140
2026-05-25 10:27:23,16672,-624,-1132
2026-05-25 10:27:25,16652,-656,-1136
2026-05-25 10:27:27,16736,-628,-1076
2026-05-25 10:27:29,16672,-648,-1132
2026-05-25 10:27:31,16724,-636,-1048
2026-05-25 10:27:33,16668,-632,-1080
2026-05-25 10:27:35,16676,-636,-1124
2026-05-25 10:27:37,16660,-652,-1076
2026-05-25 10:27:39,16676,-608,-1028
2026-05-25 10:27:41,16764,-696,-1148
2026-05-25 10:27:43,16668,-552,-1016
2026-05-25 10:27:45,16712,-632,-1080
2026-05-25 10:27:47,16696,-624,-1076
2026-05-25 10:27:49,16680,-664,-1100
2026-05-25 10:27:51,16636,-632,-1184
2026-05-25 10:27:53,16672,-608,-1084
2026-05-25 10:27:55,16708,-636,-1112
2026-05-25 10:27:57,16628,-652,-1048
2026-05-25 10:27:59,16640,-684,-1072
2026-05-25 10:28:01,16760,-656,-1040
2026-05-25 10:28:03,16692,-664,-1164
2026-05-25 10:28:05,16688,-688,-1076
2026-05-25 10:28:07,16724,-632,-1136
2026-05-25 10:28:09,16688,-628,-1108
2026-05-25 10:28:11,16696,-664,-1056
2026-05-25 10:28:13,16676,-668,-1052
2026-05-25 10:28:15,16716,-616,-1124
2026-05-25 10:28:17,16696,-680,-1080
2026-05-25 10:28:19,16616,-580,-1144
2026-05-25 10:28:21,16640,-576,-1156
2026-05-25 10:28:23,16672,-652,-1012
2026-05-25 10:28:25,16628,-644,-1064
2026-05-25 10:28:27,16724,-672,-1132
2026-05-25 10:28:29,16672,-652,-1124
2026-05-25 10:28:31,16660,-644,-1088
2026-05-25 10:28:33,16632,-672,-1104
2026-05-25 10:28:35,16636,-708,-1088
2026-05-25 10:28:37,16684,-696,-1148
2026-05-25 10:28:39,16672,-564,-1164
2026-05-25 10:28:41,16648,-624,-1128
2026-05-25 10:28:43,16596,-620,-1112
2026-05-25 10:28:45,16696,-708,-988
2026-05-25 10:28:47,16636,-600,-1072
2026-05-25 10:28:49,16740,-600,-1040
2026-05-25 10:28:51,16612,-628,-1104
2026-05-25 10:28:53,16676,-596,-1084
2026-05-25 10:28:55,16712,-688,-1076
2026-05-25 10:28:57,16704,-596,-1128
2026-05-25 10:28:59,16680,-700,-1156
2026-05-25 10:29:01,16732,-608,-1148
2026-05-25 10:29:03,16704,-596,-1044
2026-05-25 10:29:05,16760,-624,-1156
2026-05-25 10:29:07,16708,-648,-1072
2026-05-25 10:29:09,16664,-632,-1104
2026-05-25 10:29:11,16700,-596,-1108
2026-05-25 10:29:13,16668,-596,-1108
2026-05-25 10:29:15,16716,-632,-1092
2026-05-25 10:29:17,16692,-612,-1068
2026-05-25 10:29:19,16752,-636,-1016
2026-05-25 10:29:21,16620,-652,-1140
2026-05-25 10:29:23,16712,-584,-1040
2026-05-25 10:29:25,16684,-688,-1100
2026-05-25 10:29:27,16660,-608,-1164
2026-05-25 10:29:29,16664,-616,-1188
2026-05-25 10:29:31,16672,-632,-1044
2026-05-25 10:29:33,16720,-644,-1188
2026-05-25 10:29:35,16684,-664,-988
2026-05-25 10:29:37,16696,-620,-1064
2026-05-25 10:29:39,16660,-636,-1084
2026-05-25 10:29:41,16684,-656,-1076
2026-05-25 10:29:43,16704,-672,-1028
2026-05-25 10:29:45,16724,-632,-1156
2026-05-25 10:29:47,16704,-624,-1100
2026-05-25 10:29:49,16652,-556,-1132
2026-05-25 10:29:51,16684,-640,-1176
2026-05-25 10:29:53,16624,-608,-1096
2026-05-25 10:29:55,16652,-668,-1016
2026-05-25 10:29:57,16656,-624,-1080
2026-05-25 10:29:59,16696,-608,-1088
2026-05-25 10:30:01,16688,-704,-1128
2026-05-25 10:30:03,16748,-604,-1092
2026-05-25 10:30:05,16684,-628,-1072
2026-05-25 10:30:07,16700,-640,-1068
2026-05-25 10:30:09,16708,-660,-1104
2026-05-25 10:30:11,16704,-656,-1076
2026-05-25 10:30:13,16640,-656,-1112
2026-05-25 10:30:15,16712,-612,-1032
2026-05-25 10:30:17,16660,-632,-1104
2026-05-25 10:30:19,16728,-600,-1048
2026-05-25 10:30:21,16712,-632,-1188
2026-05-25 10:30:23,16720,-624,-1096
2026-05-25 10:30:25,16648,-696,-1196
2026-05-25 10:30:27,16664,-704,-1176
2026-05-25 10:30:29,16652,-664,-1112
2026-05-25 10:30:31,16700,-572,-1104
2026-05-25 10:30:33,16708,-676,-1124
2026-05-25 10:30:35,16696,-632,-1068
2026-05-25 10:30:37,16736,-648,-1048
2026-05-25 10:30:39,16668,-616,-1060
2026-05-25 10:30:41,16696,-636,-1096
2026-05-25 10:30:43,16688,-660,-1112
2026-05-25 10:30:45,16716,-692,-1012
2026-05-25 10:30:47,16692,-548,-1036
2026-05-25 10:30:49,16696,-632,-1184
2026-05-25 10:30:51,16656,-652,-1084
2026-05-25 10:30:53,16716,-612,-1076
2026-05-25 10:30:55,16752,-680,-1028
2026-05-25 10:30:57,16704,-632,-1088
2026-05-25 10:30:59,16704,-564,-1092
2026-05-25 10:31:01,16676,-672,-1200
2026-05-25 10:31:03,16696,-644,-1140
2026-05-25 10:31:05,16744,-620,-1020
2026-05-25 10:31:07,16700,-636,-1100
2026-05-25 10:31:09,16648,-620,-1072
2026-05-25 10:31:11,16684,-612,-1136
2026-05-25 10:31:13,16716,-616,-1104
2026-05-25 10:31:15,16696,-644,-1052
2026-05-25 10:31:17,16644,-660,-1104
2026-05-25 10:31:19,16720,-572,-1168
2026-05-25 10:31:21,16644,-672,-1084
2026-05-25 10:31:23,16664,-648,-1172
2026-05-25 10:31:25,16676,-660,-1064
2026-05-25 10:31:27,16664,-572,-1180
2026-05-25 10:31:29,16664,-704,-1116
2026-05-25 10:31:31,16712,-660,-1100
2026-05-25 10:31:33,16700,-632,-1144
2026-05-25 10:31:35,16724,-596,-1152
2026-05-25 10:31:37,16668,-744,-1076
2026-05-25 10:31:39,16724,-696,-1228
2026-05-25 10:31:41,16716,-588,-1060
2026-05-25 10:31:43,16720,-624,-1248
2026-05-25 10:31:45,16656,-648,-1140
2026-05-25 10:31:47,16656,-676,-1052
2026-05-25 10:31:49,16640,-688,-1136
2026-05-25 10:31:51,16652,-624,-1080
2026-05-25 10:31:53,16684,-624,-1148
2026-05-25 10:31:55,16700,-652,-1068
2026-05-25 10:31:57,16684,-716,-1072
2026-05-25 10:31:59,16676,-632,-1080
2026-05-25 10:32:01,16656,-636,-1096
2026-05-25 10:32:03,16760,-676,-1064
2026-05-25 10:32:05,16692,-664,-1208
2026-05-25 10:32:07,16716,-652,-1116
2026-05-25 10:32:09,16696,-644,-1124
2026-05-25 10:32:11,16680,-712,-1024
2026-05-25 10:32:13,16692,-660,-1116
2026-05-25 10:32:15,16688,-636,-1128
2026-05-25 10:32:17,16696,-640,-1184
2026-05-25 10:32:19,16700,-660,-1164
2026-05-25 10:32:21,16648,-636,-1088
2026-05-25 10:32:23,16780,-644,-1092
2026-05-25 10:32:25,16704,-616,-1220
2026-05-25 10:32:27,16716,-668,-1164
2026-05-25 10:32:29,16768,-628,-1084
2026-05-25 10:32:31,16660,-648,-1112
2026-05-25 10:32:33,16684,-588,-1124
2026-05-25 10:32:35,16668,-732,-1108
2026-05-25 10:32:37,16696,-604,-1092
2026-05-25 10:32:39,16688,-660,-1136
2026-05-25 10:32:41,16692,-592,-1192
2026-05-25 10:32:43,16644,-640,-1080
2026-05-25 10:32:45,16644,-660,-1164
2026-05-25 10:32:47,16628,-624,-1084
2026-05-25 10:32:49,16704,-652,-1116
2026-05-25 10:32:51,16728,-612,-1128
2026-05-25 10:32:53,16692,-648,-1132
2026-05-25 10:32:55,16672,-632,-1044
2026-05-25 10:32:57,16680,-640,-1124
2026-05-25 10:32:59,16684,-616,-1164
2026-05-25 10:33:01,16708,-632,-1196
2026-05-25 10:33:03,16664,-584,-1064
2026-05-25 10:33:05,16704,-644,-1092
2026-05-25 10:33:07,16676,-588,-1168
2026-05-25 10:33:09,16648,-612,-1100
2026-05-25 10:33:11,16708,-596,-1076
2026-05-25 10:33:13,16664,-628,-1084
2026-05-25 10:33:15,16696,-700,-1164
2026-05-25 10:33:17,16736,-644,-1100
2026-05-25 10:33:19,16700,-644,-1104
2026-05-25 10:33:21,16736,-588,-1020
2026-05-25 10:33:23,16676,-644,-1068
2026-05-25 10:33:25,16624,-608,-1104
2026-05-25 10:33:27,16700,-660,-1104
2026-05-25 10:33:29,16664,-592,-1188
2026-05-25 10:33:31,16676,-624,-1104
2026-05-25 10:33:33,16768,-624,-1140
2026-05-25 10:33:35,16688,-644,-1128
2026-05-25 10:33:37,16684,-592,-1120
2026-05-25 10:33:39,16712,-604,-1160
2026-05-25 10:33:41,16724,-612,-980
2026-05-25 10:33:43,16764,-600,-1064
2026-05-25 10:33:45,16676,-628,-1168
2026-05-25 10:33:47,16704,-648,-1108
2026-05-25 10:33:49,16636,-704,-1164
2026-05-25 10:33:51,16732,-600,-1120
2026-05-25 10:33:53,16664,-712,-1080
2026-05-25 10:33:55,16668,-640,-1156
2026-05-25 10:33:57,16688,-648,-1136
2026-05-25 10:33:59,16676,-616,-1148
2026-05-25 10:34:01,16700,-648,-1144
2026-05-25 10:34:03,16688,-660,-1208
2026-05-25 10:34:05,16688,-576,-1184
2026-05-25 10:34:07,16660,-624,-1108
2026-05-25 10:34:09,16704,-664,-1040
2026-05-25 10:34:11,16704,-664,-1168
2026-05-25 10:34:13,16688,-604,-1136
2026-05-25 10:34:15,16664,-648,-1088
2026-05-25 10:34:17,16676,-616,-1240
2026-05-25 10:34:19,16692,-568,-1160
2026-05-25 10:34:21,16636,-656,-1152
2026-05-25 10:34:23,16652,-652,-1072
2026-05-25 10:34:25,16660,-616,-1152
2026-05-25 10:34:27,16692,-572,-1096
2026-05-25 10:34:29,16776,-604,-1104
2026-05-25 10:34:31,16744,-644,-1056
2026-05-25 10:34:33,16716,-644,-1144
2026-05-25 10:34:35,16700,-648,-1136
2026-05-25 10:34:37,16652,-604,-1072
2026-05-25 10:34:39,16672,-624,-1032
2026-05-25 10:34:41,16696,-644,-1108
2026-05-25 10:34:43,16728,-664,-1132
2026-05-25 10:34:45,16660,-704,-1020
2026-05-25 10:34:47,16696,-652,-1076
2026-05-25 10:34:49,16684,-660,-1108
2026-05-25 10:34:51,16656,-604,-1084
2026-05-25 10:34:53,16736,-700,-1128
2026-05-25 10:34:55,16680,-628,-1012
2026-05-25 10:34:57,16700,-564,-1116
2026-05-25 10:34:59,16716,-616,-1056
2026-05-25 10:35:01,16732,-588,-1072
2026-05-25 10:35:03,16676,-596,-1080
2026-05-25 10:35:05,16728,-648,-1044
2026-05-25 10:35:07,16636,-628,-1008
2026-05-25 10:35:09,16644,-632,-1084
2026-05-25 10:35:11,16640,-684,-1092
2026-05-25 10:35:13,16696,-648,-1148
2026-05-25 10:35:15,16716,-612,-1172
2026-05-25 10:35:17,16660,-716,-1076
2026-05-25 10:35:19,16724,-604,-1100
2026-05-25 10:35:21,16692,-720,-1096
2026-05-25 10:35:23,16660,-624,-1044
2026-05-25 10:35:25,16728,-576,-984
2026-05-25 10:35:27,16708,-624,-1148
2026-05-25 10:35:29,16716,-616,-1056
2026-05-25 10:35:31,16756,-628,-1140
2026-05-25 10:35:33,16688,-496,-1128
2026-05-25 10:35:35,16668,-584,-1056
2026-05-25 10:35:37,16724,-592,-1096
2026-05-25 10:35:39,16748,-588,-1140
2026-05-25 10:35:41,16632,-612,-1096
2026-05-25 10:35:43,16708,-632,-1176
2026-05-25 10:35:45,16704,-580,-1108
2026-05-25 10:35:47,16704,-620,-1108
2026-05-25 10:35:49,16720,-604,-1048
2026-05-25 10:35:51,16712,-676,-1212
2026-05-25 10:35:53,16704,-616,-1172
2026-05-25 10:35:55,16680,-644,-1116
2026-05-25 10:35:57,16724,-652,-1124
2026-05-25 10:35:59,16744,-660,-1032
2026-05-25 10:36:01,16748,-648,-1092
2026-05-25 10:36:03,16700,-580,-1080
2026-05-25 10:36:05,16712,-576,-1112
2026-05-25 10:36:07,16736,-604,-1004
2026-05-25 10:36:09,16732,-584,-1192
2026-05-25 10:36:11,16756,-584,-1132
2026-05-25 10:36:13,16748,-664,-1144
2026-05-25 10:36:15,16596,-632,-1136
2026-05-25 10:36:17,16672,-660,-1084
2026-05-25 10:36:19,16660,-596,-1080
2026-05-25 10:36:21,16736,-592,-1160
2026-05-25 10:36:23,16636,-624,-1052
2026-05-25 10:36:25,16688,-632,-1168
2026-05-25 10:36:27,16688,-608,-1092
2026-05-25 10:36:29,16684,-624,-1188
2026-05-25 10:36:31,16628,-624,-1144
2026-05-25 10:36:33,16724,-600,-1076
2026-05-25 10:36:35,16752,-588,-1108
2026-05-25 10:36:37,16712,-632,-1124
2026-05-25 10:36:39,16656,-604,-1128
2026-05-25 10:36:41,16652,-608,-1172
2026-05-25 10:36:43,16672,-668,-1100
2026-05-25 10:36:45,16656,-584,-1052
2026-05-25 10:36:47,16712,-612,-1068
2026-05-25 10:36:49,16676,-620,-1060
2026-05-25 10:36:51,16636,-592,-1108
2026-05-25 10:36:53,16740,-616,-1140
2026-05-25 10:36:55,16708,-664,-1028
2026-05-25 10:36:57,16668,-572,-1212
2026-05-25 10:36:59,16684,-624,-1008
2026-05-25 10:37:01,16728,-676,-1084
2026-05-25 10:37:03,16696,-632,-1100
2026-05-25 10:37:05,16720,-600,-1108
2026-05-25 10:37:07,16740,-600,-1104
2026-05-25 10:37:09,16688,-652,-1060
2026-05-25 10:37:11,16732,-644,-1112
2026-05-25 10:37:13,16720,-600,-1168
2026-05-25 10:37:15,16684,-676,-1048
2026-05-25 10:37:17,16724,-672,-1080
2026-05-25 10:37:19,16704,-612,-1096
2026-05-25 10:37:21,16692,-612,-1104
2026-05-25 10:37:23,16680,-616,-1020
2026-05-25 10:37:25,16696,-656,-1140
2026-05-25 10:37:27,16640,-640,-1128
2026-05-25 10:37:29,16672,-648,-1096
2026-05-25 10:37:31,16732,-640,-1136
2026-05-25 10:37:33,16708,-608,-1152
2026-05-25 10:37:35,16672,-664,-1116
2026-05-25 10:37:37,16660,-588,-1052
2026-05-25 10:37:39,16708,-660,-1012
2026-05-25 10:37:41,16696,-608,-1192
2026-05-25 10:37:43,16696,-636,-1056
2026-05-25 10:37:45,16708,-640,-1112
2026-05-25 10:37:47,16672,-644,-1096
2026-05-25 10:37:49,16712,-672,-1056
2026-05-25 10:37:51,16708,-624,-1108
2026-05-25 10:37:53,16688,-636,-1124
2026-05-25 10:37:55,16740,-660,-1176
2026-05-25 10:37:57,16700,-664,-1144
2026-05-25 10:37:59,16696,-632,-1104
2026-05-25 10:38:01,16616,-620,-1124
2026-05-25 10:38:03,16692,-620,-1080
2026-05-25 10:38:05,16712,-608,-1096
2026-05-25 10:38:07,16668,-672,-1156
2026-05-25 10:38:09,16756,-604,-1088
2026-05-25 10:38:11,16700,-620,-1028
2026-05-25 10:38:13,16696,-644,-1132
2026-05-25 10:38:15,16664,-640,-1056
2026-05-25 10:38:17,16712,-640,-1108
2026-05-25 10:38:19,16668,-652,-1044
2026-05-25 10:38:21,16664,-568,-1060
2026-05-25 10:38:23,16676,-680,-1044
2026-05-25 10:38:25,16708,-612,-1248
2026-05-25 10:38:27,16700,-668,-1076
2026-05-25 10:38:29,16664,-536,-1192
2026-05-25 10:38:31,16624,-532,-1120
2026-05-25 10:38:33,16600,-644,-1092
2026-05-25 10:38:35,16652,-608,-1108
2026-05-25 10:38:37,16716,-620,-1192
2026-05-25 10:38:39,16712,-608,-1112
2026-05-25 10:38:41,16712,-676,-1084
2026-05-25 10:38:43,16708,-592,-1100
2026-05-25 10:38:45,16684,-580,-1140
2026-05-25 10:38:47,16744,-664,-1088
2026-05-25 10:38:49,16628,-640,-1160
2026-05-25 10:38:51,16672,-664,-1060
2026-05-25 10:38:53,16680,-628,-1072
2026-05-25 10:38:55,16672,-596,-1084
2026-05-25 10:38:57,16716,-612,-1236
2026-05-25 10:38:59,16684,-640,-1120
2026-05-25 10:39:01,16668,-660,-1132
2026-05-25 10:39:03,16728,-656,-1148
2026-05-25 10:39:05,16720,-680,-1064
2026-05-25 10:39:07,16732,-632,-1144
2026-05-25 10:39:09,16736,-588,-1116
2026-05-25 10:39:11,16720,-636,-1092
2026-05-25 10:39:13,16696,-708,-1028
2026-05-25 10:39:15,16708,-604,-1184
2026-05-25 10:39:17,16668,-612,-1076
2026-05-25 10:39:19,16716,-660,-1092
2026-05-25 10:39:21,16656,-612,-1116
2026-05-25 10:39:23,16676,-604,-1108
2026-05-25 10:39:25,16672,-636,-1140
2026-05-25 10:39:27,16712,-568,-1084
2026-05-25 10:39:29,16688,-628,-1172
2026-05-25 10:39:31,16652,-596,-1104
2026-05-25 10:39:33,16744,-612,-1072
2026-05-25 10:39:35,16700,-608,-1064
2026-05-25 10:39:37,16712,-648,-1116
2026-05-25 10:39:39,16692,-596,-1040
2026-05-25 10:39:41,16636,-612,-1148
2026-05-25 10:39:43,16632,-656,-1104
2026-05-25 10:39:45,16700,-632,-1080
2026-05-25 10:39:47,16696,-624,-1068
2026-05-25 10:39:49,16668,-612,-1116
2026-05-25 10:39:51,16708,-664,-1060
2026-05-25 10:39:53,16680,-688,-1200
2026-05-25 10:39:55,16720,-628,-1092
2026-05-25 10:39:57,16700,-596,-1080
2026-05-25 10:39:59,16688,-656,-1088
2026-05-25 10:40:01,16676,-580,-1164
2026-05-25 10:40:03,16720,-636,-1116
2026-05-25 10:40:05,16656,-648,-1112
2026-05-25 10:40:07,16720,-640,-1080
2026-05-25 10:40:09,16736,-620,-1156
2026-05-25 10:40:11,16696,-632,-1136
2026-05-25 10:40:13,16628,-564,-1140
2026-05-25 10:40:15,16660,-652,-1192
2026-05-25 10:40:17,16720,-656,-1084
2026-05-25 10:40:19,16768,-608,-1068
2026-05-25 10:40:21,16732,-564,-1056
2026-05-25 10:40:23,16700,-600,-1100
2026-05-25 10:40:25,16676,-608,-1044
2026-05-25 10:40:27,16708,-648,-1092
2026-05-25 10:40:29,16724,-652,-1180
2026-05-25 10:40:31,16640,-620,-1080
2026-05-25 10:40:33,16656,-604,-1176
2026-05-25 10:40:35,16688,-612,-1008
2026-05-25 10:40:37,16764,-600,-1104
2026-05-25 10:40:39,16764,-672,-1116
2026-05-25 10:40:41,16696,-624,-1088
2026-05-25 10:40:43,16664,-728,-1148
2026-05-25 10:40:45,16748,-620,-1132
2026-05-25 10:40:47,16724,-640,-1028
2026-05-25 10:40:49,16636,-588,-1124
2026-05-25 10:40:51,16696,-644,-1064
2026-05-25 10:40:53,16720,-608,-1012
2026-05-25 10:40:55,16668,-680,-1036
2026-05-25 10:40:57,16732,-608,-1156
2026-05-25 10:40:59,16688,-660,-1096
2026-05-25 10:41:01,16768,-660,-1096
2026-05-25 10:41:03,16768,-612,-1096
2026-05-25 10:41:05,16720,-684,-1072
2026-05-25 10:41:07,16688,-648,-1096
2026-05-25 10:41:09,16664,-620,-1060
2026-05-25 10:41:11,16692,-688,-1136
2026-05-25 10:41:13,16716,-644,-1040
2026-05-25 10:41:15,16700,-644,-1044
2026-05-25 10:41:17,16696,-652,-1144
2026-05-25 10:41:19,16716,-632,-1144
2026-05-25 10:41:21,16716,-656,-1088
2026-05-25 10:41:23,16704,-620,-1148
2026-05-25 10:41:25,16684,-528,-1104
2026-05-25 10:41:27,16640,-596,-1084
2026-05-25 10:41:29,16648,-652,-1100
2026-05-25 10:41:31,16692,-644,-1068
2026-05-25 10:41:33,16664,-624,-1172
2026-05-25 10:41:35,16704,-640,-1172
2026-05-25 10:41:37,16680,-640,-1004
2026-05-25 10:41:39,16636,-640,-1064
2026-05-25 10:41:41,16696,-668,-1116
2026-05-25 10:41:43,16700,-668,-1076
2026-05-25 10:41:45,16704,-600,-1064
2026-05-25 10:41:47,16688,-576,-1124
2026-05-25 10:41:49,16660,-624,-1136
2026-05-25 10:41:51,16640,-656,-1092
2026-05-25 10:41:53,16728,-632,-1188
2026-05-25 10:41:55,16756,-696,-1108
2026-05-25 10:41:57,16644,-668,-1188
2026-05-25 10:41:59,16692,-620,-1088
2026-05-25 10:42:01,16724,-576,-1072
2026-05-25 10:42:03,16676,-540,-1128
2026-05-25 10:42:05,16648,-612,-1060
2026-05-25 10:42:07,16716,-616,-1112
2026-05-25 10:42:09,16692,-608,-1076
2026-05-25 10:42:11,16696,-616,-1124
2026-05-25 10:42:13,16688,-628,-1072
2026-05-25 10:42:15,16740,-612,-1124
2026-05-25 10:42:17,16680,-664,-1076
2026-05-25 10:42:19,16608,-612,-1084
2026-05-25 10:42:21,16708,-552,-1112
2026-05-25 10:42:23,16716,-656,-1132
2026-05-25 10:42:25,16668,-676,-1140
2026-05-25 10:42:27,16640,-620,-1088
2026-05-25 10:42:29,16716,-660,-1068
2026-05-25 10:42:31,16628,-604,-1104
2026-05-25 10:42:33,16696,-600,-1116
2026-05-25 10:42:35,16720,-620,-1056
2026-05-25 10:42:37,16712,-680,-1068
2026-05-25 10:42:39,16716,-612,-1132
2026-05-25 10:42:41,16656,-608,-1064
2026-05-25 10:42:43,16676,-620,-1108
2026-05-25 10:42:45,16776,-632,-1176
2026-05-25 10:42:47,16720,-560,-1152
2026-05-25 10:42:49,16704,-636,-1040
2026-05-25 10:42:51,16704,-560,-1128
2026-05-25 10:42:53,16652,-668,-1160
2026-05-25 10:42:55,16628,-576,-1064
2026-05-25 10:42:57,16688,-600,-1212
2026-05-25 10:42:59,16712,-676,-1088
2026-05-25 10:43:01,16704,-648,-1164
2026-05-25 10:43:03,16720,-664,-1176
2026-05-25 10:43:05,16672,-664,-1140
2026-05-25 10:43:07,16684,-608,-1068
2026-05-25 10:43:09,16692,-656,-1092
2026-05-25 10:43:11,16688,-596,-1084
2026-05-25 10:43:13,16704,-620,-1156
2026-05-25 10:43:15,16648,-620,-1108
2026-05-25 10:43:17,16668,-616,-1088
2026-05-25 10:43:19,16712,-688,-1116
2026-05-25 10:43:21,16652,-656,-1124
2026-05-25 10:43:23,16672,-544,-984
2026-05-25 10:43:25,16720,-620,-1092
2026-05-25 10:43:27,16720,-644,-1156
2026-05-25 10:43:29,16672,-652,-1148
2026-05-25 10:43:31,16688,-676,-1156
2026-05-25 10:43:33,16656,-680,-1136
2026-05-25 10:43:35,16684,-596,-1088
2026-05-25 10:43:37,16712,-604,-1156
2026-05-25 10:43:39,16764,-780,-1144
2026-05-25 10:43:41,16684,-576,-984
2026-05-25 10:43:43,16668,-604,-1072
2026-05-25 10:43:45,16676,-676,-1128
2026-05-25 10:43:47,16696,-612,-1076
2026-05-25 10:43:49,16708,-664,-1152
2026-05-25 10:43:51,16756,-656,-1112
2026-05-25 10:43:53,16660,-656,-1116
2026-05-25 10:43:55,16700,-652,-1180
2026-05-25 10:43:57,16632,-640,-1172
2026-05-25 10:43:59,16672,-684,-1156
2026-05-25 10:44:01,16676,-640,-1108
2026-05-25 10:44:03,16696,-644,-1084
2026-05-25 10:44:05,16712,-632,-1108
2026-05-25 10:44:07,16676,-660,-1072
2026-05-25 10:44:09,16684,-600,-1068
2026-05-25 10:44:11,16676,-688,-1112
2026-05-25 10:44:13,16676,-620,-1176
2026-05-25 10:44:15,16704,-664,-1084
2026-05-25 10:44:17,16652,-616,-1208
2026-05-25 10:44:19,16708,-552,-1100
2026-05-25 10:44:21,16712,-600,-1068
2026-05-25 10:44:23,16660,-648,-1152
2026-05-25 10:44:25,16708,-656,-1092
2026-05-25 10:44:27,16680,-660,-1108
2026-05-25 10:44:29,16708,-688,-1136
2026-05-25 10:44:31,16700,-624,-1132
2026-05-25 10:44:33,16656,-676,-1068
2026-05-25 10:44:35,16716,-652,-1016
2026-05-25 10:44:37,16676,-676,-1136
2026-05-25 10:44:39,16584,-672,-1188
2026-05-25 10:44:41,16664,-640,-1076
2026-05-25 10:44:43,16636,-648,-1100
2026-05-25 10:44:45,16660,-624,-1176
2026-05-25 10:44:47,16668,-612,-1068
2026-05-25 10:44:49,16644,-660,-1204
2026-05-25 10:44:51,16704,-612,-1128
2026-05-25 10:44:53,16684,-652,-1060
2026-05-25 10:44:55,16712,-680,-1148
2026-05-25 10:44:57,16644,-608,-1200
2026-05-25 10:44:59,16712,-676,-1108
2026-05-25 10:45:01,16652,-648,-1052
2026-05-25 10:45:03,16664,-620,-1096
2026-05-25 10:45:05,16640,-616,-1108
2026-05-25 10:45:07,16676,-640,-1104
2026-05-25 10:45:09,16744,-648,-1176
2026-05-25 10:45:11,16680,-672,-1164
2026-05-25 10:45:13,16740,-664,-1172
2026-05-25 10:45:15,16728,-692,-1072
2026-05-25 10:45:17,16736,-648,-1112
2026-05-25 10:45:19,16664,-592,-1064
2026-05-25 10:45:21,16724,-660,-1092
2026-05-25 10:45:23,16716,-632,-1028
2026-05-25 10:45:25,16684,-684,-1132
2026-05-25 10:45:27,16680,-576,-1124
2026-05-25 10:45:29,16708,-556,-992
2026-05-25 10:45:31,16628,-596,-1076
2026-05-25 10:45:33,16772,-632,-1112
2026-05-25 10:45:35,16688,-672,-1080
2026-05-25 10:45:37,16752,-632,-1100
2026-05-25 10:45:39,16648,-600,-1168
2026-05-25 10:45:41,16720,-628,-1148
2026-05-25 10:45:43,16744,-656,-1112
2026-05-25 10:45:45,16708,-660,-1316
2026-05-25 10:45:47,16644,-648,-1152
2026-05-25 10:45:49,16676,-620,-1188
2026-05-25 10:45:51,16704,-648,-1196
2026-05-25 10:45:53,16720,-648,-1132
2026-05-25 10:45:55,16716,-600,-1200
2026-05-25 10:45:57,16696,-588,-1152
2026-05-25 10:45:59,16676,-724,-1108
2026-05-25 10:46:01,16692,-668,-1180
2026-05-25 10:46:03,16672,-588,-1064
2026-05-25 10:46:05,16720,-676,-1108
2026-05-25 10:46:07,16688,-712,-1220
2026-05-25 10:46:09,16684,-620,-1044
2026-05-25 10:46:11,16716,-580,-1204
2026-05-25 10:46:13,16684,-656,-1052
2026-05-25 10:46:15,16700,-560,-1120
2026-05-25 10:46:17,16732,-640,-1096
2026-05-25 10:46:19,16700,-628,-1064
2026-05-25 10:46:21,16664,-692,-1112
2026-05-25 10:46:23,16628,-612,-1068
2026-05-25 10:46:25,16716,-636,-1208
2026-05-25 10:46:27,16704,-636,-1176
2026-05-25 10:46:29,16708,-692,-1104
2026-05-25 10:46:31,16672,-656,-1116
2026-05-25 10:46:33,16664,-668,-1040
2026-05-25 10:46:35,16648,-612,-1084
2026-05-25 10:46:37,16636,-620,-1080
2026-05-25 10:46:39,16660,-640,-1056
2026-05-25 10:46:41,16704,-640,-1112
2026-05-25 10:46:43,16684,-692,-1120
2026-05-25 10:46:45,16640,-636,-1096
2026-05-25 10:46:47,16716,-652,-1180
2026-05-25 10:46:49,16732,-592,-1176
2026-05-25 10:46:51,16664,-604,-1160
2026-05-25 10:46:53,16620,-688,-1136
2026-05-25 10:46:55,16748,-608,-1132
2026-05-25 10:46:57,16672,-640,-1144
2026-05-25 10:46:59,16664,-704,-788
2026-05-25 10:47:01,16628,-680,-1100
2026-05-25 10:47:03,16684,-668,-1120
2026-05-25 10:47:05,16704,-596,-1000
2026-05-25 10:47:07,16676,-716,-1040
2026-05-25 10:47:09,16740,-624,-1148
2026-05-25 10:47:11,16696,-620,-1008
2026-05-25 10:47:13,16724,-644,-1064
2026-05-25 10:47:15,16720,-644,-1048
2026-05-25 10:47:17,16592,-636,-1192
2026-05-25 10:47:19,16716,-660,-1112
2026-05-25 10:47:21,16696,-660,-1156
2026-05-25 10:47:23,16720,-688,-1080
2026-05-25 10:47:25,16760,-704,-1152
2026-05-25 10:47:27,16680,-672,-1016
2026-05-25 10:47:29,16700,-680,-1132
2026-05-25 10:47:31,16676,-644,-1108
2026-05-25 10:47:33,16688,-668,-1048
2026-05-25 10:47:35,16624,-692,-1056
2026-05-25 10:47:37,16728,-680,-1028
2026-05-25 10:47:39,16664,-656,-1112
2026-05-25 10:47:41,16656,-632,-1172
2026-05-25 10:47:43,16680,-668,-1124
2026-05-25 10:47:45,16716,-744,-1032
2026-05-25 10:47:47,16652,-736,-1096
2026-05-25 10:47:49,16688,-664,-1132
2026-05-25 10:47:51,16700,-732,-1080
2026-05-25 10:47:53,16640,-720,-1096
2026-05-25 10:47:55,16680,-656,-1096
2026-05-25 10:47:57,16736,-676,-1044
2026-05-25 10:47:59,16700,-600,-1108
2026-05-25 10:48:01,16708,-744,-1056
2026-05-25 10:48:03,16688,-664,-1100
2026-05-25 10:48:05,16744,-720,-1076
2026-05-25 10:48:07,16696,-692,-1132
2026-05-25 10:48:09,16668,-704,-1092
2026-05-25 10:48:11,16700,-676,-1052
2026-05-25 10:48:13,16684,-612,-1136
2026-05-25 10:48:15,16696,-664,-1140
2026-05-25 10:48:17,16668,-688,-1188
2026-05-25 10:48:19,16728,-684,-1132
2026-05-25 10:48:21,16636,-764,-1024
2026-05-25 10:48:23,16664,-644,-1092
2026-05-25 10:48:25,16696,-700,-1092
2026-05-25 10:48:27,16652,-668,-1152
2026-05-25 10:48:29,16720,-756,-1088
2026-05-25 10:48:31,16684,-700,-1116
2026-05-25 10:48:33,16804,-704,-1060
2026-05-25 10:48:35,16684,-644,-1024
2026-05-25 10:48:37,16728,-660,-1124
2026-05-25 10:48:39,16752,-640,-1044
2026-05-25 10:48:41,16720,-700,-1076
2026-05-25 10:48:43,16636,-676,-1056
2026-05-25 10:48:45,16672,-632,-1064
2026-05-25 10:48:47,16684,-656,-1184
2026-05-25 10:48:49,16692,-668,-1168
2026-05-25 10:48:51,16704,-684,-1148
2026-05-25 10:48:53,16780,-580,-1144
2026-05-25 10:48:55,16628,-688,-1064
2026-05-25 10:48:57,16736,-668,-1072
2026-05-25 10:48:59,16704,-660,-1132
2026-05-25 10:49:01,16720,-712,-1112
2026-05-25 10:49:03,16684,-708,-1060
2026-05-25 10:49:05,16600,-676,-1124
2026-05-25 10:49:07,16680,-676,-1064
2026-05-25 10:49:09,16728,-664,-1068
2026-05-25 10:49:11,16656,-656,-1112
2026-05-25 10:49:13,16704,-672,-1044
2026-05-25 10:49:15,16680,-668,-1152
2026-05-25 10:49:17,16696,-636,-1068
2026-05-25 10:49:19,16680,-596,-1128
2026-05-25 10:49:21,16720,-704,-1160
2026-05-25 10:49:23,16768,-732,-1148
2026-05-25 10:49:25,16652,-656,-1216
2026-05-25 10:49:27,16724,-688,-1076
2026-05-25 10:49:29,16704,-640,-1112
2026-05-25 10:49:31,16684,-652,-1128
2026-05-25 10:49:33,16740,-656,-992
2026-05-25 10:49:35,16748,-672,-1032
2026-05-25 10:49:37,16680,-708,-1080
2026-05-25 10:49:39,16656,-692,-1120
2026-05-25 10:49:41,16740,-648,-1100
2026-05-25 10:49:43,16640,-700,-1080
2026-05-25 10:49:45,16664,-692,-1132
2026-05-25 10:49:47,16644,-632,-1160
2026-05-25 10:49:49,16712,-708,-1052
2026-05-25 10:49:51,16700,-688,-1128
2026-05-25 10:49:53,16656,-732,-1184
2026-05-25 10:49:55,16656,-700,-1096
2026-05-25 10:49:57,16720,-672,-1140
2026-05-25 10:49:59,16688,-680,-1096
2026-05-25 10:50:01,16660,-632,-1088
2026-05-25 10:50:03,16688,-696,-1076
2026-05-25 10:50:05,16672,-652,-1072
2026-05-25 10:50:07,16704,-704,-1044
2026-05-25 10:50:09,16728,-708,-1100
2026-05-25 10:50:11,16732,-684,-1220
2026-05-25 10:50:13,16644,-680,-1096
2026-05-25 10:50:15,16704,-688,-1180
2026-05-25 10:50:17,16692,-688,-1100
2026-05-25 10:50:19,16632,-700,-1132
2026-05-25 10:50:21,16664,-664,-1060
2026-05-25 10:50:23,16688,-612,-1100
2026-05-25 10:50:25,16728,-684,-1060
2026-05-25 10:50:27,16612,-716,-1172
2026-05-25 10:50:29,16704,-688,-1080
2026-05-25 10:50:31,16720,-624,-1112
2026-05-25 10:50:33,16628,-628,-1104
2026-05-25 10:50:35,16684,-652,-1100
2026-05-25 10:50:37,16700,-716,-1004
2026-05-25 10:50:39,16700,-680,-1092
2026-05-25 10:50:41,16648,-664,-1088
2026-05-25 10:50:43,16732,-636,-1188
2026-05-25 10:50:45,16752,-628,-1056
2026-05-25 10:50:47,16688,-672,-1056
2026-05-25 10:50:49,16696,-664,-1112
2026-05-25 10:50:51,16692,-648,-1200
2026-05-25 10:50:53,16664,-744,-1076
2026-05-25 10:50:55,16684,-624,-1144
2026-05-25 10:50:57,16620,-596,-1224
2026-05-25 10:50:59,16656,-740,-1012
2026-05-25 10:51:01,16700,-624,-1056
2026-05-25 10:51:03,16644,-716,-1152
2026-05-25 10:51:05,16680,-624,-1120
2026-05-25 10:51:07,16700,-628,-1116
2026-05-25 10:51:09,16644,-700,-1180
2026-05-25 10:51:11,16636,-696,-1064
2026-05-25 10:51:13,16724,-696,-1132
2026-05-25 10:51:15,16612,-656,-1168
2026-05-25 10:51:17,16688,-664,-1120
2026-05-25 10:51:19,16652,-636,-1288
2026-05-25 10:51:21,16644,-664,-1128
2026-05-25 10:51:23,16708,-668,-1120
2026-05-25 10:51:25,16736,-660,-1084
2026-05-25 10:51:27,16676,-672,-1124
2026-05-25 10:51:29,16760,-680,-1152
2026-05-25 10:51:31,16680,-724,-1148
2026-05-25 10:51:33,16668,-692,-1044
2026-05-25 10:51:35,16660,-648,-1064
2026-05-25 10:51:37,16700,-624,-1040
2026-05-25 10:51:39,16640,-624,-1048
2026-05-25 10:51:41,16688,-636,-1148
2026-05-25 10:51:43,16752,-668,-1160
2026-05-25 10:51:45,16592,-648,-1180
2026-05-25 10:51:47,16672,-580,-1092
2026-05-25 10:51:49,16700,-640,-1056
2026-05-25 10:51:51,16708,-632,-1160
2026-05-25 10:51:53,16736,-648,-1064
2026-05-25 10:51:55,16712,-692,-988
2026-05-25 10:51:57,16636,-648,-1132
2026-05-25 10:51:59,16700,-676,-1132
2026-05-25 10:52:01,16676,-668,-1116
2026-05-25 10:52:03,16660,-612,-1072
2026-05-25 10:52:05,16764,-620,-1136
2026-05-25 10:52:07,16680,-644,-1172
2026-05-25 10:52:09,16636,-652,-1180
2026-05-25 10:52:11,16688,-732,-1120
2026-05-25 10:52:13,16676,-708,-1080
2026-05-25 10:52:15,16668,-728,-1136
2026-05-25 10:52:17,16676,-692,-1088
2026-05-25 10:52:19,16724,-692,-1156
2026-05-25 10:52:21,16616,-648,-1128
2026-05-25 10:52:23,16700,-688,-1140
2026-05-25 10:52:25,16640,-672,-1044
2026-05-25 10:52:27,16700,-640,-1068
2026-05-25 10:52:29,16744,-660,-1104
2026-05-25 10:52:31,16696,-668,-1076
2026-05-25 10:52:33,16636,-680,-1032
2026-05-25 10:52:35,16648,-744,-1076
2026-05-25 10:52:37,16648,-664,-1172
2026-05-25 10:52:39,16724,-704,-1088
2026-05-25 10:52:41,16720,-684,-1080
2026-05-25 10:52:43,16724,-652,-1108
2026-05-25 10:52:45,16652,-616,-1180
2026-05-25 10:52:47,16680,-664,-1124
2026-05-25 10:52:49,16680,-704,-1116
2026-05-25 10:52:51,16700,-680,-1076
2026-05-25 10:52:53,16664,-640,-1144
2026-05-25 10:52:55,16724,-656,-1100
2026-05-25 10:52:57,16668,-624,-1068
2026-05-25 10:52:59,16688,-680,-1092
2026-05-25 10:53:01,16692,-656,-1088
2026-05-25 10:53:03,16724,-664,-1108
2026-05-25 10:53:05,16692,-636,-1072
2026-05-25 10:53:07,16732,-612,-1152
2026-05-25 10:53:09,16700,-688,-1076
2026-05-25 10:53:11,16728,-672,-1276
2026-05-25 10:53:13,16668,-660,-1100
2026-05-25 10:53:15,16688,-628,-1144
2026-05-25 10:53:17,16700,-636,-1000
2026-05-25 10:53:19,16688,-664,-1112
2026-05-25 10:53:21,16708,-660,-1096
2026-05-25 10:53:23,16688,-692,-1064
2026-05-25 10:53:25,16736,-612,-1140
2026-05-25 10:53:27,16736,-640,-1024
2026-05-25 10:53:29,16704,-700,-1104
2026-05-25 10:53:31,16720,-668,-1092
2026-05-25 10:53:33,16736,-660,-1200
2026-05-25 10:53:35,16664,-656,-1180
2026-05-25 10:53:37,16664,-676,-1176
2026-05-25 10:53:39,16620,-664,-1076
2026-05-25 10:53:41,16740,-616,-1076
2026-05-25 10:53:43,16632,-704,-1068
2026-05-25 10:53:45,16736,-680,-1128
2026-05-25 10:53:47,16668,-652,-1224
2026-05-25 10:53:49,16692,-688,-1048
2026-05-25 10:53:51,16696,-636,-1092
2026-05-25 10:53:53,16704,-660,-1088
2026-05-25 10:53:55,16728,-640,-1140
2026-05-25 10:53:57,16688,-660,-1068
2026-05-25 10:53:59,16756,-592,-1132
2026-05-25 10:54:01,16632,-652,-1024
2026-05-25 10:54:03,16720,-672,-1116
2026-05-25 10:54:05,16680,-696,-1084
2026-05-25 10:54:07,16684,-704,-1032
2026-05-25 10:54:09,16660,-664,-1028
2026-05-25 10:54:11,16716,-636,-1140
2026-05-25 10:54:13,16704,-612,-1128
2026-05-25 10:54:15,16680,-680,-1032
2026-05-25 10:54:17,16720,-660,-1072
2026-05-25 10:54:19,16660,-684,-1096
2026-05-25 10:54:21,16732,-644,-1012
2026-05-25 10:54:23,16744,-672,-1088
2026-05-25 10:54:25,16616,-680,-1056
2026-05-25 10:54:27,16720,-708,-1152
2026-05-25 10:54:29,16652,-664,-1120
2026-05-25 10:54:31,16736,-668,-1124
2026-05-25 10:54:33,16728,-692,-1080
2026-05-25 10:54:35,16680,-688,-1016
2026-05-25 10:54:37,16700,-668,-1188
2026-05-25 10:54:39,16652,-676,-1080
2026-05-25 10:54:41,16688,-648,-1128
2026-05-25 10:54:43,16632,-628,-1140
2026-05-25 10:54:45,16744,-668,-1000
2026-05-25 10:54:47,16736,-664,-1140
2026-05-25 10:54:49,16724,-640,-1156
2026-05-25 10:54:51,16640,-656,-1136
2026-05-25 10:54:53,16648,-644,-1104
2026-05-25 10:54:55,16688,-712,-1040
2026-05-25 10:54:57,16700,-616,-1024
2026-05-25 10:54:59,16736,-716,-1164
2026-05-25 10:55:01,16644,-620,-1144
2026-05-25 10:55:03,16708,-672,-1076
2026-05-25 10:55:05,16688,-620,-1068
2026-05-25 10:55:07,16720,-676,-1024
2026-05-25 10:55:09,16700,-688,-1148
2026-05-25 10:55:11,16648,-700,-1152
2026-05-25 10:55:13,16692,-628,-1072
2026-05-25 10:55:15,16692,-704,-1044
2026-05-25 10:55:17,16680,-664,-1224
2026-05-25 10:55:19,16712,-652,-1124
2026-05-25 10:55:21,16628,-696,-1100
2026-05-25 10:55:23,16720,-672,-1156
2026-05-25 10:55:25,16676,-644,-1004
2026-05-25 10:55:27,16684,-680,-1124
2026-05-25 10:55:29,16728,-612,-1124
2026-05-25 10:55:31,16676,-636,-1092
2026-05-25 10:55:33,16704,-664,-1112
2026-05-25 10:55:35,16700,-672,-1236
2026-05-25 10:55:37,16736,-684,-1088
2026-05-25 10:55:39,16656,-596,-1060
2026-05-25 10:55:41,16720,-660,-1084
2026-05-25 10:55:43,16672,-680,-1172
2026-05-25 10:55:45,16752,-672,-1076
2026-05-25 10:55:47,16676,-624,-1076
2026-05-25 10:55:49,16744,-672,-1056
2026-05-25 10:55:51,16684,-640,-1168
2026-05-25 10:55:53,16724,-668,-1100
2026-05-25 10:55:55,16756,-644,-1148
2026-05-25 10:55:57,16644,-636,-956
2026-05-25 10:55:59,16648,-648,-1120
2026-05-25 10:56:01,16708,-688,-1212
2026-05-25 10:56:03,16648,-656,-1144
2026-05-25 10:56:05,16720,-668,-1148
2026-05-25 10:56:07,16712,-664,-1172
2026-05-25 10:56:09,16724,-632,-1160
2026-05-25 10:56:11,16716,-680,-1076
2026-05-25 10:56:13,16692,-640,-1080
2026-05-25 10:56:15,16708,-672,-1152
2026-05-25 10:56:17,16628,-656,-1048
2026-05-25 10:56:19,16732,-636,-1048
2026-05-25 10:56:21,16668,-664,-1136
2026-05-25 10:56:23,16692,-680,-1184
2026-05-25 10:56:25,16664,-688,-1028
2026-05-25 10:56:27,16696,-680,-1192
2026-05-25 10:56:29,16692,-700,-1032
2026-05-25 10:56:31,16644,-640,-1128
2026-05-25 10:56:33,16692,-648,-1088
2026-05-25 10:56:35,16716,-608,-1120
2026-05-25 10:56:37,16688,-624,-1116
2026-05-25 10:56:39,16648,-588,-1060
2026-05-25 10:56:41,16612,-652,-1080
2026-05-25 10:56:43,16668,-676,-1112
2026-05-25 10:56:45,16636,-656,-1048
2026-05-25 10:56:47,16696,-732,-900
2026-05-25 10:56:49,16636,-644,-1016
2026-05-25 10:56:51,16696,-688,-1104
2026-05-25 10:56:53,16744,-660,-1116
2026-05-25 10:56:55,16736,-724,-1136
2026-05-25 10:56:57,16648,-632,-1216
2026-05-25 10:56:59,16692,-636,-1144
2026-05-25 10:57:01,16676,-680,-1064
2026-05-25 10:57:03,16716,-664,-1172
2026-05-25 10:57:05,16640,-676,-1088
2026-05-25 10:57:07,16668,-608,-1072
2026-05-25 10:57:09,16668,-716,-1140
2026-05-25 10:57:11,16700,-700,-1064
2026-05-25 10:57:13,16680,-668,-1012
2026-05-25 10:57:15,16708,-628,-1088
2026-05-25 10:57:17,16684,-676,-1064
2026-05-25 10:57:19,16680,-656,-1024
2026-05-25 10:57:21,16660,-604,-1056
2026-05-25 10:57:23,16672,-744,-1156
2026-05-25 10:57:25,16728,-632,-1136
2026-05-25 10:57:27,16680,-660,-1168
2026-05-25 10:57:29,16700,-588,-1060
2026-05-25 10:57:31,16684,-652,-1080
2026-05-25 10:57:33,16724,-616,-1164
2026-05-25 10:57:35,16748,-680,-1112
2026-05-25 10:57:37,16700,-684,-1080
2026-05-25 10:57:39,16684,-596,-1100
2026-05-25 10:57:41,16664,-672,-1072
2026-05-25 10:57:43,16676,-660,-1008
2026-05-25 10:57:45,16628,-656,-1052
2026-05-25 10:57:47,16700,-588,-1116
2026-05-25 10:57:49,16652,-708,-1048
2026-05-25 10:57:51,16708,-720,-1108
2026-05-25 10:57:53,16692,-656,-980
2026-05-25 10:57:55,16720,-680,-1136
2026-05-25 10:57:57,16680,-660,-1068
2026-05-25 10:57:59,16680,-688,-1056
2026-05-25 10:58:01,16780,-620,-1132
2026-05-25 10:58:03,16664,-640,-1104
2026-05-25 10:58:05,16644,-672,-1076
2026-05-25 10:58:07,16748,-596,-1148
2026-05-25 10:58:09,16696,-636,-1096
2026-05-25 10:58:11,16688,-696,-1120
2026-05-25 10:58:13,16700,-588,-1040
2026-05-25 10:58:15,16604,-648,-1164
2026-05-25 10:58:17,16664,-680,-1128
2026-05-25 10:58:19,16672,-620,-1120
2026-05-25 10:58:21,16692,-680,-1120
2026-05-25 10:58:23,16680,-716,-1176
2026-05-25 10:58:25,16692,-708,-1164
2026-05-25 10:58:27,16728,-652,-1176
2026-05-25 10:58:29,16744,-636,-1140
2026-05-25 10:58:31,16756,-632,-1144
2026-05-25 10:58:33,16692,-684,-1064
2026-05-25 10:58:35,16660,-676,-1092
2026-05-25 10:58:37,16728,-708,-1116
2026-05-25 10:58:39,16728,-712,-1164
2026-05-25 10:58:41,16704,-712,-1080
2026-05-25 10:58:43,16668,-656,-1124
2026-05-25 10:58:45,16700,-620,-1236
2026-05-25 10:58:47,16700,-680,-1136
2026-05-25 10:58:49,16676,-668,-1108
2026-05-25 10:58:51,16684,-604,-1164
2026-05-25 10:58:53,16692,-684,-1120
2026-05-25 10:58:55,16676,-696,-1112
2026-05-25 10:58:57,16676,-636,-1112
2026-05-25 10:58:59,16620,-660,-1064
2026-05-25 10:59:01,16676,-624,-1112
2026-05-25 10:59:03,16700,-672,-1084
2026-05-25 10:59:05,16688,-696,-1096
2026-05-25 10:59:07,16668,-632,-1132
2026-05-25 10:59:09,16676,-636,-1060
2026-05-25 10:59:11,16680,-660,-1188
2026-05-25 10:59:13,16680,-692,-1024
2026-05-25 10:59:15,16700,-652,-1092
2026-05-25 10:59:17,16624,-768,-1172
2026-05-25 10:59:19,16724,-640,-1092
2026-05-25 10:59:21,16668,-664,-1076
2026-05-25 10:59:23,16668,-648,-1132
2026-05-25 10:59:25,16664,-652,-1072
2026-05-25 10:59:27,16684,-660,-1084
2026-05-25 10:59:29,16708,-620,-1068
2026-05-25 10:59:31,16732,-648,-1032
2026-05-25 10:59:33,16660,-624,-1068
2026-05-25 10:59:35,16728,-616,-1168
2026-05-25 10:59:37,16688,-656,-1112
2026-05-25 10:59:39,16648,-716,-1084
2026-05-25 10:59:41,16664,-604,-1100
2026-05-25 10:59:43,16656,-712,-1124
2026-05-25 10:59:45,16776,-640,-1116
2026-05-25 10:59:47,16728,-640,-1092
2026-05-25 10:59:49,16696,-740,-1072
2026-05-25 10:59:51,16648,-672,-1128
2026-05-25 10:59:53,16664,-616,-1068
2026-05-25 10:59:55,16752,-656,-1208
2026-05-25 10:59:57,16704,-712,-1160
2026-05-25 10:59:59,16676,-620,-1080
2026-05-25 11:00:01,16640,-684,-1132
2026-05-25 11:00:03,16752,-688,-1088
2026-05-25 11:00:05,16680,-688,-1088
2026-05-25 11:00:07,16656,-648,-1168
2026-05-25 11:00:09,16672,-660,-1052
2026-05-25 11:00:11,16712,-684,-1160
2026-05-25 11:00:13,16696,-572,-1080
2026-05-25 11:00:15,16708,-632,-1020
2026-05-25 11:00:17,16672,-616,-1060
2026-05-25 11:00:19,16704,-600,-1056
2026-05-25 11:00:21,16716,-648,-1164
2026-05-25 11:00:23,16708,-664,-1080
2026-05-25 11:00:25,16692,-628,-1064
2026-05-25 11:00:27,16656,-616,-1124
2026-05-25 11:00:29,16728,-668,-1092
2026-05-25 11:00:31,16672,-724,-1128
2026-05-25 11:00:33,16704,-644,-1144
2026-05-25 11:00:35,16700,-656,-1132
2026-05-25 11:00:37,16728,-644,-1112
2026-05-25 11:00:39,16768,-676,-1140
2026-05-25 11:00:41,16712,-648,-1056
2026-05-25 11:00:43,16772,-704,-1152
2026-05-25 11:00:45,16656,-620,-1028
2026-05-25 11:00:47,16728,-716,-1144
2026-05-25 11:00:49,16696,-680,-1176
2026-05-25 11:00:51,16672,-704,-1088
2026-05-25 11:00:53,16700,-660,-1204
2026-05-25 11:00:55,16644,-676,-1124
2026-05-25 11:00:57,16708,-688,-1124
2026-05-25 11:00:59,16688,-680,-1076
2026-05-25 11:01:01,16688,-724,-1120
2026-05-25 11:01:03,16672,-644,-1104
2026-05-25 11:01:05,16656,-624,-1096
2026-05-25 11:01:07,16700,-636,-1112
2026-05-25 11:01:09,16736,-636,-1100
2026-05-25 11:01:11,16748,-668,-1188
2026-05-25 11:01:13,16664,-604,-1112
2026-05-25 11:01:15,16692,-664,-1148
2026-05-25 11:01:17,16692,-640,-1168
2026-05-25 11:01:19,16660,-712,-1156
2026-05-25 11:01:21,16712,-600,-1096
2026-05-25 11:01:23,16652,-628,-1084
2026-05-25 11:01:25,16664,-596,-1132
2026-05-25 11:01:27,16716,-628,-1116
2026-05-25 11:01:29,16620,-644,-1192
2026-05-25 11:01:31,16676,-740,-1112
2026-05-25 11:01:33,16648,-732,-1152
2026-05-25 11:01:35,16652,-704,-1076
2026-05-25 11:01:37,16720,-652,-1096
2026-05-25 11:01:39,16660,-612,-1060
2026-05-25 11:01:41,16744,-704,-1200
2026-05-25 11:01:43,16692,-720,-1156
2026-05-25 11:01:45,16668,-668,-1056
2026-05-25 11:01:47,16688,-660,-1108
2026-05-25 11:01:49,16688,-604,-1128
2026-05-25 11:01:51,16720,-720,-1124
2026-05-25 11:01:53,16656,-628,-1116
2026-05-25 11:01:55,16680,-708,-1064
2026-05-25 11:01:57,16692,-692,-1124
2026-05-25 11:01:59,16672,-640,-1120
2026-05-25 11:02:01,16676,-708,-1168
2026-05-25 11:02:03,16648,-688,-1112
2026-05-25 11:02:05,16692,-604,-1120
2026-05-25 11:02:07,16744,-656,-1104
2026-05-25 11:02:09,16724,-736,-1048
2026-05-25 11:02:11,16696,-664,-1160
2026-05-25 11:02:13,16748,-700,-1084
2026-05-25 11:02:15,16700,-676,-1104
2026-05-25 11:02:17,16640,-672,-1140
2026-05-25 11:02:19,16668,-636,-1176
2026-05-25 11:02:21,16692,-680,-1024
2026-05-25 11:02:23,16680,-624,-1204
2026-05-25 11:02:25,16724,-672,-1104
2026-05-25 11:02:27,16712,-616,-1112
2026-05-25 11:02:29,16640,-664,-1100
2026-05-25 11:02:31,16716,-640,-1180
2026-05-25 11:02:33,16620,-652,-1088
2026-05-25 11:02:35,16716,-672,-1144
2026-05-25 11:02:37,16676,-612,-1232
2026-05-25 11:02:39,16700,-708,-1108
2026-05-25 11:02:41,16660,-584,-1080
2026-05-25 11:02:43,16744,-700,-1132
2026-05-25 11:02:45,16684,-668,-1132
2026-05-25 11:02:47,16728,-716,-1152
2026-05-25 11:02:49,16704,-688,-1188
2026-05-25 11:02:51,16660,-660,-1084
2026-05-25 11:02:53,16724,-668,-1144
2026-05-25 11:02:55,16692,-588,-1100
2026-05-25 11:02:57,16632,-652,-1136
2026-05-25 11:02:59,16688,-632,-1116
2026-05-25 11:03:01,16644,-728,-1076
2026-05-25 11:03:03,16748,-724,-1140
2026-05-25 11:03:05,16700,-664,-1132
2026-05-25 11:03:07,16716,-660,-1088
2026-05-25 11:03:09,16708,-708,-1084
2026-05-25 11:03:11,16704,-640,-1136
2026-05-25 11:03:13,16660,-732,-1000
2026-05-25 11:03:15,16664,-700,-1200
2026-05-25 11:03:17,16684,-620,-1208
2026-05-25 11:03:19,16676,-660,-1096
2026-05-25 11:03:21,16712,-660,-1084
2026-05-25 11:03:23,16720,-692,-1104
2026-05-25 11:03:25,16712,-652,-1100
2026-05-25 11:03:27,16732,-704,-1104
2026-05-25 11:03:29,16712,-612,-976
2026-05-25 11:03:31,16696,-656,-1052
2026-05-25 11:03:33,16732,-640,-1152
2026-05-25 11:03:35,16728,-612,-1096
2026-05-25 11:03:37,16688,-640,-1044
2026-05-25 11:03:39,16708,-652,-1128
2026-05-25 11:03:41,16680,-692,-1080
2026-05-25 11:03:43,16732,-672,-1208
2026-05-25 11:03:45,16648,-640,-1156
2026-05-25 11:03:47,16708,-660,-1064
2026-05-25 11:03:49,16660,-720,-1080
2026-05-25 11:03:51,16744,-672,-1104
2026-05-25 11:03:53,16760,-640,-1136
2026-05-25 11:03:55,16708,-620,-1064
2026-05-25 11:03:57,16664,-632,-1104
2026-05-25 11:03:59,16696,-672,-1052
2026-05-25 11:04:01,16616,-656,-1056
2026-05-25 11:04:03,16644,-632,-1152
2026-05-25 11:04:05,16708,-696,-1156
2026-05-25 11:04:07,16712,-636,-1152
2026-05-25 11:04:09,16688,-592,-1160
2026-05-25 11:04:11,16640,-636,-1132
2026-05-25 11:04:13,16704,-644,-1184
2026-05-25 11:04:15,16732,-652,-1128
2026-05-25 11:04:17,16668,-696,-1100
2026-05-25 11:04:19,16656,-660,-1040
2026-05-25 11:04:21,16748,-632,-1108
2026-05-25 11:04:23,16664,-600,-1168
2026-05-25 11:04:25,16628,-640,-1092
2026-05-25 11:04:27,16668,-616,-1092
2026-05-25 11:04:29,16660,-680,-1112
2026-05-25 11:04:31,16732,-616,-1072
2026-05-25 11:04:33,16696,-612,-1148
2026-05-25 11:04:35,16672,-716,-1132
2026-05-25 11:04:37,16676,-660,-1212
2026-05-25 11:04:39,16720,-716,-1160
2026-05-25 11:04:41,16676,-632,-1048
2026-05-25 11:04:43,16708,-652,-1112
2026-05-25 11:04:45,16720,-612,-1144
2026-05-25 11:04:47,16636,-712,-1200
2026-05-25 11:04:49,16712,-740,-1088
2026-05-25 11:04:51,16660,-652,-1080
2026-05-25 11:04:53,16688,-608,-1080
2026-05-25 11:04:55,16656,-708,-1024
2026-05-25 11:04:57,16684,-680,-1124
2026-05-25 11:04:59,16704,-668,-1116
2026-05-25 11:05:01,16720,-696,-1056
2026-05-25 11:05:03,16772,-656,-1060
2026-05-25 11:05:05,16700,-632,-1156
2026-05-25 11:05:07,16676,-636,-1084
2026-05-25 11:05:09,16700,-624,-1068
2026-05-25 11:05:11,16652,-696,-1200
2026-05-25 11:05:13,16744,-684,-1100
2026-05-25 11:05:15,16672,-656,-1072
2026-05-25 11:05:17,16672,-660,-1044
2026-05-25 11:05:19,16700,-680,-1084
2026-05-25 11:05:21,16708,-660,-1064
2026-05-25 11:05:23,16708,-692,-1108
2026-05-25 11:05:25,16728,-632,-1148
2026-05-25 11:05:27,16724,-668,-1116
2026-05-25 11:05:29,16740,-688,-1052
2026-05-25 11:05:31,16756,-660,-1092
2026-05-25 11:05:33,16720,-664,-1072
2026-05-25 11:05:35,16776,-712,-1120
2026-05-25 11:05:37,16700,-636,-1084
2026-05-25 11:05:39,16724,-588,-1088
2026-05-25 11:05:41,16712,-704,-1140
2026-05-25 11:05:43,16700,-652,-1084
2026-05-25 11:05:45,16664,-620,-1084
2026-05-25 11:05:47,16796,-636,-1016
2026-05-25 11:05:49,16636,-632,-1100
2026-05-25 11:05:51,16668,-648,-1060
2026-05-25 11:05:53,16644,-664,-1088
2026-05-25 11:05:55,16732,-688,-1032
2026-05-25 11:05:57,16724,-664,-1052
2026-05-25 11:05:59,16672,-704,-1116
2026-05-25 11:06:01,16748,-656,-1108
2026-05-25 11:06:03,16688,-656,-1112
2026-05-25 11:06:05,16696,-684,-1100
2026-05-25 11:06:07,16672,-620,-1108
2026-05-25 11:06:09,16736,-676,-1044
2026-05-25 11:06:11,16656,-712,-1060
2026-05-25 11:06:13,16720,-664,-992
2026-05-25 11:06:15,16696,-648,-1196
2026-05-25 11:06:17,16668,-692,-1044
2026-05-25 11:06:19,16704,-688,-1080
2026-05-25 11:06:21,16724,-664,-1088
2026-05-25 11:06:23,16648,-660,-1120
2026-05-25 11:06:25,16708,-636,-1156
2026-05-25 11:06:27,16752,-656,-1056
2026-05-25 11:06:29,16652,-628,-1108
2026-05-25 11:06:31,16752,-720,-1072
2026-05-25 11:06:33,16712,-660,-1180
2026-05-25 11:06:35,16716,-636,-1136
2026-05-25 11:06:37,16748,-724,-1132
2026-05-25 11:06:39,16704,-700,-1124
2026-05-25 11:06:41,16672,-624,-1124
2026-05-25 11:06:43,16688,-632,-1024
2026-05-25 11:06:45,16696,-644,-1040
2026-05-25 11:06:47,16684,-664,-1084
2026-05-25 11:06:49,16760,-684,-1120
2026-05-25 11:06:51,16700,-684,-1212
2026-05-25 11:06:53,16700,-640,-1000
2026-05-25 11:06:55,16720,-680,-1100
2026-05-25 11:06:57,16688,-640,-1068
2026-05-25 11:06:59,16708,-648,-992
2026-05-25 11:07:01,16684,-688,-1044
2026-05-25 11:07:03,16616,-672,-1144
2026-05-25 11:07:05,16708,-656,-1236
2026-05-25 11:07:07,16728,-724,-1056
2026-05-25 11:07:09,16680,-644,-1104
2026-05-25 11:07:11,16628,-652,-1104
2026-05-25 11:07:13,16696,-716,-1112
2026-05-25 11:07:15,16688,-652,-1204
2026-05-25 11:07:17,16728,-688,-1196
2026-05-25 11:07:19,16772,-668,-1168
2026-05-25 11:07:21,16728,-708,-1120
2026-05-25 11:07:23,16672,-648,-1160
2026-05-25 11:07:25,16676,-644,-1172
2026-05-25 11:07:27,16688,-764,-1132
2026-05-25 11:07:29,16680,-596,-1080
2026-05-25 11:07:31,16712,-692,-1196
2026-05-25 11:07:33,16676,-700,-1224
2026-05-25 11:07:35,16632,-712,-1060
2026-05-25 11:07:37,16708,-624,-1036
2026-05-25 11:07:39,16672,-664,-1164
2026-05-25 11:07:41,16764,-656,-1088
2026-05-25 11:07:43,16648,-660,-1068
2026-05-25 11:07:45,16632,-752,-1184
2026-05-25 11:07:47,16652,-664,-1112
2026-05-25 11:07:49,16708,-544,-1212
2026-05-25 11:07:51,16684,-660,-1184
2026-05-25 11:07:53,16700,-636,-1196
2026-05-25 11:07:55,16636,-664,-1224
2026-05-25 11:07:57,16648,-620,-1168
2026-05-25 11:07:59,16708,-612,-1176
2026-05-25 11:08:01,16720,-616,-1288
2026-05-25 11:08:03,16696,-612,-1120
2026-05-25 11:08:05,16680,-588,-1116
2026-05-25 11:08:07,16740,-640,-1116
2026-05-25 11:08:09,16716,-612,-1052
2026-05-25 11:08:11,16660,-572,-1256
2026-05-25 11:08:13,16620,-560,-1192
2026-05-25 11:08:15,16672,-660,-1212
2026-05-25 11:08:17,16720,-700,-1128
2026-05-25 11:08:19,16696,-624,-1244
2026-05-25 11:08:21,16708,-572,-1144
2026-05-25 11:08:23,16676,-620,-1124
2026-05-25 11:08:25,16676,-636,-1200
2026-05-25 11:08:27,16740,-604,-1020
2026-05-25 11:08:29,16732,-620,-1204
2026-05-25 11:08:31,16652,-636,-1080
2026-05-25 11:08:33,16716,-596,-1164
2026-05-25 11:08:35,16680,-652,-1092
2026-05-25 11:08:37,16680,-696,-1088
2026-05-25 11:08:39,16716,-632,-1200
2026-05-25 11:08:41,16712,-648,-1124
2026-05-25 11:08:43,16692,-596,-1136
2026-05-25 11:08:45,16744,-660,-1164
2026-05-25 11:08:47,16748,-600,-1164
2026-05-25 11:08:49,16640,-612,-1092
2026-05-25 11:08:51,16716,-604,-1244
2026-05-25 11:08:53,16680,-632,-1060
2026-05-25 11:08:55,16656,-676,-1116
2026-05-25 11:08:57,16712,-632,-1104
2026-05-25 11:08:59,16652,-664,-1184
2026-05-25 11:09:01,16680,-648,-1060
2026-05-25 11:09:03,16676,-592,-1204
2026-05-25 11:09:05,16696,-636,-1192
2026-05-25 11:09:07,16704,-624,-1208
2026-05-25 11:09:09,16648,-624,-1192
2026-05-25 11:09:11,16704,-632,-1184
2026-05-25 11:09:13,16712,-616,-1144
2026-05-25 11:09:15,16696,-656,-1132
2026-05-25 11:09:17,16712,-608,-1200
2026-05-25 11:09:19,16756,-588,-1128
2026-05-25 11:09:21,16648,-576,-1184
2026-05-25 11:09:23,16796,-656,-1244
2026-05-25 11:09:25,16720,-624,-1144
2026-05-25 11:09:27,16716,-652,-1216
2026-05-25 11:09:29,16660,-580,-1156
2026-05-25 11:09:31,16696,-620,-1124
2026-05-25 11:09:33,16724,-644,-1100
2026-05-25 11:09:35,16732,-624,-1092
2026-05-25 11:09:37,16732,-624,-1200
2026-05-25 11:09:39,16688,-624,-1088
2026-05-25 11:09:41,16752,-600,-1120
2026-05-25 11:09:43,16720,-644,-1244
2026-05-25 11:09:45,16680,-612,-1144
2026-05-25 11:09:47,16728,-628,-1196
2026-05-25 11:09:49,16680,-656,-1144
2026-05-25 11:09:51,16684,-636,-1276
2026-05-25 11:09:53,16736,-608,-1108
2026-05-25 11:09:55,16668,-616,-1080
2026-05-25 11:09:57,16676,-636,-1196
2026-05-25 11:09:59,16704,-564,-1168
2026-05-25 11:10:01,16700,-592,-1212
2026-05-25 11:10:03,16676,-612,-1204
2026-05-25 11:10:05,16664,-596,-1120
2026-05-25 11:10:07,16680,-656,-1044
2026-05-25 11:10:09,16728,-676,-1084
2026-05-25 11:10:11,16712,-668,-1136
2026-05-25 11:10:13,16688,-684,-1188
2026-05-25 11:10:15,16660,-612,-1160
2026-05-25 11:10:17,16664,-624,-1176
2026-05-25 11:10:19,16704,-668,-1128
2026-05-25 11:10:21,16720,-684,-1176
2026-05-25 11:10:23,16660,-664,-1076
2026-05-25 11:10:25,16724,-624,-1080
2026-05-25 11:10:27,16720,-636,-1104
2026-05-25 11:10:29,16664,-628,-1184
2026-05-25 11:10:31,16716,-648,-1160
2026-05-25 11:10:33,16724,-584,-1108
2026-05-25 11:10:35,16712,-612,-1104
2026-05-25 11:10:37,16736,-612,-1216
2026-05-25 11:10:39,16664,-576,-1084
2026-05-25 11:10:41,16696,-672,-1116
2026-05-25 11:10:43,16696,-648,-1164
2026-05-25 11:10:45,16636,-628,-1076
2026-05-25 11:10:47,16660,-612,-1252
2026-05-25 11:10:49,16744,-616,-1192
2026-05-25 11:10:51,16696,-652,-1092
2026-05-25 11:10:53,16688,-708,-1144
2026-05-25 11:10:55,16692,-620,-1228
2026-05-25 11:10:57,16700,-600,-1124
2026-05-25 11:10:59,16680,-640,-1208
2026-05-25 11:11:01,16716,-652,-1140
2026-05-25 11:11:03,16664,-612,-1124
2026-05-25 11:11:05,16688,-712,-1172
2026-05-25 11:11:07,16728,-588,-1168
2026-05-25 11:11:09,16676,-624,-1080
2026-05-25 11:11:11,16672,-640,-1144
2026-05-25 11:11:13,16676,-672,-1084
2026-05-25 11:11:15,16684,-576,-1176
2026-05-25 11:11:17,16680,-612,-1084
2026-05-25 11:11:19,16616,-612,-1172
2026-05-25 11:11:21,16700,-664,-1072
2026-05-25 11:11:23,16732,-552,-1140
2026-05-25 11:11:25,16664,-636,-1152
2026-05-25 11:11:27,16676,-632,-1120
2026-05-25 11:11:29,16640,-612,-1220
2026-05-25 11:11:31,16692,-584,-1212
2026-05-25 11:11:33,16700,-596,-1208
2026-05-25 11:11:35,16724,-668,-1212
2026-05-25 11:11:37,16708,-608,-1168
2026-05-25 11:11:39,16696,-600,-1132
2026-05-25 11:11:41,16664,-624,-1060
2026-05-25 11:11:43,16672,-620,-1100
2026-05-25 11:11:45,16696,-644,-1236
2026-05-25 11:11:47,16688,-588,-1176
2026-05-25 11:11:49,16740,-632,-1120
2026-05-25 11:11:51,16788,-600,-1192
2026-05-25 11:11:53,16696,-628,-1100
2026-05-25 11:11:55,16740,-580,-1172
2026-05-25 11:11:57,16704,-584,-1076
2026-05-25 11:11:59,16628,-592,-1112
2026-05-25 11:12:01,16764,-632,-1184
2026-05-25 11:12:03,16688,-556,-1116
2026-05-25 11:12:05,16732,-668,-1176
2026-05-25 11:12:07,16688,-664,-1156
2026-05-25 11:12:09,16668,-652,-1128
2026-05-25 11:12:11,16788,-640,-1196
2026-05-25 11:12:13,16716,-660,-1032
2026-05-25 11:12:15,16692,-568,-1156
2026-05-25 11:12:17,16684,-632,-1236
2026-05-25 11:12:19,16716,-672,-1080
2026-05-25 11:12:21,16680,-652,-1184
2026-05-25 11:12:23,16656,-632,-1140
2026-05-25 11:12:25,16680,-616,-1100
2026-05-25 11:12:27,16712,-640,-1116
2026-05-25 11:12:29,16704,-588,-1108
2026-05-25 11:12:31,16620,-628,-1096
2026-05-25 11:12:33,16668,-668,-1088
2026-05-25 11:12:35,16752,-608,-1132
2026-05-25 11:12:37,16684,-612,-1136
2026-05-25 11:12:39,16752,-572,-1212
2026-05-25 11:12:41,16632,-588,-1012
2026-05-25 11:12:43,16784,-664,-1132
2026-05-25 11:12:45,16664,-716,-1164
2026-05-25 11:12:47,16688,-644,-1144
2026-05-25 11:12:49,16748,-660,-1176
2026-05-25 11:12:51,16632,-652,-1212
2026-05-25 11:12:53,16692,-564,-1096
2026-05-25 11:12:55,16624,-620,-1128
2026-05-25 11:12:57,16708,-692,-1220
2026-05-25 11:12:59,16696,-600,-1108
2026-05-25 11:13:01,16716,-612,-1196
2026-05-25 11:13:03,16680,-600,-1152
2026-05-25 11:13:05,16716,-660,-1172
2026-05-25 11:13:07,16680,-604,-1056
2026-05-25 11:13:09,16716,-560,-1084
2026-05-25 11:13:11,16620,-628,-1116
2026-05-25 11:13:13,16720,-560,-1192
2026-05-25 11:13:15,16732,-692,-1104
2026-05-25 11:13:17,16668,-620,-1220
2026-05-25 11:13:19,16668,-560,-1136
2026-05-25 11:13:21,16716,-636,-1140
2026-05-25 11:13:23,16708,-600,-1168
2026-05-25 11:13:25,16676,-612,-1208
2026-05-25 11:13:27,16700,-596,-1132
2026-05-25 11:13:29,16648,-612,-1172
2026-05-25 11:13:31,16652,-608,-1188
2026-05-25 11:13:33,16692,-628,-1120
2026-05-25 11:13:35,16740,-624,-1112
2026-05-25 11:13:37,16672,-644,-1112
2026-05-25 11:13:39,16740,-612,-1088
2026-05-25 11:13:41,16744,-596,-1096
2026-05-25 11:13:43,16644,-576,-1100
2026-05-25 11:13:45,16656,-604,-1128
2026-05-25 11:13:47,16684,-616,-1144
2026-05-25 11:13:49,16636,-608,-1128
2026-05-25 11:13:51,16684,-648,-1152
2026-05-25 11:13:53,16684,-676,-1184
2026-05-25 11:13:55,16672,-568,-1112
2026-05-25 11:13:57,16612,-648,-1068
2026-05-25 11:13:59,16716,-624,-1128
2026-05-25 11:14:01,16716,-616,-1192
2026-05-25 11:14:03,16696,-576,-1068
2026-05-25 11:14:05,16696,-616,-1112
2026-05-25 11:14:07,16680,-612,-1044
2026-05-25 11:14:09,16728,-608,-1092
2026-05-25 11:14:11,16740,-664,-1104
2026-05-25 11:14:13,16764,-616,-1136
2026-05-25 11:14:15,16724,-676,-1100
2026-05-25 11:14:17,16648,-584,-1096
2026-05-25 11:14:19,16716,-604,-1144
2026-05-25 11:14:21,16692,-604,-1096
2026-05-25 11:14:23,16752,-624,-1120
2026-05-25 11:14:25,16704,-648,-1120
2026-05-25 11:14:27,16704,-660,-1100
2026-05-25 11:14:29,16704,-696,-1072
2026-05-25 11:14:31,16716,-600,-1060
2026-05-25 11:14:33,16700,-656,-1204
2026-05-25 11:14:35,16820,-656,-1100
2026-05-25 11:14:37,16696,-620,-1120
2026-05-25 11:14:39,16700,-608,-1188
2026-05-25 11:14:41,16696,-596,-1180
2026-05-25 11:14:43,16672,-600,-1172
2026-05-25 11:14:45,16620,-584,-1092
2026-05-25 11:14:47,16708,-680,-1272
2026-05-25 11:14:49,16768,-648,-1128
2026-05-25 11:14:51,16744,-660,-1144
2026-05-25 11:14:53,16668,-672,-1172
2026-05-25 11:14:55,16684,-576,-1048
2026-05-25 11:14:57,16648,-604,-1120
2026-05-25 11:14:59,16708,-612,-1116
2026-05-25 11:15:01,16668,-696,-1144
2026-05-25 11:15:03,16712,-636,-1120
2026-05-25 11:15:05,16696,-644,-1136
2026-05-25 11:15:07,16676,-652,-1172
2026-05-25 11:15:09,16688,-656,-1124
2026-05-25 11:15:11,16696,-684,-1140
2026-05-25 11:15:13,16724,-664,-1048
2026-05-25 11:15:15,16732,-652,-1148
2026-05-25 11:15:17,16632,-628,-1144
2026-05-25 11:15:19,16696,-588,-1108
2026-05-25 11:15:21,16692,-600,-1164
2026-05-25 11:15:23,16780,-664,-1164
2026-05-25 11:15:25,16724,-692,-1260
2026-05-25 11:15:27,16716,-628,-1100
2026-05-25 11:15:29,16684,-624,-1112
2026-05-25 11:15:31,16728,-584,-1132
2026-05-25 11:15:33,16668,-640,-1100
2026-05-25 11:15:35,16668,-620,-1228
2026-05-25 11:15:37,16660,-680,-1292
2026-05-25 11:15:39,16656,-660,-1004
2026-05-25 11:15:41,16748,-644,-1128
2026-05-25 11:15:43,16672,-672,-1180
2026-05-25 11:15:45,16688,-568,-1216
2026-05-25 11:15:47,16692,-644,-1164
2026-05-25 11:15:49,16660,-664,-1140
2026-05-25 11:15:51,16700,-616,-1136
2026-05-25 11:15:53,16696,-600,-1172
2026-05-25 11:15:55,16668,-652,-1208
2026-05-25 11:15:57,16732,-592,-1188
2026-05-25 11:15:59,16728,-596,-1088
2026-05-25 11:16:01,16668,-592,-1144
2026-05-25 11:16:03,16724,-652,-1096
2026-05-25 11:16:05,16728,-640,-1216
2026-05-25 11:16:07,16704,-636,-1084
2026-05-25 11:16:09,16736,-672,-1108
2026-05-25 11:16:11,16720,-624,-1104
2026-05-25 11:16:13,16692,-660,-1228
2026-05-25 11:16:15,16712,-664,-1152
2026-05-25 11:16:17,16684,-616,-1196
2026-05-25 11:16:19,16716,-624,-1260
2026-05-25 11:16:21,16676,-652,-1204
2026-05-25 11:16:23,16732,-576,-1084
2026-05-25 11:16:25,16696,-648,-1092
2026-05-25 11:16:27,16708,-664,-1100
2026-05-25 11:16:29,16740,-552,-1152
2026-05-25 11:16:31,16696,-604,-1248
2026-05-25 11:16:33,16640,-636,-1168
2026-05-25 11:16:35,16644,-664,-1196
2026-05-25 11:16:37,16696,-552,-1192
2026-05-25 11:16:39,16688,-648,-1112
2026-05-25 11:16:41,16684,-644,-1168
2026-05-25 11:16:43,16684,-612,-1176
2026-05-25 11:16:45,16704,-664,-1184
2026-05-25 11:16:47,16740,-640,-1200
2026-05-25 11:16:49,16648,-624,-1220
2026-05-25 11:16:51,16700,-572,-1060
2026-05-25 11:16:53,16708,-672,-1152
2026-05-25 11:16:55,16704,-616,-1156
2026-05-25 11:16:57,16744,-636,-1124
2026-05-25 11:16:59,16664,-624,-1084
2026-05-25 11:17:01,16692,-588,-1116
2026-05-25 11:17:03,16700,-632,-1084
2026-05-25 11:17:05,16688,-724,-1160
2026-05-25 11:17:07,16704,-588,-1212
2026-05-25 11:17:09,16696,-664,-1148
2026-05-25 11:17:11,16648,-636,-1200
2026-05-25 11:17:13,16704,-668,-1208
2026-05-25 11:17:15,16636,-640,-1196
2026-05-25 11:17:17,16720,-656,-1148
2026-05-25 11:17:19,16664,-656,-1092
2026-05-25 11:17:21,16704,-596,-1128
2026-05-25 11:17:23,16712,-688,-1108
2026-05-25 11:17:25,16740,-560,-1176
2026-05-25 11:17:27,16728,-592,-1104
2026-05-25 11:17:29,16676,-648,-1092
2026-05-25 11:17:31,16716,-648,-1136
2026-05-25 11:17:33,16744,-608,-1148
2026-05-25 11:17:35,16664,-612,-1176
2026-05-25 11:17:37,16672,-600,-1108
2026-05-25 11:17:39,16708,-620,-1228
2026-05-25 11:17:41,16712,-604,-1148
2026-05-25 11:17:43,16704,-664,-1084
2026-05-25 11:17:45,16756,-652,-1224
2026-05-25 11:17:47,16744,-652,-1164
2026-05-25 11:17:49,16704,-612,-1228
2026-05-25 11:17:51,16760,-620,-1172
2026-05-25 11:17:53,16784,-556,-1092
2026-05-25 11:17:55,16744,-668,-1168
2026-05-25 11:17:57,16712,-676,-1128
2026-05-25 11:17:59,16656,-688,-1052
2026-05-25 11:18:01,16676,-628,-1132
2026-05-25 11:18:03,16744,-680,-1240
2026-05-25 11:18:05,16664,-608,-1196
2026-05-25 11:18:07,16692,-596,-1040
2026-05-25 11:18:09,16664,-648,-1128
2026-05-25 11:18:11,16716,-620,-1172
2026-05-25 11:18:13,16692,-612,-1184
2026-05-25 11:18:15,16736,-608,-1208
2026-05-25 11:18:17,16716,-648,-1196
2026-05-25 11:18:19,16668,-656,-1048
2026-05-25 11:18:21,16672,-664,-1160
2026-05-25 11:18:23,16644,-656,-1164
2026-05-25 11:18:25,16680,-664,-1092
2026-05-25 11:18:27,16680,-652,-1060
2026-05-25 11:18:29,16680,-664,-1108
2026-05-25 11:18:31,16728,-620,-1108
2026-05-25 11:18:33,16684,-640,-1160
2026-05-25 11:18:35,16696,-576,-1064
2026-05-25 11:18:37,16748,-584,-1104
2026-05-25 11:18:39,16684,-564,-1168
2026-05-25 11:18:41,16740,-676,-1064
2026-05-25 11:18:43,16636,-628,-1104
2026-05-25 11:18:45,16716,-596,-1200
2026-05-25 11:18:47,16680,-664,-1184
2026-05-25 11:18:49,16696,-660,-1160
2026-05-25 11:18:51,16708,-612,-1208
2026-05-25 11:18:53,16724,-584,-1116
2026-05-25 11:18:55,16708,-624,-1068
2026-05-25 11:18:57,16656,-648,-1212
2026-05-25 11:18:59,16660,-612,-1112
2026-05-25 11:19:01,16724,-660,-1124
2026-05-25 11:19:03,16688,-580,-1248
2026-05-25 11:19:05,16712,-636,-1144
2026-05-25 11:19:07,16740,-660,-1124
2026-05-25 11:19:09,16684,-680,-1192
2026-05-25 11:19:11,16712,-560,-1156
2026-05-25 11:19:13,16764,-660,-1228
2026-05-25 11:19:15,16648,-636,-1092
2026-05-25 11:19:17,16716,-600,-1188
2026-05-25 11:19:19,16684,-568,-1096
2026-05-25 11:19:21,16652,-572,-1204
2026-05-25 11:19:23,16676,-652,-1168
2026-05-25 11:19:25,16636,-716,-1204
2026-05-25 11:19:27,16716,-640,-1136
2026-05-25 11:19:29,16688,-604,-1044
2026-05-25 11:19:31,16708,-656,-1076
2026-05-25 11:19:33,16668,-624,-1172
2026-05-25 11:19:35,16728,-620,-1156
2026-05-25 11:19:37,16756,-600,-1132
2026-05-25 11:19:39,16716,-644,-1140
2026-05-25 11:19:41,16736,-620,-1168
2026-05-25 11:19:43,16624,-604,-1080
2026-05-25 11:19:45,16708,-640,-1084
2026-05-25 11:19:47,16704,-672,-1160
2026-05-25 11:19:49,16708,-596,-1228
2026-05-25 11:19:51,16720,-632,-1224
2026-05-25 11:19:53,16696,-616,-1124
2026-05-25 11:19:55,16716,-616,-1156
2026-05-25 11:19:57,16652,-612,-1092
2026-05-25 11:19:59,16692,-608,-1196
2026-05-25 11:20:01,16656,-632,-1132
2026-05-25 11:20:03,16756,-604,-1116
2026-05-25 11:20:05,16752,-684,-1168
2026-05-25 11:20:07,16692,-648,-1120
2026-05-25 11:20:09,16724,-640,-1100
2026-05-25 11:20:11,16720,-604,-1104
2026-05-25 11:20:13,16720,-628,-1100
2026-05-25 11:20:15,16692,-540,-1180
2026-05-25 11:20:17,16748,-676,-1116
2026-05-25 11:20:19,16696,-684,-1140
2026-05-25 11:20:21,16728,-640,-1076
2026-05-25 11:20:23,16648,-632,-1172
2026-05-25 11:20:25,16700,-636,-1072
2026-05-25 11:20:27,16688,-568,-1096
2026-05-25 11:20:29,16724,-596,-1196
2026-05-25 11:20:31,16644,-680,-1132
2026-05-25 11:20:33,16700,-616,-1164
2026-05-25 11:20:35,16740,-612,-1148
2026-05-25 11:20:37,16756,-644,-1220
2026-05-25 11:20:39,16748,-596,-1116
2026-05-25 11:20:41,16676,-664,-1184
2026-05-25 11:20:43,16620,-696,-1136
2026-05-25 11:20:45,16664,-608,-1196
2026-05-25 11:20:47,16692,-648,-1160
2026-05-25 11:20:49,16668,-624,-1108
2026-05-25 11:20:51,16752,-676,-1076
2026-05-25 11:20:53,16692,-600,-1224
2026-05-25 11:20:55,16732,-640,-1168
2026-05-25 11:20:57,16712,-604,-1160
2026-05-25 11:20:59,16656,-668,-1120
2026-05-25 11:21:01,16732,-608,-1132
2026-05-25 11:21:03,16700,-656,-1196
2026-05-25 11:21:05,16692,-668,-1076
2026-05-25 11:21:07,16732,-672,-1216
2026-05-25 11:21:09,16696,-608,-1204
2026-05-25 11:21:11,16632,-608,-1168
2026-05-25 11:21:13,16732,-620,-1088
2026-05-25 11:21:15,16704,-676,-1176
2026-05-25 11:21:17,16672,-648,-1184
2026-05-25 11:21:19,16668,-616,-1092
2026-05-25 11:21:21,16744,-620,-1176
2026-05-25 11:21:23,16680,-648,-1136
2026-05-25 11:21:25,16652,-636,-1204
2026-05-25 11:21:27,16724,-688,-1144
2026-05-25 11:21:29,16620,-684,-1068
2026-05-25 11:21:31,16712,-656,-1108
2026-05-25 11:21:33,16648,-640,-1116
2026-05-25 11:21:35,16680,-544,-1120
2026-05-25 11:21:37,16676,-664,-1160
2026-05-25 11:21:39,16672,-580,-1136
2026-05-25 11:21:41,16708,-620,-1180
2026-05-25 11:21:43,16656,-648,-1152
2026-05-25 11:21:45,16712,-668,-1236
2026-05-25 11:21:47,16720,-616,-1256
2026-05-25 11:21:49,16704,-612,-1136
2026-05-25 11:21:51,16652,-620,-1140
2026-05-25 11:21:53,16688,-636,-1176
2026-05-25 11:21:55,16704,-584,-1112
2026-05-25 11:21:57,16668,-604,-1116
2026-05-25 11:21:59,16680,-648,-1036
2026-05-25 11:22:01,16692,-704,-1116
2026-05-25 11:22:03,16724,-632,-1168
2026-05-25 11:22:05,16644,-664,-1140
2026-05-25 11:22:07,16668,-632,-1224
2026-05-25 11:22:09,16692,-664,-1192
2026-05-25 11:22:11,16712,-608,-1196
2026-05-25 11:22:13,16680,-624,-1164
2026-05-25 11:22:15,16680,-540,-1152
2026-05-25 11:22:17,16656,-636,-1228
2026-05-25 11:22:19,16676,-528,-1180
2026-05-25 11:22:21,16684,-648,-1196
2026-05-25 11:22:23,16668,-652,-1268
2026-05-25 11:22:25,16752,-648,-1036
2026-05-25 11:22:27,16736,-608,-1168
2026-05-25 11:22:29,16648,-632,-1176
2026-05-25 11:22:31,16716,-640,-1188
2026-05-25 11:22:33,16692,-628,-1176
2026-05-25 11:22:35,16744,-624,-1032
2026-05-25 11:22:37,16724,-628,-1144
2026-05-25 11:22:39,16632,-652,-1108
2026-05-25 11:22:41,16696,-640,-1204
2026-05-25 11:22:43,16752,-684,-1156
2026-05-25 11:22:45,16740,-628,-1132
2026-05-25 11:22:47,16704,-632,-1076
2026-05-25 11:22:49,16652,-628,-1176
2026-05-25 11:22:51,16664,-652,-1080
2026-05-25 11:22:53,16680,-596,-1128
2026-05-25 11:22:55,16696,-620,-1196
2026-05-25 11:22:57,16684,-608,-1180
2026-05-25 11:22:59,16736,-668,-1172
2026-05-25 11:23:01,16740,-704,-1196
2026-05-25 11:23:03,16708,-648,-1156
2026-05-25 11:23:05,16660,-564,-1152
2026-05-25 11:23:07,16716,-620,-1132
2026-05-25 11:23:09,16716,-692,-1132
2026-05-25 11:23:11,16656,-624,-1200
2026-05-25 11:23:13,16708,-640,-1156
2026-05-25 11:23:15,16732,-584,-1140
2026-05-25 11:23:17,16720,-652,-1140
2026-05-25 11:23:19,16748,-680,-1172
2026-05-25 11:23:21,16712,-640,-1132
2026-05-25 11:23:23,16692,-636,-1156
2026-05-25 11:23:25,16720,-632,-1100
2026-05-25 11:23:27,16704,-620,-1208
2026-05-25 11:23:29,16744,-572,-1128
2026-05-25 11:23:31,16624,-668,-1148
2026-05-25 11:23:33,16732,-644,-1144
2026-05-25 11:23:35,16656,-656,-1156
2026-05-25 11:23:37,16672,-616,-1192
2026-05-25 11:23:39,16672,-604,-1072
2026-05-25 11:23:41,16720,-632,-1208
2026-05-25 11:23:43,16740,-636,-1112
2026-05-25 11:23:45,16712,-624,-1100
2026-05-25 11:23:47,16692,-664,-1088
2026-05-25 11:23:49,16684,-652,-1136
2026-05-25 11:23:51,16700,-628,-1044
2026-05-25 11:23:53,16652,-624,-1100
2026-05-25 11:23:55,16696,-668,-1204
2026-05-25 11:23:57,16656,-664,-1156
2026-05-25 11:23:59,16728,-572,-1236
2026-05-25 11:24:01,16708,-660,-1156
2026-05-25 11:24:03,16696,-680,-1164
2026-05-25 11:24:05,16672,-636,-1176
2026-05-25 11:24:07,16748,-628,-1116
2026-05-25 11:24:09,16676,-664,-1088
2026-05-25 11:24:11,16712,-616,-1136
2026-05-25 11:24:13,16712,-696,-1136
2026-05-25 11:24:15,16688,-692,-1076
2026-05-25 11:24:17,16644,-600,-1236
2026-05-25 11:24:19,16640,-588,-1108
2026-05-25 11:24:21,16756,-624,-1076
2026-05-25 11:24:23,16724,-672,-1128
2026-05-25 11:24:25,16704,-600,-1160
2026-05-25 11:24:27,16724,-652,-1220
2026-05-25 11:24:29,16684,-632,-1164
2026-05-25 11:24:31,16656,-696,-1108
2026-05-25 11:24:33,16760,-668,-1232
2026-05-25 11:24:35,16704,-632,-1116
2026-05-25 11:24:37,16636,-616,-1052
2026-05-25 11:24:39,16716,-588,-1144
2026-05-25 11:24:41,16668,-668,-1108
2026-05-25 11:24:43,16652,-612,-1108
2026-05-25 11:24:45,16748,-596,-1220
2026-05-25 11:24:47,16712,-616,-984
2026-05-25 11:24:49,16692,-592,-1172
2026-05-25 11:24:51,16652,-596,-1184
2026-05-25 11:24:53,16696,-624,-1256
2026-05-25 11:24:55,16692,-632,-1196
2026-05-25 11:24:57,16772,-664,-1220
2026-05-25 11:24:59,16608,-640,-1128
2026-05-25 11:25:01,16700,-692,-1148
2026-05-25 11:25:03,16752,-580,-1188
2026-05-25 11:25:05,16700,-612,-1152
2026-05-25 11:25:07,16700,-616,-1156
2026-05-25 11:25:09,16636,-592,-1052
2026-05-25 11:25:11,16704,-616,-1196
2026-05-25 11:25:13,16736,-612,-1160
2026-05-25 11:25:15,16680,-580,-1264
2026-05-25 11:25:17,16732,-644,-1156
2026-05-25 11:25:19,16684,-652,-1140
2026-05-25 11:25:21,16720,-608,-1252
2026-05-25 11:25:23,16652,-588,-1208
2026-05-25 11:25:25,16612,-644,-1176
2026-05-25 11:25:27,16700,-544,-1212
2026-05-25 11:25:29,16700,-616,-1180
2026-05-25 11:25:31,16696,-648,-1248
2026-05-25 11:25:33,16680,-632,-1108
2026-05-25 11:25:35,16704,-632,-1240
2026-05-25 11:25:37,16688,-616,-1184
2026-05-25 11:25:39,16700,-588,-1160
2026-05-25 11:25:41,16676,-632,-1100
2026-05-25 11:25:43,16760,-672,-1160
2026-05-25 11:25:45,16684,-612,-1196
2026-05-25 11:25:47,16660,-680,-1232
2026-05-25 11:25:49,16640,-644,-1204
2026-05-25 11:25:51,16700,-628,-1172
2026-05-25 11:25:53,16672,-612,-1104
2026-05-25 11:25:55,16708,-664,-1216
2026-05-25 11:25:57,16684,-676,-1068
2026-05-25 11:25:59,16712,-680,-1160
2026-05-25 11:26:01,16688,-632,-1172
2026-05-25 11:26:03,16692,-632,-1112
2026-05-25 11:26:05,16700,-576,-1160
2026-05-25 11:26:07,16700,-664,-1132
2026-05-25 11:26:09,16708,-580,-1164
2026-05-25 11:26:11,16720,-688,-1080
2026-05-25 11:26:13,16704,-664,-1128
2026-05-25 11:26:15,16672,-652,-1088
2026-05-25 11:26:17,16660,-564,-1160
2026-05-25 11:26:19,16720,-628,-1152
2026-05-25 11:26:21,16704,-624,-1172
2026-05-25 11:26:23,16716,-644,-1152
2026-05-25 11:26:25,16712,-608,-1136
2026-05-25 11:26:27,16724,-620,-1120
2026-05-25 11:26:29,16708,-664,-1192
2026-05-25 11:26:31,16688,-656,-1184
2026-05-25 11:26:33,16648,-640,-1124
2026-05-25 11:26:35,16660,-544,-1184
2026-05-25 11:26:37,16688,-592,-1176
2026-05-25 11:26:39,16684,-652,-1144
2026-05-25 11:26:41,16672,-592,-1128
2026-05-25 11:26:43,16708,-572,-1080
2026-05-25 11:26:45,16700,-660,-1188
2026-05-25 11:26:47,16668,-636,-1236
2026-05-25 11:26:49,16648,-660,-1124
2026-05-25 11:26:51,16708,-680,-1148
2026-05-25 11:26:53,16668,-672,-1148
2026-05-25 11:26:55,16712,-572,-1076
2026-05-25 11:26:57,16656,-652,-1212
2026-05-25 11:26:59,16708,-636,-1156
2026-05-25 11:27:01,16732,-664,-1172
2026-05-25 11:27:03,16636,-668,-1220
2026-05-25 11:27:05,16708,-672,-1220
2026-05-25 11:27:07,16664,-672,-1136
2026-05-25 11:27:09,16688,-584,-1224
2026-05-25 11:27:11,16648,-592,-1176
2026-05-25 11:27:13,16708,-708,-1060
2026-05-25 11:27:15,16664,-620,-1180
2026-05-25 11:27:17,16572,-604,-1220
2026-05-25 11:27:19,16748,-616,-1108
2026-05-25 11:27:21,16676,-588,-1096
2026-05-25 11:27:23,16756,-648,-1168
2026-05-25 11:27:25,16692,-688,-1132
2026-05-25 11:27:27,16696,-672,-1144
2026-05-25 11:27:29,16740,-664,-1100
2026-05-25 11:27:31,16744,-648,-1216
2026-05-25 11:27:33,16764,-608,-1160
2026-05-25 11:27:35,16692,-660,-1100
2026-05-25 11:27:37,16664,-648,-1184
2026-05-25 11:27:39,16712,-568,-1064
2026-05-25 11:27:41,16696,-672,-1164
2026-05-25 11:27:43,16676,-644,-1132
2026-05-25 11:27:45,16720,-728,-1232
2026-05-25 11:27:47,16692,-640,-1164
2026-05-25 11:27:49,16672,-676,-1232
2026-05-25 11:27:51,16708,-616,-1148
2026-05-25 11:27:53,16708,-656,-1152
2026-05-25 11:27:55,16724,-672,-1188
2026-05-25 11:27:57,16696,-624,-1192
2026-05-25 11:27:59,16676,-568,-1072
2026-05-25 11:28:01,16680,-592,-1136
2026-05-25 11:28:03,16736,-580,-1172
2026-05-25 11:28:05,16688,-648,-1196
2026-05-25 11:28:07,16708,-624,-1176
2026-05-25 11:28:09,16668,-664,-1188
2026-05-25 11:28:11,16684,-572,-1192
2026-05-25 11:28:13,16688,-640,-1204
2026-05-25 11:28:15,16732,-628,-1280
2026-05-25 11:28:17,16652,-652,-1232
2026-05-25 11:28:19,16696,-620,-1120
2026-05-25 11:28:21,16712,-628,-1096
2026-05-25 11:28:23,16776,-600,-1212
2026-05-25 11:28:25,16636,-652,-1172
2026-05-25 11:28:27,16736,-604,-1200
2026-05-25 11:28:29,16620,-672,-1164
2026-05-25 11:28:31,16752,-648,-1224
2026-05-25 11:28:33,16704,-664,-1112
2026-05-25 11:28:35,16716,-640,-1148
2026-05-25 11:28:37,16704,-620,-1144
2026-05-25 11:28:39,16712,-596,-1172
2026-05-25 11:28:41,16684,-640,-1144
2026-05-25 11:28:43,16708,-608,-1140
2026-05-25 11:28:45,16720,-636,-1140
2026-05-25 11:28:47,16716,-632,-1168
2026-05-25 11:28:49,16724,-652,-1204
2026-05-25 11:28:51,16700,-644,-1160
2026-05-25 11:28:53,16676,-664,-1068
2026-05-25 11:28:55,16636,-632,-1164
2026-05-25 11:28:57,16652,-616,-1180
2026-05-25 11:28:59,16692,-716,-1148
2026-05-25 11:29:01,16728,-640,-1120
2026-05-25 11:29:03,16688,-692,-1216
2026-05-25 11:29:05,16628,-660,-1208
2026-05-25 11:29:07,16660,-668,-1124
2026-05-25 11:29:09,16716,-628,-1188
2026-05-25 11:29:11,16668,-640,-1124
2026-05-25 11:29:13,16652,-628,-1216
2026-05-25 11:29:15,16716,-648,-1068
2026-05-25 11:29:17,16704,-628,-1188
2026-05-25 11:29:19,16712,-648,-1228
2026-05-25 11:29:21,16708,-628,-1172
2026-05-25 11:29:23,16728,-600,-1080
2026-05-25 11:29:25,16680,-580,-1164
2026-05-25 11:29:27,16664,-596,-1160
2026-05-25 11:29:29,16696,-588,-1116
2026-05-25 11:29:31,16780,-652,-1212
2026-05-25 11:29:33,16732,-660,-1128
2026-05-25 11:29:35,16708,-636,-1156
2026-05-25 11:29:37,16680,-632,-1152
2026-05-25 11:29:39,16736,-656,-1196
2026-05-25 11:29:41,16692,-648,-1228
2026-05-25 11:29:43,16692,-628,-1200
2026-05-25 11:29:45,16644,-636,-1124
2026-05-25 11:29:47,16652,-600,-1108
2026-05-25 11:29:49,16716,-624,-1020
2026-05-25 11:29:51,16696,-700,-1224
2026-05-25 11:29:53,16660,-648,-1116
2026-05-25 11:29:55,16688,-628,-1100
2026-05-25 11:29:57,16724,-628,-1140
2026-05-25 11:29:59,16648,-584,-1224
2026-05-25 11:30:01,16740,-700,-1216
2026-05-25 11:30:03,16784,-644,-1172
2026-05-25 11:30:05,16688,-648,-1132
2026-05-25 11:30:07,16628,-608,-1196
2026-05-25 11:30:09,16696,-612,-1088
2026-05-25 11:30:11,16688,-632,-1108
2026-05-25 11:30:13,16676,-636,-1180
2026-05-25 11:30:15,16700,-732,-1180
2026-05-25 11:30:17,16712,-572,-1188
2026-05-25 11:30:19,16748,-604,-1160
2026-05-25 11:30:21,16604,-616,-1140
2026-05-25 11:30:23,16656,-624,-1104
2026-05-25 11:30:25,16712,-624,-1092
2026-05-25 11:30:27,16688,-632,-1104
2026-05-25 11:30:29,16684,-684,-1172
2026-05-25 11:30:31,16676,-652,-1040
2026-05-25 11:30:33,16688,-656,-1160
2026-05-25 11:30:35,16680,-580,-1168
2026-05-25 11:30:37,16732,-632,-1120
2026-05-25 11:30:39,16736,-640,-1064
2026-05-25 11:30:41,16724,-592,-1136
2026-05-25 11:30:43,16732,-608,-1188
2026-05-25 11:30:45,16720,-592,-1196
2026-05-25 11:30:47,16704,-596,-1168
2026-05-25 11:30:49,16736,-576,-1172
2026-05-25 11:30:51,16632,-584,-1152
2026-05-25 11:30:53,16684,-648,-1144
2026-05-25 11:30:55,16712,-612,-1208
2026-05-25 11:30:57,16692,-620,-1148
2026-05-25 11:30:59,16712,-636,-1108
2026-05-25 11:31:01,16708,-644,-1036
2026-05-25 11:31:03,16692,-648,-1168
2026-05-25 11:31:05,16672,-544,-1192
2026-05-25 11:31:07,16688,-696,-1104
2026-05-25 11:31:09,16716,-636,-1168
2026-05-25 11:31:11,16712,-604,-1180
2026-05-25 11:31:13,16660,-676,-1128
2026-05-25 11:31:15,16724,-656,-1092
2026-05-25 11:31:17,16660,-620,-1152
2026-05-25 11:31:19,16736,-604,-1232
2026-05-25 11:31:21,16748,-612,-1192
2026-05-25 11:31:23,16664,-552,-1140
2026-05-25 11:31:25,16692,-608,-1160
2026-05-25 11:31:27,16744,-624,-1164
2026-05-25 11:31:29,16632,-632,-1296
2026-05-25 11:31:31,16712,-620,-1244
2026-05-25 11:31:33,16740,-640,-1196
2026-05-25 11:31:35,16716,-604,-1176
2026-05-25 11:31:37,16712,-584,-1092
2026-05-25 11:31:39,16652,-632,-1172
2026-05-25 11:31:41,16716,-668,-1252
2026-05-25 11:31:43,16720,-608,-1220
2026-05-25 11:31:45,16732,-568,-1172
2026-05-25 11:31:47,16772,-592,-1100
2026-05-25 11:31:49,16720,-652,-1172
2026-05-25 11:31:51,16680,-620,-1224
2026-05-25 11:31:53,16628,-628,-1200
2026-05-25 11:31:55,16664,-664,-1172
2026-05-25 11:31:57,16700,-620,-1196
2026-05-25 11:31:59,16676,-572,-1152
2026-05-25 11:32:01,16700,-612,-1112
2026-05-25 11:32:03,16672,-596,-1184
2026-05-25 11:32:05,16740,-616,-1188
2026-05-25 11:32:07,16696,-588,-1092
2026-05-25 11:32:09,16708,-620,-1144
2026-05-25 11:32:11,16684,-604,-1160
2026-05-25 11:32:13,16712,-572,-1228
2026-05-25 11:32:15,16676,-568,-1208
2026-05-25 11:32:17,16688,-560,-1220
2026-05-25 11:32:19,16688,-692,-1152
2026-05-25 11:32:21,16688,-644,-1156
2026-05-25 11:32:23,16744,-624,-1064
2026-05-25 11:32:25,16680,-592,-1112
2026-05-25 11:32:27,16756,-636,-1208
2026-05-25 11:32:29,16676,-648,-1152
2026-05-25 11:32:31,16676,-712,-1156
2026-05-25 11:32:33,16736,-576,-1188
2026-05-25 11:32:35,16652,-616,-1260
2026-05-25 11:32:37,16696,-572,-1176
2026-05-25 11:32:39,16644,-592,-1116
2026-05-25 11:32:41,16708,-632,-1100
2026-05-25 11:32:43,16684,-568,-1160
2026-05-25 11:32:45,16644,-624,-1100
2026-05-25 11:32:47,16684,-636,-1040
2026-05-25 11:32:49,16740,-608,-1160
2026-05-25 11:32:51,16720,-636,-1112
2026-05-25 11:32:53,16672,-568,-1184
2026-05-25 11:32:55,16736,-644,-1152
2026-05-25 11:32:57,16708,-612,-1192
2026-05-25 11:32:59,16728,-580,-1140
2026-05-25 11:33:01,16684,-632,-1136
2026-05-25 11:33:03,16708,-624,-1108
2026-05-25 11:33:05,16720,-604,-1220
2026-05-25 11:33:07,16768,-668,-1128
2026-05-25 11:33:09,16784,-572,-1192
2026-05-25 11:33:11,16724,-616,-1164
2026-05-25 11:33:13,16744,-620,-1128
2026-05-25 11:33:15,16656,-560,-1212
2026-05-25 11:33:17,16700,-596,-1224
2026-05-25 11:33:19,16744,-656,-1244
2026-05-25 11:33:21,16740,-580,-1152
2026-05-25 11:33:23,16720,-628,-1148
2026-05-25 11:33:25,16728,-592,-1152
2026-05-25 11:33:27,16640,-592,-1124
2026-05-25 11:33:29,16672,-624,-1068
2026-05-25 11:33:31,16640,-656,-1200
2026-05-25 11:33:33,16660,-664,-1052
2026-05-25 11:33:35,16724,-628,-1128
2026-05-25 11:33:37,16696,-592,-1172
2026-05-25 11:33:39,16692,-556,-1152
2026-05-25 11:33:41,16696,-608,-1244
2026-05-25 11:33:43,16668,-592,-1120
2026-05-25 11:33:45,16672,-572,-1144
2026-05-25 11:33:47,16736,-656,-1116
2026-05-25 11:33:49,16668,-596,-1232
2026-05-25 11:33:51,16648,-596,-1108
2026-05-25 11:33:53,16684,-668,-1140
2026-05-25 11:33:55,16712,-548,-1176
2026-05-25 11:33:57,16700,-632,-1148
2026-05-25 11:33:59,16680,-592,-1208
2026-05-25 11:34:01,16668,-636,-1152
2026-05-25 11:34:03,16664,-596,-1232
2026-05-25 11:34:05,16680,-580,-1240
2026-05-25 11:34:07,16724,-592,-1180
2026-05-25 11:34:09,16708,-640,-1172
2026-05-25 11:34:11,16672,-676,-1144
2026-05-25 11:34:13,16648,-628,-1104
2026-05-25 11:34:15,16668,-592,-1124
2026-05-25 11:34:17,16684,-544,-1072
2026-05-25 11:34:19,16704,-592,-1252
2026-05-25 11:34:21,16688,-628,-1248
2026-05-25 11:34:23,16616,-640,-1164
2026-05-25 11:34:25,16704,-612,-1128
2026-05-25 11:34:27,16664,-612,-1148
2026-05-25 11:34:29,16700,-636,-1172
2026-05-25 11:34:31,16676,-588,-1196
2026-05-25 11:34:33,16660,-640,-1088
2026-05-25 11:34:35,16680,-604,-1140
2026-05-25 11:34:37,16708,-596,-1168
2026-05-25 11:34:39,16668,-612,-1140
2026-05-25 11:34:41,16664,-600,-1204
2026-05-25 11:34:43,16712,-544,-1140
2026-05-25 11:34:45,16636,-580,-1124
2026-05-25 11:34:47,16740,-624,-1052
2026-05-25 11:34:49,16684,-600,-1228
2026-05-25 11:34:51,16716,-628,-1172
2026-05-25 11:34:53,16628,-584,-1148
2026-05-25 11:34:55,16732,-664,-1104
2026-05-25 11:34:57,16668,-648,-1084
2026-05-25 11:34:59,16700,-604,-1176
2026-05-25 11:35:01,16700,-620,-1116
2026-05-25 11:35:03,16656,-588,-1120
2026-05-25 11:35:05,16732,-600,-1180
2026-05-25 11:35:07,16660,-584,-1256
2026-05-25 11:35:09,16672,-552,-1232
2026-05-25 11:35:11,16712,-628,-1108
2026-05-25 11:35:13,16684,-584,-1196
2026-05-25 11:35:15,16668,-612,-1112
2026-05-25 11:35:17,16684,-636,-1208
2026-05-25 11:35:19,16720,-644,-1140
2026-05-25 11:35:21,16668,-616,-1112
2026-05-25 11:35:23,16736,-600,-1120
2026-05-25 11:35:25,16680,-616,-1188
2026-05-25 11:35:27,16768,-552,-1112
2026-05-25 11:35:29,16756,-580,-1128
2026-05-25 11:35:31,16712,-596,-1308
2026-05-25 11:35:33,16624,-580,-1068
2026-05-25 11:35:35,16704,-588,-1140
2026-05-25 11:35:37,16724,-656,-1072
2026-05-25 11:35:39,16728,-584,-1224
2026-05-25 11:35:41,16720,-580,-1236
2026-05-25 11:35:43,16720,-528,-1084
2026-05-25 11:35:45,16680,-632,-1156
2026-05-25 11:35:47,16748,-640,-1188
2026-05-25 11:35:49,16724,-576,-1080
2026-05-25 11:35:51,16656,-592,-1104
2026-05-25 11:35:53,16696,-628,-1228
2026-05-25 11:35:55,16700,-552,-1164
2026-05-25 11:35:57,16664,-672,-1176
2026-05-25 11:35:59,16680,-584,-1224
2026-05-25 11:36:01,16736,-636,-1092
2026-05-25 11:36:03,16704,-656,-1212
2026-05-25 11:36:05,16636,-620,-1164
2026-05-25 11:36:07,16764,-628,-1164
2026-05-25 11:36:09,16664,-644,-1124
2026-05-25 11:36:11,16712,-600,-1200
2026-05-25 11:36:13,16744,-584,-1112
2026-05-25 11:36:15,16664,-588,-1096
2026-05-25 11:36:17,16728,-592,-1208
2026-05-25 11:36:19,16708,-616,-1148
2026-05-25 11:36:21,16708,-628,-1124
2026-05-25 11:36:23,16760,-608,-1104
2026-05-25 11:36:25,16700,-560,-1164
2026-05-25 11:36:27,16672,-616,-1164
2026-05-25 11:36:29,16652,-628,-1196
2026-05-25 11:36:31,16760,-612,-1172
2026-05-25 11:36:33,16716,-648,-1072
2026-05-25 11:36:35,16652,-556,-1132
2026-05-25 11:36:37,16672,-616,-1172
2026-05-25 11:36:39,16752,-640,-1180
2026-05-25 11:36:41,16656,-644,-1188
2026-05-25 11:36:43,16744,-624,-1244
2026-05-25 11:36:45,16704,-564,-1104
2026-05-25 11:36:47,16736,-576,-1176
2026-05-25 11:36:49,16756,-556,-1220
2026-05-25 11:36:51,16704,-644,-1140
2026-05-25 11:36:53,16704,-636,-1160
2026-05-25 11:36:55,16672,-576,-1220
2026-05-25 11:36:57,16728,-580,-1156
2026-05-25 11:36:59,16688,-624,-1212
2026-05-25 11:37:01,16684,-620,-1244
2026-05-25 11:37:03,16712,-664,-1204
2026-05-25 11:37:05,16672,-588,-1208
2026-05-25 11:37:07,16676,-568,-1044
2026-05-25 11:37:09,16664,-584,-1204
2026-05-25 11:37:11,16708,-576,-1188
2026-05-25 11:37:13,16688,-612,-1076
2026-05-25 11:37:15,16724,-524,-1192
2026-05-25 11:37:17,16728,-640,-1184
2026-05-25 11:37:19,16660,-636,-1116
2026-05-25 11:37:21,16724,-608,-1144
2026-05-25 11:37:23,16656,-588,-1176
2026-05-25 11:37:25,16704,-604,-1096
2026-05-25 11:37:27,16756,-592,-1156
2026-05-25 11:37:29,16736,-620,-1148
2026-05-25 11:37:31,16712,-612,-1184
2026-05-25 11:37:33,16716,-604,-1200
2026-05-25 11:37:35,16740,-628,-1140
2026-05-25 11:37:37,16704,-600,-1084
2026-05-25 11:37:39,16684,-596,-1180
2026-05-25 11:37:41,16684,-620,-1180
2026-05-25 11:37:43,16696,-576,-1032
2026-05-25 11:37:45,16692,-616,-1172
2026-05-25 11:37:47,16704,-560,-1124
2026-05-25 11:37:49,16716,-656,-1168
2026-05-25 11:37:51,16716,-568,-1160
2026-05-25 11:37:53,16720,-632,-1128
2026-05-25 11:37:55,16716,-596,-1204
2026-05-25 11:37:57,16736,-600,-1024
2026-05-25 11:37:59,16692,-636,-1212
2026-05-25 11:38:01,16724,-588,-1136
2026-05-25 11:38:03,16720,-600,-1264
2026-05-25 11:38:05,16680,-628,-1152
2026-05-25 11:38:07,16652,-604,-1248
2026-05-25 11:38:09,16620,-596,-1140
2026-05-25 11:38:11,16696,-596,-1092
2026-05-25 11:38:13,16692,-560,-1172
2026-05-25 11:38:15,16672,-648,-1048
2026-05-25 11:38:17,16744,-588,-1048
2026-05-25 11:38:19,16704,-620,-1108
2026-05-25 11:38:21,16716,-632,-1208
2026-05-25 11:38:23,16708,-604,-1172
2026-05-25 11:38:25,16636,-624,-1068
2026-05-25 11:38:27,16732,-560,-1208
2026-05-25 11:38:29,16640,-572,-1192
2026-05-25 11:38:31,16668,-640,-1216
2026-05-25 11:38:33,16728,-652,-1128
2026-05-25 11:38:35,16716,-644,-1200
2026-05-25 11:38:37,16716,-548,-1104
2026-05-25 11:38:39,16632,-576,-1152
2026-05-25 11:38:41,16684,-680,-1052
2026-05-25 11:38:43,16748,-592,-1116
2026-05-25 11:38:45,16692,-568,-1084
2026-05-25 11:38:47,16692,-596,-1068
2026-05-25 11:38:49,16704,-624,-1200
2026-05-25 11:38:51,16692,-652,-1136
2026-05-25 11:38:53,16652,-600,-1196
2026-05-25 11:38:55,16696,-592,-1188
2026-05-25 11:38:57,16672,-616,-1092
2026-05-25 11:38:59,16712,-616,-1180
2026-05-25 11:39:01,16644,-588,-1160
2026-05-25 11:39:03,16676,-584,-1184
2026-05-25 11:39:05,16700,-592,-1140
2026-05-25 11:39:07,16628,-608,-1132
2026-05-25 11:39:09,16776,-616,-1120
2026-05-25 11:39:11,16688,-604,-1200
2026-05-25 11:39:13,16712,-560,-1212
2026-05-25 11:39:15,16696,-624,-1132
2026-05-25 11:39:17,16684,-632,-1176
2026-05-25 11:39:19,16740,-536,-1052
2026-05-25 11:39:21,16700,-592,-1136
2026-05-25 11:39:23,16752,-640,-1216
2026-05-25 11:39:25,16732,-596,-1036
2026-05-25 11:39:27,16696,-636,-1080
2026-05-25 11:39:29,16684,-604,-1144
2026-05-25 11:39:31,16740,-588,-1148
2026-05-25 11:39:33,16692,-580,-1100
2026-05-25 11:39:35,16700,-640,-1124
2026-05-25 11:39:37,16596,-608,-1132
2026-05-25 11:39:39,16688,-656,-1140
2026-05-25 11:39:41,16724,-600,-1160
2026-05-25 11:39:43,16748,-600,-1220
2026-05-25 11:39:45,16684,-628,-1208
2026-05-25 11:39:47,16680,-608,-1192
2026-05-25 11:39:49,16716,-608,-1136
2026-05-25 11:39:51,16692,-640,-1108
2026-05-25 11:39:53,16684,-668,-1084
2026-05-25 11:39:55,16680,-644,-1200
2026-05-25 11:39:57,16680,-576,-1108
2026-05-25 11:39:59,16676,-620,-1156
2026-05-25 11:40:01,16652,-608,-1116
2026-05-25 11:40:03,16672,-600,-1148
2026-05-25 11:40:05,16656,-584,-1080
2026-05-25 11:40:07,16688,-612,-1224
2026-05-25 11:40:09,16724,-612,-1132
2026-05-25 11:40:11,16700,-656,-1168
2026-05-25 11:40:13,16712,-580,-1120
2026-05-25 11:40:15,16704,-624,-1156
2026-05-25 11:40:17,16700,-600,-1192
2026-05-25 11:40:19,16648,-620,-1208
2026-05-25 11:40:21,16628,-540,-1164
2026-05-25 11:40:23,16664,-656,-1036
2026-05-25 11:40:25,16732,-604,-1144
2026-05-25 11:40:27,16656,-660,-1216
2026-05-25 11:40:29,16608,-608,-1200
2026-05-25 11:40:31,16696,-616,-1136
2026-05-25 11:40:33,16632,-632,-1240
2026-05-25 11:40:35,16624,-616,-1148
2026-05-25 11:40:37,16684,-652,-1152
2026-05-25 11:40:39,16684,-588,-1188
2026-05-25 11:40:41,16700,-652,-1164
2026-05-25 11:40:43,16680,-652,-1148
2026-05-25 11:40:45,16680,-600,-1244
2026-05-25 11:40:47,16712,-596,-1188
2026-05-25 11:40:49,16680,-648,-1160
2026-05-25 11:40:51,16716,-624,-1168
2026-05-25 11:40:53,16660,-556,-1116
2026-05-25 11:40:55,16732,-604,-1216
2026-05-25 11:40:57,16736,-624,-1156
2026-05-25 11:40:59,16728,-640,-1100
2026-05-25 11:41:01,16716,-636,-1196
2026-05-25 11:41:03,16728,-624,-1120
2026-05-25 11:41:05,16744,-584,-1056
2026-05-25 11:41:07,16688,-668,-1136
2026-05-25 11:41:09,16692,-556,-1176
2026-05-25 11:41:11,16700,-612,-1128
2026-05-25 11:41:13,16636,-612,-1124
2026-05-25 11:41:15,16692,-636,-1164
2026-05-25 11:41:17,16748,-624,-1140
2026-05-25 11:41:19,16696,-572,-1304
2026-05-25 11:41:21,16676,-604,-1220
2026-05-25 11:41:23,16684,-604,-1144
2026-05-25 11:41:25,16692,-564,-1240
2026-05-25 11:41:27,16724,-660,-1172
2026-05-25 11:41:29,16668,-580,-1212
2026-05-25 11:41:31,16696,-640,-1220
2026-05-25 11:41:33,16740,-568,-1168
2026-05-25 11:41:35,16684,-612,-1172
2026-05-25 11:41:37,16720,-668,-1176
2026-05-25 11:41:39,16676,-616,-1160
2026-05-25 11:41:41,16656,-640,-1136
2026-05-25 11:41:43,16696,-660,-1156
2026-05-25 11:41:45,16680,-580,-1100
2026-05-25 11:41:47,16712,-628,-1188
2026-05-25 11:41:49,16720,-600,-1092
2026-05-25 11:41:51,16700,-588,-1152
2026-05-25 11:41:53,16692,-648,-1076
2026-05-25 11:41:55,16656,-612,-1164
2026-05-25 11:41:57,16728,-588,-1132
2026-05-25 11:41:59,16668,-600,-1072
2026-05-25 11:42:01,16716,-588,-1176
2026-05-25 11:42:03,16644,-656,-1092
2026-05-25 11:42:05,16692,-604,-1144
2026-05-25 11:42:07,16684,-628,-1220
2026-05-25 11:42:09,16704,-636,-1088
2026-05-25 11:42:11,16716,-584,-1160
2026-05-25 11:42:13,16608,-700,-1160
2026-05-25 11:42:15,16628,-640,-1152
2026-05-25 11:42:17,16720,-592,-1180
2026-05-25 11:42:19,16764,-556,-1204
2026-05-25 11:42:21,16724,-616,-1164
2026-05-25 11:42:23,16652,-600,-1256
2026-05-25 11:42:25,16716,-560,-1120
2026-05-25 11:42:27,16700,-652,-1132
2026-05-25 11:42:29,16704,-584,-1204
2026-05-25 11:42:31,16656,-636,-1132
2026-05-25 11:42:33,16724,-604,-1136
2026-05-25 11:42:35,16688,-616,-1172
2026-05-25 11:42:37,16652,-608,-1116
2026-05-25 11:42:39,16748,-612,-1136
2026-05-25 11:42:41,16688,-628,-1068
2026-05-25 11:42:43,16716,-620,-1120
2026-05-25 11:42:45,16696,-600,-1200
2026-05-25 11:42:47,16672,-680,-1192
2026-05-25 11:42:49,16676,-564,-1116
2026-05-25 11:42:51,16648,-528,-1080
2026-05-25 11:42:53,16688,-676,-1192
2026-05-25 11:42:55,16664,-636,-1072
2026-05-25 11:42:57,16676,-608,-1096
2026-05-25 11:42:59,16784,-740,-1272
2026-05-25 11:43:01,16616,-708,-1144
2026-05-25 11:43:03,16748,-548,-1068
2026-05-25 11:43:05,16728,-588,-1080
2026-05-25 11:43:07,16672,-640,-1032
2026-05-25 11:43:09,16672,-572,-1180
2026-05-25 11:43:11,16652,-664,-1128
2026-05-25 11:43:13,16732,-720,-1172
2026-05-25 11:43:15,16676,-604,-1164
2026-05-25 11:43:17,16732,-652,-1184
2026-05-25 11:43:19,16708,-596,-1108
2026-05-25 11:43:21,16664,-664,-1140
2026-05-25 11:43:23,16720,-616,-1124
2026-05-25 11:43:25,16712,-656,-1244
2026-05-25 11:43:27,16748,-648,-1140
2026-05-25 11:43:29,16656,-640,-1244
2026-05-25 11:43:31,16712,-584,-1064
2026-05-25 11:43:33,16684,-632,-1148
2026-05-25 11:43:35,16696,-644,-1016
2026-05-25 11:43:37,16704,-624,-1220
2026-05-25 11:43:39,16668,-652,-1112
2026-05-25 11:43:41,16672,-628,-1184
2026-05-25 11:43:43,16704,-636,-1192
2026-05-25 11:43:45,16652,-636,-1044
2026-05-25 11:43:47,16672,-636,-1092
2026-05-25 11:43:49,16756,-704,-1040
2026-05-25 11:43:51,16640,-608,-1144
2026-05-25 11:43:53,16672,-608,-1196
2026-05-25 11:43:55,16696,-604,-1060
2026-05-25 11:43:57,16732,-580,-1232
2026-05-25 11:43:59,16692,-664,-1104
2026-05-25 11:44:01,16664,-636,-1204
2026-05-25 11:44:03,16712,-612,-1072
2026-05-25 11:44:05,16664,-604,-1148
2026-05-25 11:44:07,16672,-624,-1128
2026-05-25 11:44:09,16664,-668,-1132
2026-05-25 11:44:11,16588,-604,-1120
2026-05-25 11:44:13,16704,-600,-1104
2026-05-25 11:44:15,16664,-620,-1164
2026-05-25 11:44:17,16756,-656,-1152
2026-05-25 11:44:19,16720,-628,-1184
2026-05-25 11:44:21,16680,-676,-1176
2026-05-25 11:44:23,16744,-668,-1048
2026-05-25 11:44:25,16684,-608,-1172
2026-05-25 11:44:27,16692,-600,-1196
2026-05-25 11:44:29,16680,-632,-1116
2026-05-25 11:44:31,16708,-604,-1236
2026-05-25 11:44:33,16684,-656,-1092
2026-05-25 11:44:35,16672,-620,-1120
2026-05-25 11:44:37,16732,-584,-1112
2026-05-25 11:44:39,16640,-604,-1160
2026-05-25 11:44:41,16696,-664,-1200
2026-05-25 11:44:43,16684,-668,-1276
2026-05-25 11:44:45,16688,-592,-1108
2026-05-25 11:44:47,16708,-624,-1208
2026-05-25 11:44:49,16696,-592,-1128
2026-05-25 11:44:51,16680,-632,-1164
2026-05-25 11:44:53,16704,-624,-1112
2026-05-25 11:44:55,16688,-604,-1012
2026-05-25 11:44:57,16648,-588,-1164
2026-05-25 11:44:59,16672,-612,-1076
2026-05-25 11:45:01,16648,-604,-1084
2026-05-25 11:45:03,16684,-656,-1100
2026-05-25 11:45:05,16660,-620,-1136
2026-05-25 11:45:07,16748,-584,-1060
2026-05-25 11:45:09,16728,-644,-1148
2026-05-25 11:45:11,16692,-604,-1108
2026-05-25 11:45:13,16696,-672,-1144
2026-05-25 11:45:15,16644,-672,-1084
2026-05-25 11:45:17,16688,-640,-1152
2026-05-25 11:45:19,16708,-660,-1112
2026-05-25 11:45:21,16672,-564,-1188
2026-05-25 11:45:23,16744,-584,-1172
2026-05-25 11:45:25,16708,-668,-1172
2026-05-25 11:45:27,16732,-628,-1232
2026-05-25 11:45:29,16700,-644,-1080
2026-05-25 11:45:31,16736,-612,-1168
2026-05-25 11:45:33,16716,-652,-1076
2026-05-25 11:45:35,16752,-636,-1176
2026-05-25 11:45:37,16696,-652,-1072
2026-05-25 11:45:39,16732,-660,-1212
2026-05-25 11:45:41,16720,-676,-1164
2026-05-25 11:45:43,16620,-652,-1128
2026-05-25 11:45:45,16688,-668,-1164
2026-05-25 11:45:47,16672,-660,-1156
2026-05-25 11:45:49,16684,-636,-1244
2026-05-25 11:45:51,16684,-660,-1144
2026-05-25 11:45:53,16700,-600,-1180
2026-05-25 11:45:55,16680,-624,-1160
2026-05-25 11:45:57,16700,-608,-1064
2026-05-25 11:45:59,16672,-584,-1124
2026-05-25 11:46:01,16644,-688,-1184
2026-05-25 11:46:03,16756,-660,-1180
2026-05-25 11:46:05,16684,-664,-1180
2026-05-25 11:46:07,16728,-704,-1072
2026-05-25 11:46:09,16696,-632,-1172
2026-05-25 11:46:11,16640,-664,-1192
2026-05-25 11:46:13,16688,-712,-1240
2026-05-25 11:46:15,16664,-668,-1164
2026-05-25 11:46:17,16700,-632,-1120
2026-05-25 11:46:19,16664,-624,-1120
2026-05-25 11:46:21,16740,-636,-1152
2026-05-25 11:46:23,16660,-636,-1096
2026-05-25 11:46:25,16692,-632,-1216
2026-05-25 11:46:27,16708,-680,-1140
2026-05-25 11:46:29,16692,-736,-1212
2026-05-25 11:46:31,16664,-612,-1176
2026-05-25 11:46:33,16668,-676,-1040
2026-05-25 11:46:35,16684,-648,-1108
2026-05-25 11:46:37,16676,-636,-1136
2026-05-25 11:46:39,16656,-624,-1180
2026-05-25 11:46:41,16700,-652,-1108
2026-05-25 11:46:43,16608,-652,-1148
2026-05-25 11:46:45,16696,-652,-1140
2026-05-25 11:46:47,16712,-616,-1120
2026-05-25 11:46:49,16640,-668,-1132
2026-05-25 11:46:51,16688,-608,-1072
2026-05-25 11:46:53,16708,-584,-1096
2026-05-25 11:46:55,16768,-604,-1140
2026-05-25 11:46:57,16700,-704,-1192
2026-05-25 11:46:59,16704,-588,-1168
2026-05-25 11:47:01,16704,-580,-1176
2026-05-25 11:47:03,16680,-608,-1096
2026-05-25 11:47:05,16728,-668,-1136
2026-05-25 11:47:07,16668,-664,-1156
2026-05-25 11:47:09,16680,-604,-1152
2026-05-25 11:47:11,16708,-684,-1232
2026-05-25 11:47:13,16728,-684,-1200
2026-05-25 11:47:15,16744,-600,-1140
2026-05-25 11:47:17,16680,-568,-1072
2026-05-25 11:47:19,16720,-656,-1140
2026-05-25 11:47:21,16668,-656,-1164
2026-05-25 11:47:23,16780,-688,-1176
2026-05-25 11:47:25,16708,-672,-1124
2026-05-25 11:47:27,16688,-620,-1188
2026-05-25 11:47:29,16628,-648,-1108
2026-05-25 11:47:31,16744,-632,-1160
2026-05-25 11:47:33,16676,-676,-1092
2026-05-25 11:47:35,16720,-628,-1064
2026-05-25 11:47:37,16708,-696,-1136
2026-05-25 11:47:39,16716,-604,-1104
2026-05-25 11:47:41,16700,-700,-1124
2026-05-25 11:47:43,16720,-684,-1076
2026-05-25 11:47:45,16660,-612,-1088
2026-05-25 11:47:47,16680,-576,-1156
2026-05-25 11:47:49,16688,-608,-1148
2026-05-25 11:47:51,16764,-684,-1180
2026-05-25 11:47:53,16680,-760,-996
2026-05-25 11:47:55,16704,-676,-1248
2026-05-25 11:47:57,16744,-548,-1140
2026-05-25 11:47:59,16716,-736,-1244
2026-05-25 11:48:01,16680,-688,-1072
2026-05-25 11:48:03,16620,-692,-1168
2026-05-25 11:48:05,16700,-580,-1160
2026-05-25 11:48:07,16652,-596,-1112
2026-05-25 11:48:09,16724,-636,-1184
2026-05-25 11:48:11,16732,-676,-1104
2026-05-25 11:48:13,16676,-612,-1052
2026-05-25 11:48:15,16712,-624,-1072
2026-05-25 11:48:17,16664,-604,-1080
2026-05-25 11:48:19,16688,-620,-1212
2026-05-25 11:48:21,16732,-632,-1196
2026-05-25 11:48:23,16736,-660,-1140
2026-05-25 11:48:25,16740,-592,-1232
2026-05-25 11:48:27,16768,-672,-1140
2026-05-25 11:48:29,16740,-604,-1164
2026-05-25 11:48:31,16724,-616,-1208
2026-05-25 11:48:33,16676,-612,-1132
2026-05-25 11:48:35,16708,-684,-1244
2026-05-25 11:48:37,16712,-544,-1124
2026-05-25 11:48:39,16716,-588,-1056
2026-05-25 11:48:41,16676,-668,-1108
2026-05-25 11:48:43,16720,-612,-1192
2026-05-25 11:48:45,16668,-628,-1084
2026-05-25 11:48:47,16716,-600,-1116
2026-05-25 11:48:49,16700,-584,-1176
2026-05-25 11:48:51,16704,-612,-1088
2026-05-25 11:48:53,16676,-632,-1104
2026-05-25 11:48:55,16724,-628,-1216
2026-05-25 11:48:57,16680,-616,-1172
2026-05-25 11:48:59,16652,-552,-1072
2026-05-25 11:49:01,16680,-628,-1140
2026-05-25 11:49:03,16676,-580,-1092
2026-05-25 11:49:05,16696,-608,-1120
2026-05-25 11:49:07,16672,-612,-1096
2026-05-25 11:49:09,16700,-664,-1140
2026-05-25 11:49:11,16744,-672,-1112
2026-05-25 11:49:13,16708,-620,-1032
2026-05-25 11:49:15,16724,-648,-1100
2026-05-25 11:49:17,16724,-588,-1192
2026-05-25 11:49:19,16684,-608,-1164
2026-05-25 11:49:21,16792,-584,-1296
2026-05-25 11:49:23,16712,-656,-1060
2026-05-25 11:49:25,16688,-668,-1104
2026-05-25 11:49:27,16712,-632,-1124
2026-05-25 11:49:29,16724,-600,-1100
2026-05-25 11:49:31,16768,-624,-1092
2026-05-25 11:49:33,16740,-624,-1140
2026-05-25 11:49:35,16736,-656,-1124
2026-05-25 11:49:37,16680,-616,-1148
2026-05-25 11:49:39,16672,-612,-1160
2026-05-25 11:49:41,16684,-636,-1120
2026-05-25 11:49:43,16720,-608,-1180
2026-05-25 11:49:45,16680,-628,-1064
2026-05-25 11:49:47,16728,-680,-1068
2026-05-25 11:49:49,16636,-584,-1220
2026-05-25 11:49:51,16704,-704,-1148
2026-05-25 11:49:53,16752,-668,-1120
2026-05-25 11:49:55,16748,-632,-1168
2026-05-25 11:49:57,16680,-656,-1124
2026-05-25 11:49:59,16656,-568,-1116
2026-05-25 11:50:01,16708,-680,-1088
2026-05-25 11:50:03,16660,-608,-1140
2026-05-25 11:50:05,16696,-652,-1152
2026-05-25 11:50:07,16696,-624,-1168
2026-05-25 11:50:09,16732,-668,-1124
2026-05-25 11:50:11,16712,-676,-1136
2026-05-25 11:50:13,16672,-660,-1128
2026-05-25 11:50:15,16724,-660,-1068
2026-05-25 11:50:17,16700,-652,-1228
2026-05-25 11:50:19,16748,-592,-1140
2026-05-25 11:50:21,16760,-592,-1260
2026-05-25 11:50:23,16648,-632,-1076
2026-05-25 11:50:25,16680,-660,-1168
2026-05-25 11:50:27,16676,-664,-1140
2026-05-25 11:50:29,16688,-620,-1168
2026-05-25 11:50:31,16728,-628,-1156
2026-05-25 11:50:33,16688,-664,-1160
2026-05-25 11:50:35,16740,-660,-1152
2026-05-25 11:50:37,16740,-596,-1052
2026-05-25 11:50:39,16748,-628,-1148
2026-05-25 11:50:41,16676,-600,-1096
2026-05-25 11:50:43,16736,-696,-1160
2026-05-25 11:50:45,16716,-640,-1176
2026-05-25 11:50:47,16704,-664,-1164
2026-05-25 11:50:49,16716,-652,-1104
2026-05-25 11:50:51,16672,-636,-1108
2026-05-25 11:50:53,16732,-620,-1120
2026-05-25 11:50:55,16692,-608,-1124
2026-05-25 11:50:57,16684,-604,-1036
2026-05-25 11:50:59,16632,-604,-1120
2026-05-25 11:51:01,16700,-680,-1092
2026-05-25 11:51:03,16724,-644,-1172
2026-05-25 11:51:05,16744,-700,-1104
2026-05-25 11:51:07,16660,-656,-1160
2026-05-25 11:51:09,16608,-656,-1128
2026-05-25 11:51:11,16668,-612,-1068
2026-05-25 11:51:13,16740,-644,-1008
2026-05-25 11:51:15,16688,-648,-1124
2026-05-25 11:51:17,16676,-624,-1128
2026-05-25 11:51:19,16600,-696,-1196
2026-05-25 11:51:21,16700,-620,-1116
2026-05-25 11:51:23,16612,-588,-1148
2026-05-25 11:51:25,16664,-652,-1128
2026-05-25 11:51:27,16704,-720,-1164
2026-05-25 11:51:29,16680,-576,-1156
2026-05-25 11:51:31,16684,-628,-1100
2026-05-25 11:51:33,16716,-664,-1156
2026-05-25 11:51:35,16736,-616,-1120
2026-05-25 11:51:37,16756,-672,-1120
2026-05-25 11:51:39,16736,-648,-1152
2026-05-25 11:51:41,16700,-696,-1232
2026-05-25 11:51:43,16736,-636,-1156
2026-05-25 11:51:45,16664,-648,-1112
2026-05-25 11:51:47,16700,-664,-1152
2026-05-25 11:51:49,16704,-604,-1188
2026-05-25 11:51:51,16756,-632,-1164
2026-05-25 11:51:53,16640,-588,-1172
2026-05-25 11:51:55,16724,-612,-1100
2026-05-25 11:51:57,16712,-648,-1128
2026-05-25 11:51:59,16796,-688,-1188
2026-05-25 11:52:01,16632,-592,-1160
2026-05-25 11:52:03,16728,-604,-1168
2026-05-25 11:52:05,16676,-572,-1136
2026-05-25 11:52:07,16732,-696,-1168
2026-05-25 11:52:09,16632,-592,-1108
2026-05-25 11:52:11,16716,-664,-1028
2026-05-25 11:52:13,16716,-684,-1172
2026-05-25 11:52:15,16692,-628,-1100
2026-05-25 11:52:17,16680,-652,-1092
2026-05-25 11:52:19,16724,-608,-1112
2026-05-25 11:52:21,16700,-648,-1176
2026-05-25 11:52:23,16748,-584,-1172
2026-05-25 11:52:25,16712,-644,-1072
2026-05-25 11:52:27,16736,-672,-1060
2026-05-25 11:52:29,16696,-684,-1100
2026-05-25 11:52:31,16760,-636,-1308
2026-05-25 11:52:33,16724,-528,-1192
2026-05-25 11:52:35,16708,-604,-1020
2026-05-25 11:52:37,16672,-632,-1192
2026-05-25 11:52:39,16712,-632,-1112
2026-05-25 11:52:41,16708,-668,-1156
2026-05-25 11:52:43,16604,-636,-1152
2026-05-25 11:52:45,16756,-640,-1160
2026-05-25 11:52:47,16720,-636,-1120
2026-05-25 11:52:49,16744,-628,-1152
2026-05-25 11:52:51,16700,-656,-1164
2026-05-25 11:52:53,16676,-656,-1092
2026-05-25 11:52:55,16752,-632,-1136
2026-05-25 11:52:57,16656,-580,-1152
2026-05-25 11:52:59,16620,-632,-1232
2026-05-25 11:53:01,16752,-636,-1100
2026-05-25 11:53:03,16660,-616,-1156
2026-05-25 11:53:05,16696,-632,-1196
2026-05-25 11:53:07,16756,-620,-1076
2026-05-25 11:53:09,16672,-692,-1132
2026-05-25 11:53:11,16716,-692,-1148
2026-05-25 11:53:13,16732,-640,-1104
2026-05-25 11:53:15,16696,-664,-1184
2026-05-25 11:53:17,16680,-596,-1188
2026-05-25 11:53:19,16780,-708,-1116
2026-05-25 11:53:21,16708,-676,-1140
2026-05-25 11:53:23,16668,-660,-1112
2026-05-25 11:53:25,16688,-636,-1132
2026-05-25 11:53:27,16660,-604,-1084
2026-05-25 11:53:29,16752,-672,-1116
2026-05-25 11:53:31,16748,-656,-1160
2026-05-25 11:53:33,16668,-640,-1140
2026-05-25 11:53:35,16744,-636,-1144
2026-05-25 11:53:37,16708,-612,-1132
2026-05-25 11:53:39,16700,-600,-1040
2026-05-25 11:53:41,16748,-652,-1040
2026-05-25 11:53:43,16744,-608,-1112
2026-05-25 11:53:45,16700,-672,-1224
2026-05-25 11:53:47,16716,-608,-1052
2026-05-25 11:53:49,16700,-612,-1160
2026-05-25 11:53:51,16696,-608,-1140
2026-05-25 11:53:53,16692,-656,-1132
2026-05-25 11:53:55,16648,-616,-1132
2026-05-25 11:53:57,16680,-636,-1072
2026-05-25 11:53:59,16740,-660,-1132
2026-05-25 11:54:01,16668,-720,-1144
2026-05-25 11:54:03,16636,-584,-1024
2026-05-25 11:54:05,16788,-648,-1136
2026-05-25 11:54:07,16604,-680,-1084
2026-05-25 11:54:09,16676,-676,-1096
2026-05-25 11:54:11,16668,-672,-1112
2026-05-25 11:54:13,16796,-624,-1172
2026-05-25 11:54:15,16716,-612,-1076
2026-05-25 11:54:17,16760,-604,-1132
2026-05-25 11:54:19,16732,-640,-1196
2026-05-25 11:54:21,16772,-676,-1112
2026-05-25 11:54:23,16656,-664,-1252
2026-05-25 11:54:25,16700,-604,-1212
2026-05-25 11:54:27,16736,-624,-1064
2026-05-25 11:54:29,16716,-688,-1232
2026-05-25 11:54:31,16664,-616,-1112
2026-05-25 11:54:33,16668,-640,-1144
2026-05-25 11:54:35,16672,-632,-1220
2026-05-25 11:54:37,16756,-676,-1120
2026-05-25 11:54:39,16704,-652,-1204
2026-05-25 11:54:41,16704,-628,-1136
2026-05-25 11:54:43,16668,-628,-1156
2026-05-25 11:54:45,16660,-628,-1140
2026-05-25 11:54:47,16724,-652,-1128
2026-05-25 11:54:49,16780,-664,-1064
2026-05-25 11:54:51,16700,-684,-1200
2026-05-25 11:54:53,16648,-576,-1180
2026-05-25 11:54:55,16668,-648,-1140
2026-05-25 11:54:57,16708,-632,-1132
2026-05-25 11:54:59,16704,-668,-1112
2026-05-25 11:55:01,16684,-588,-1220
2026-05-25 11:55:03,16740,-680,-1188
2026-05-25 11:55:05,16716,-596,-1140
2026-05-25 11:55:07,16724,-612,-1124
2026-05-25 11:55:09,16744,-648,-1128
2026-05-25 11:55:11,16644,-660,-1180
2026-05-25 11:55:13,16736,-632,-1136
2026-05-25 11:55:15,16676,-740,-1212
2026-05-25 11:55:17,16640,-628,-1156
2026-05-25 11:55:19,16644,-648,-1184
2026-05-25 11:55:21,16788,-632,-1104
2026-05-25 11:55:23,16704,-676,-1200
2026-05-25 11:55:25,16704,-620,-1088
2026-05-25 11:55:27,16696,-636,-1104
2026-05-25 11:55:29,16716,-644,-1096
2026-05-25 11:55:31,16704,-672,-1192
2026-05-25 11:55:33,16736,-656,-1136
2026-05-25 11:55:35,16660,-652,-1140
2026-05-25 11:55:37,16724,-612,-1204
2026-05-25 11:55:39,16712,-616,-1092
2026-05-25 11:55:41,16648,-624,-1180
2026-05-25 11:55:43,16668,-616,-1056
2026-05-25 11:55:45,16672,-652,-1048
2026-05-25 11:55:47,16720,-596,-1160
2026-05-25 11:55:49,16696,-592,-1088
2026-05-25 11:55:51,16696,-652,-1208
2026-05-25 11:55:53,16676,-600,-1212
2026-05-25 11:55:55,16720,-640,-1176
2026-05-25 11:55:57,16744,-636,-1144
2026-05-25 11:55:59,16716,-656,-1212
2026-05-25 11:56:01,16672,-632,-1188
2026-05-25 11:56:03,16708,-596,-1268
2026-05-25 11:56:05,16640,-616,-1096
2026-05-25 11:56:07,16644,-604,-1176
2026-05-25 11:56:09,16648,-680,-1076
2026-05-25 11:56:11,16688,-652,-1196
2026-05-25 11:56:13,16660,-572,-1180
2026-05-25 11:56:15,16724,-620,-1200
2026-05-25 11:56:17,16700,-648,-1104
2026-05-25 11:56:19,16664,-696,-1088
2026-05-25 11:56:21,16672,-556,-1164
2026-05-25 11:56:23,16752,-708,-1124
2026-05-25 11:56:25,16680,-636,-1072
2026-05-25 11:56:27,16680,-720,-1112
2026-05-25 11:56:29,16672,-632,-1092
2026-05-25 11:56:31,16720,-636,-1128
2026-05-25 11:56:33,16680,-656,-1168
2026-05-25 11:56:35,16720,-676,-1144
2026-05-25 11:56:37,16612,-688,-1148
2026-05-25 11:56:39,16660,-688,-1156
2026-05-25 11:56:41,16640,-612,-1088
2026-05-25 11:56:43,16668,-668,-1096
2026-05-25 11:56:45,16716,-592,-1136
2026-05-25 11:56:47,16720,-616,-1096
2026-05-25 11:56:49,16680,-652,-1044
2026-05-25 11:56:51,16660,-632,-1212
2026-05-25 11:56:53,16700,-652,-1104
2026-05-25 11:56:55,16716,-656,-1224
2026-05-25 11:56:57,16672,-644,-1168
2026-05-25 11:56:59,16716,-632,-1168
2026-05-25 11:57:01,16656,-664,-1192
2026-05-25 11:57:03,16728,-628,-1176
2026-05-25 11:57:05,16708,-696,-1184
2026-05-25 11:57:07,16764,-612,-1160
2026-05-25 11:57:09,16736,-612,-1148
2026-05-25 11:57:11,16732,-556,-1088
2026-05-25 11:57:13,16712,-676,-1116
2026-05-25 11:57:15,16712,-676,-1112
2026-05-25 11:57:17,16648,-712,-1100
2026-05-25 11:57:19,16660,-672,-1176
2026-05-25 11:57:21,16736,-640,-1224
2026-05-25 11:57:23,16748,-632,-1180
2026-05-25 11:57:25,16660,-636,-1160
2026-05-25 11:57:27,16668,-700,-1088
2026-05-25 11:57:29,16732,-620,-1100
2026-05-25 11:57:31,16696,-660,-1140
2026-05-25 11:57:33,16712,-648,-1256
2026-05-25 11:57:35,16716,-608,-1016
2026-05-25 11:57:37,16700,-672,-1148
2026-05-25 11:57:39,16720,-612,-1180
2026-05-25 11:57:41,16712,-612,-1036
2026-05-25 11:57:43,16644,-624,-1180
2026-05-25 11:57:45,16664,-648,-1092
2026-05-25 11:57:47,16692,-664,-1040
2026-05-25 11:57:49,16684,-664,-1112
2026-05-25 11:57:51,16684,-632,-1156
2026-05-25 11:57:53,16696,-592,-1232
2026-05-25 11:57:55,16656,-596,-1068
2026-05-25 11:57:57,16764,-600,-1140
2026-05-25 11:57:59,16636,-612,-1140
2026-05-25 11:58:01,16728,-636,-1208
2026-05-25 11:58:03,16692,-608,-1092
2026-05-25 11:58:05,16668,-672,-1184
2026-05-25 11:58:07,16688,-616,-1076
2026-05-25 11:58:09,16680,-636,-1156
2026-05-25 11:58:11,16724,-648,-1112
2026-05-25 11:58:13,16716,-588,-1188
2026-05-25 11:58:15,16752,-576,-1232
2026-05-25 11:58:17,16660,-656,-1112
2026-05-25 11:58:19,16676,-636,-1148
2026-05-25 11:58:21,16700,-676,-1132
2026-05-25 11:58:23,16716,-676,-1108
2026-05-25 11:58:25,16676,-616,-1168
2026-05-25 11:58:27,16788,-632,-1204
2026-05-25 11:58:29,16712,-592,-1136
2026-05-25 11:58:31,16628,-696,-1180
2026-05-25 11:58:33,16740,-620,-1172
2026-05-25 11:58:35,16700,-660,-1088
2026-05-25 11:58:37,16672,-568,-1188
2026-05-25 11:58:39,16652,-628,-1132
2026-05-25 11:58:41,16672,-656,-1140
2026-05-25 11:58:43,16628,-636,-1196
2026-05-25 11:58:45,16728,-676,-1100
2026-05-25 11:58:47,16676,-616,-1144
2026-05-25 11:58:49,16660,-616,-1164
2026-05-25 11:58:51,16708,-684,-1088
2026-05-25 11:58:53,16688,-596,-1148
2026-05-25 11:58:55,16720,-652,-1164
2026-05-25 11:58:57,16688,-616,-1100
2026-05-25 11:58:59,16660,-656,-1144
2026-05-25 11:59:01,16672,-624,-1128
2026-05-25 11:59:03,16704,-644,-1172
2026-05-25 11:59:05,16716,-648,-1168
2026-05-25 11:59:07,16616,-700,-1108
2026-05-25 11:59:09,16708,-652,-1124
2026-05-25 11:59:11,16696,-600,-1096
2026-05-25 11:59:13,16708,-684,-1096
2026-05-25 11:59:15,16696,-616,-1208
2026-05-25 11:59:17,16712,-648,-1144
2026-05-25 11:59:19,16724,-680,-1188
2026-05-25 11:59:21,16696,-612,-1140
2026-05-25 11:59:23,16680,-636,-1080
2026-05-25 11:59:25,16732,-620,-1116
2026-05-25 11:59:27,16736,-672,-1096
2026-05-25 11:59:29,16688,-644,-1072
2026-05-25 11:59:31,16708,-728,-1200
2026-05-25 11:59:33,16616,-704,-1172
2026-05-25 11:59:35,16724,-668,-1092
2026-05-25 11:59:37,16688,-584,-1128
2026-05-25 11:59:39,16732,-652,-1104
2026-05-25 11:59:41,16700,-652,-1104
2026-05-25 11:59:43,16688,-632,-960
2026-05-25 11:59:45,16696,-668,-1260
2026-05-25 11:59:47,16684,-660,-1060
2026-05-25 11:59:49,16684,-628,-1128
2026-05-25 11:59:51,16684,-632,-1184
2026-05-25 11:59:53,16728,-644,-1300
2026-05-25 11:59:55,16716,-616,-1132
2026-05-25 11:59:57,16684,-636,-1084
2026-05-25 11:59:59,16716,-664,-1168
2026-05-25 12:00:01,16700,-620,-1080
2026-05-25 12:00:03,16660,-680,-1116
2026-05-25 12:00:05,16656,-652,-1228
2026-05-25 12:00:07,16676,-628,-1184
2026-05-25 12:00:09,16704,-636,-1156
2026-05-25 12:00:11,16720,-620,-1160
2026-05-25 12:00:13,16636,-672,-1148
2026-05-25 12:00:15,16692,-608,-1112
2026-05-25 12:00:17,16712,-620,-1168
2026-05-25 12:00:19,16672,-656,-1208
2026-05-25 12:00:21,16680,-644,-1192
2026-05-25 12:00:23,16672,-620,-1044
2026-05-25 12:00:25,16724,-612,-1180
2026-05-25 12:00:27,16700,-636,-1192
2026-05-25 12:00:29,16684,-612,-1168
2026-05-25 12:00:31,16708,-604,-1204
2026-05-25 12:00:33,16728,-604,-1140
2026-05-25 12:00:35,16700,-624,-1100
2026-05-25 12:00:37,16728,-672,-1044
2026-05-25 12:00:39,16756,-592,-1116
2026-05-25 12:00:41,16636,-640,-1292
2026-05-25 12:00:43,16724,-664,-1316
2026-05-25 12:00:45,16700,-632,-1144
2026-05-25 12:00:47,16652,-728,-1160
2026-05-25 12:00:49,16712,-676,-1236
2026-05-25 12:00:51,16732,-668,-1096
2026-05-25 12:00:53,16668,-648,-1172
2026-05-25 12:00:55,16664,-660,-1204
2026-05-25 12:00:57,16660,-608,-1180
2026-05-25 12:00:59,16696,-680,-1180
2026-05-25 12:01:01,16672,-628,-1172
2026-05-25 12:01:03,16716,-632,-1168
2026-05-25 12:01:05,16692,-680,-1104
2026-05-25 12:01:07,16700,-620,-1164
2026-05-25 12:01:09,16704,-604,-1156
2026-05-25 12:01:11,16656,-636,-1172
2026-05-25 12:01:13,16680,-660,-1176
2026-05-25 12:01:15,16652,-624,-1184
2026-05-25 12:01:17,16728,-616,-1168
2026-05-25 12:01:19,16704,-640,-1164
2026-05-25 12:01:21,16712,-644,-1184
2026-05-25 12:01:23,16680,-636,-1152
2026-05-25 12:01:25,16652,-656,-1236
2026-05-25 12:01:27,16752,-608,-1080
2026-05-25 12:01:29,16660,-704,-1108
2026-05-25 12:01:31,16696,-696,-1072
2026-05-25 12:01:33,16736,-692,-1252
2026-05-25 12:01:35,16604,-604,-1268
2026-05-25 12:01:37,16700,-616,-1128
2026-05-25 12:01:39,16740,-612,-1156
2026-05-25 12:01:41,16684,-688,-1148
2026-05-25 12:01:43,16656,-600,-1124
2026-05-25 12:01:45,16672,-644,-1216
2026-05-25 12:01:47,16680,-592,-1228
2026-05-25 12:01:49,16652,-624,-1152
2026-05-25 12:01:51,16684,-636,-1208
2026-05-25 12:01:53,16756,-664,-1164
2026-05-25 12:01:55,16684,-608,-1184
2026-05-25 12:01:57,16668,-560,-1104
2026-05-25 12:01:59,16644,-640,-1172
2026-05-25 12:02:01,16696,-620,-1256
2026-05-25 12:02:03,16768,-648,-1124
2026-05-25 12:02:05,16728,-652,-1184
2026-05-25 12:02:07,16680,-624,-1276
2026-05-25 12:02:09,16720,-604,-1152
2026-05-25 12:02:11,16700,-628,-1208
2026-05-25 12:02:13,16628,-652,-1224
2026-05-25 12:02:15,16716,-600,-1228
2026-05-25 12:02:17,16708,-712,-1216
2026-05-25 12:02:19,16704,-644,-1132
2026-05-25 12:02:21,16676,-616,-1200
2026-05-25 12:02:23,16668,-636,-1164
2026-05-25 12:02:25,16664,-680,-1152
2026-05-25 12:02:27,16644,-572,-1260
2026-05-25 12:02:29,16716,-612,-1192
2026-05-25 12:02:31,16640,-596,-1208
2026-05-25 12:02:33,16644,-704,-1176
2026-05-25 12:02:35,16648,-660,-1152
2026-05-25 12:02:37,16696,-680,-1208
2026-05-25 12:02:39,16724,-620,-1200
2026-05-25 12:02:41,16680,-672,-1148
2026-05-25 12:02:43,16648,-612,-1256
2026-05-25 12:02:45,16704,-584,-1112
2026-05-25 12:02:47,16740,-672,-1180
2026-05-25 12:02:49,16660,-676,-1100
2026-05-25 12:02:51,16676,-616,-1296
2026-05-25 12:02:53,16680,-608,-1120
2026-05-25 12:02:55,16748,-612,-1088
2026-05-25 12:02:57,16696,-664,-1192
2026-05-25 12:02:59,16712,-640,-1168
2026-05-25 12:03:01,16656,-636,-1112
2026-05-25 12:03:03,16752,-620,-1120
2026-05-25 12:03:05,16716,-620,-1240
2026-05-25 12:03:07,16660,-576,-1192
2026-05-25 12:03:09,16672,-728,-1028
2026-05-25 12:03:11,16932,-536,-1064
2026-05-25 12:03:13,16744,-688,-1116
2026-05-25 12:03:15,16740,-716,-1164
2026-05-25 12:03:17,16684,-696,-1132
2026-05-25 12:03:19,16724,-568,-1092
2026-05-25 12:03:21,16616,-632,-1260
2026-05-25 12:03:23,16720,-656,-1072
2026-05-25 12:03:25,16684,-712,-1352
2026-05-25 12:03:27,16760,-656,-1236
2026-05-25 12:03:29,16676,-636,-1240
2026-05-25 12:03:31,16708,-672,-1208
2026-05-25 12:03:33,16632,-688,-1136
2026-05-25 12:03:35,16652,-660,-1220
2026-05-25 12:03:37,16692,-652,-1224
2026-05-25 12:03:39,16700,-712,-1116
2026-05-25 12:03:41,16668,-604,-1168
2026-05-25 12:03:43,16708,-664,-1188
2026-05-25 12:03:45,16700,-700,-1180
2026-05-25 12:03:47,16712,-632,-1252
2026-05-25 12:03:49,16696,-676,-1280
2026-05-25 12:03:51,16748,-680,-1108
2026-05-25 12:03:53,16704,-720,-1172
2026-05-25 12:03:55,16676,-712,-1104
2026-05-25 12:03:57,16684,-712,-1168
2026-05-25 12:03:59,16724,-680,-1192
2026-05-25 12:04:01,16616,-716,-1276
2026-05-25 12:04:03,16688,-740,-1228
2026-05-25 12:04:05,16624,-704,-1196
2026-05-25 12:04:07,16688,-648,-1180
2026-05-25 12:04:09,16648,-700,-1284
2026-05-25 12:04:11,16756,-660,-1268
2026-05-25 12:04:13,16700,-696,-1140
2026-05-25 12:04:15,16716,-652,-1172
2026-05-25 12:04:17,16744,-680,-1220
2026-05-25 12:04:19,16672,-728,-1200
2026-05-25 12:04:21,16688,-704,-1120
2026-05-25 12:04:23,16724,-664,-1132
2026-05-25 12:04:25,16692,-676,-1204
2026-05-25 12:04:27,16672,-672,-1196
2026-05-25 12:04:29,16680,-712,-1236
2026-05-25 12:04:31,16708,-692,-1248
2026-05-25 12:04:33,16700,-660,-1132
2026-05-25 12:04:35,16664,-696,-1120
2026-05-25 12:04:37,16672,-700,-1236
2026-05-25 12:04:39,16664,-728,-1208
2026-05-25 12:04:41,16688,-688,-1180
2026-05-25 12:04:43,16700,-716,-1188
2026-05-25 12:04:45,16712,-680,-1168
2026-05-25 12:04:47,16756,-668,-1240
2026-05-25 12:04:49,16684,-700,-1132
2026-05-25 12:04:51,16720,-640,-1260
2026-05-25 12:04:53,16752,-688,-1116
2026-05-25 12:04:55,16656,-732,-1220
2026-05-25 12:04:57,16676,-700,-1192
2026-05-25 12:04:59,16672,-704,-1148
2026-05-25 12:05:01,16728,-644,-1204
2026-05-25 12:05:03,16652,-700,-1148
2026-05-25 12:05:05,16668,-676,-1180
2026-05-25 12:05:07,16684,-700,-1196
2026-05-25 12:05:09,16740,-644,-1224
2026-05-25 12:05:11,16700,-724,-1160
2026-05-25 12:05:13,16704,-776,-1168
2026-05-25 12:05:15,16752,-624,-1220
2026-05-25 12:05:17,16700,-660,-1164
2026-05-25 12:05:19,16668,-684,-1220
2026-05-25 12:05:21,16728,-696,-1216
2026-05-25 12:05:23,16652,-692,-1104
2026-05-25 12:05:25,16696,-752,-1212
2026-05-25 12:05:27,16672,-712,-1208
2026-05-25 12:05:29,16736,-684,-1168
2026-05-25 12:05:31,16604,-756,-1252
2026-05-25 12:05:33,16684,-728,-1124
2026-05-25 12:05:35,16684,-672,-1204
2026-05-25 12:05:37,16676,-684,-1172
2026-05-25 12:05:39,16640,-696,-1160
2026-05-25 12:05:41,16664,-696,-1200
2026-05-25 12:05:43,16740,-668,-1220
2026-05-25 12:05:45,16708,-688,-1156
2026-05-25 12:05:47,16756,-784,-1260
2026-05-25 12:05:49,16640,-728,-1120
2026-05-25 12:05:51,16628,-712,-1140
2026-05-25 12:05:53,16692,-680,-1124
2026-05-25 12:05:55,16704,-604,-1196
2026-05-25 12:05:57,16748,-688,-1200
2026-05-25 12:05:59,16688,-664,-1148
2026-05-25 12:06:01,16724,-628,-1172
2026-05-25 12:06:03,16732,-712,-1148
2026-05-25 12:06:05,16724,-660,-1060
2026-05-25 12:06:07,16652,-720,-1184
2026-05-25 12:06:09,16660,-772,-1168
2026-05-25 12:06:11,16708,-708,-1168
2026-05-25 12:06:13,16696,-692,-1140
2026-05-25 12:06:15,16696,-748,-1244
2026-05-25 12:06:17,16708,-692,-1140
2026-05-25 12:06:19,16668,-644,-1140
2026-05-25 12:06:21,16764,-672,-1228
2026-05-25 12:06:23,16604,-640,-1160
2026-05-25 12:06:25,16664,-692,-1252
2026-05-25 12:06:27,16700,-648,-1224
2026-05-25 12:06:29,16716,-640,-1140
2026-05-25 12:06:31,16680,-552,-1144
2026-05-25 12:06:33,16664,-656,-1228
2026-05-25 12:06:35,16732,-684,-1148
2026-05-25 12:06:37,16628,-668,-1252
2026-05-25 12:06:39,16716,-744,-1192
2026-05-25 12:06:41,16680,-696,-1204
2026-05-25 12:06:43,16696,-672,-1292
2026-05-25 12:06:45,16760,-692,-1152
2026-05-25 12:06:47,16704,-688,-1228
2026-05-25 12:06:49,16696,-724,-1224
2026-05-25 12:06:51,16684,-680,-1148
2026-05-25 12:06:53,16752,-668,-1196
2026-05-25 12:06:55,16768,-704,-1136
2026-05-25 12:06:57,16720,-652,-1264
2026-05-25 12:06:59,16656,-688,-1216
2026-05-25 12:07:01,16736,-672,-1144
2026-05-25 12:07:03,16692,-724,-1136
2026-05-25 12:07:05,16752,-664,-1228
2026-05-25 12:07:07,16736,-624,-1188
2026-05-25 12:07:09,16704,-632,-1192
2026-05-25 12:07:11,16660,-724,-1144
2026-05-25 12:07:13,16680,-664,-1160
2026-05-25 12:07:15,16716,-648,-1092
2026-05-25 12:07:17,16696,-696,-1176
2026-05-25 12:07:19,16652,-640,-1184
2026-05-25 12:07:21,16728,-692,-1200
2026-05-25 12:07:23,16696,-676,-1256
2026-05-25 12:07:25,16704,-696,-1104
2026-05-25 12:07:27,16700,-704,-1292
2026-05-25 12:07:29,16728,-716,-1132
2026-05-25 12:07:31,16676,-672,-1208
2026-05-25 12:07:33,16740,-692,-1120
2026-05-25 12:07:35,16728,-716,-1172
2026-05-25 12:07:37,16672,-668,-1188
2026-05-25 12:07:39,16720,-648,-1100
2026-05-25 12:07:41,16712,-672,-1176
2026-05-25 12:07:43,16688,-676,-1160
2026-05-25 12:07:45,16716,-716,-1124
2026-05-25 12:07:47,16664,-656,-1228
2026-05-25 12:07:49,16712,-664,-1240
2026-05-25 12:07:51,16656,-728,-1160
2026-05-25 12:07:53,16644,-748,-1212
2026-05-25 12:07:55,16684,-736,-1136
2026-05-25 12:07:57,16700,-648,-1208
2026-05-25 12:07:59,16692,-576,-1120
2026-05-25 12:08:01,16724,-656,-1136
2026-05-25 12:08:03,16684,-680,-1204
2026-05-25 12:08:05,16732,-696,-1192
2026-05-25 12:08:07,16652,-668,-1248
2026-05-25 12:08:09,16676,-740,-1204
2026-05-25 12:08:11,16732,-716,-1156
2026-05-25 12:08:13,16720,-712,-1120
2026-05-25 12:08:15,16680,-692,-1204
2026-05-25 12:08:17,16712,-672,-1260
2026-05-25 12:08:19,16668,-712,-1176
2026-05-25 12:08:21,16700,-732,-1188
2026-05-25 12:08:23,16672,-680,-1136
2026-05-25 12:08:25,16656,-720,-1172
2026-05-25 12:08:27,16652,-676,-1276
2026-05-25 12:08:29,16712,-652,-1188
2026-05-25 12:08:31,16700,-700,-1204
2026-05-25 12:08:33,16676,-728,-1216
2026-05-25 12:08:35,16636,-748,-1140
2026-05-25 12:08:37,16720,-672,-1140
2026-05-25 12:08:39,16756,-656,-1120
2026-05-25 12:08:41,16700,-692,-1100
2026-05-25 12:08:43,16624,-624,-1140
2026-05-25 12:08:45,16656,-640,-1248
2026-05-25 12:08:47,16668,-704,-1160
2026-05-25 12:08:49,16700,-688,-1100
2026-05-25 12:08:51,16640,-772,-1216
2026-05-25 12:08:53,16688,-684,-1216
2026-05-25 12:08:55,16608,-684,-1136
2026-05-25 12:08:57,16636,-704,-1272
2026-05-25 12:08:59,16688,-696,-1136
2026-05-25 12:09:01,16696,-728,-1208
2026-05-25 12:09:03,16668,-732,-1168
2026-05-25 12:09:05,16684,-740,-1344
2026-05-25 12:09:07,16688,-668,-1192
2026-05-25 12:09:09,16724,-688,-1108
2026-05-25 12:09:11,16700,-724,-1216
2026-05-25 12:09:13,16720,-744,-1124
2026-05-25 12:09:15,16664,-692,-1124
2026-05-25 12:09:17,16696,-696,-1268
2026-05-25 12:09:19,16696,-664,-1120
2026-05-25 12:09:21,16676,-740,-1196
2026-05-25 12:09:23,16688,-696,-1196
2026-05-25 12:09:25,16708,-760,-1180
2026-05-25 12:09:27,16732,-700,-1208
2026-05-25 12:09:29,16588,-744,-1152
2026-05-25 12:09:31,16720,-692,-1200
2026-05-25 12:09:33,16680,-696,-1144
2026-05-25 12:09:35,16656,-736,-1180
2026-05-25 12:09:37,16680,-692,-1068
2026-05-25 12:09:39,16684,-688,-1184
2026-05-25 12:09:41,16748,-716,-1244
2026-05-25 12:09:43,16712,-700,-1232
2026-05-25 12:09:45,16708,-708,-1276
2026-05-25 12:09:47,16708,-728,-1160
2026-05-25 12:09:49,16676,-708,-1228
2026-05-25 12:09:51,16700,-656,-1156
2026-05-25 12:09:53,16696,-700,-1196
2026-05-25 12:09:55,16700,-716,-1156
2026-05-25 12:09:57,16676,-716,-1204
2026-05-25 12:09:59,16720,-704,-1232
2026-05-25 12:10:01,16712,-748,-1088
2026-05-25 12:10:03,16664,-720,-1180
2026-05-25 12:10:05,16712,-704,-1180
2026-05-25 12:10:07,16640,-780,-1140
2026-05-25 12:10:09,16668,-660,-1208
2026-05-25 12:10:11,16620,-720,-1268
2026-05-25 12:10:13,16704,-736,-1240
2026-05-25 12:10:15,16692,-664,-1216
2026-05-25 12:10:17,16708,-712,-1152
2026-05-25 12:10:19,16692,-736,-1168
2026-05-25 12:10:21,16728,-740,-1240
2026-05-25 12:10:23,16680,-708,-1176
2026-05-25 12:10:25,16704,-744,-1160
2026-05-25 12:10:27,16668,-732,-1260
2026-05-25 12:10:29,16668,-680,-1168
2026-05-25 12:10:31,16700,-760,-1140
2026-05-25 12:10:33,16640,-692,-1136
2026-05-25 12:10:35,16720,-680,-1176
2026-05-25 12:10:37,16688,-748,-1188
2026-05-25 12:10:39,16696,-740,-1180
2026-05-25 12:10:41,16680,-720,-1180
2026-05-25 12:10:43,16636,-736,-1192
2026-05-25 12:10:45,16620,-728,-1156
2026-05-25 12:10:47,16696,-708,-1160
2026-05-25 12:10:49,16632,-704,-1164
2026-05-25 12:10:51,16700,-692,-1228
2026-05-25 12:10:53,16588,-744,-1324
2026-05-25 12:10:55,16688,-700,-1168
2026-05-25 12:10:57,16672,-676,-1168
2026-05-25 12:10:59,16720,-736,-1248
2026-05-25 12:11:01,16684,-640,-1248
2026-05-25 12:11:03,16660,-716,-1316
2026-05-25 12:11:05,16692,-668,-1140
2026-05-25 12:11:07,16652,-728,-1260
2026-05-25 12:11:09,16632,-732,-1208
2026-05-25 12:11:11,16684,-708,-1220
2026-05-25 12:11:13,16612,-700,-1204
2026-05-25 12:11:15,16668,-692,-1260
2026-05-25 12:11:17,16748,-716,-1192
2026-05-25 12:11:19,16720,-660,-1228
2026-05-25 12:11:21,16712,-692,-1148
2026-05-25 12:11:23,16704,-716,-1248
2026-05-25 12:11:25,16636,-752,-1304
2026-05-25 12:11:27,16700,-728,-1188
2026-05-25 12:11:29,16668,-712,-1312
2026-05-25 12:11:31,16696,-752,-1200
2026-05-25 12:11:33,16692,-744,-1136
2026-05-25 12:11:35,16732,-708,-1168
2026-05-25 12:11:37,16668,-712,-1216
2026-05-25 12:11:39,16692,-708,-1144
2026-05-25 12:11:41,16688,-692,-1236
2026-05-25 12:11:43,16752,-656,-1204
2026-05-25 12:11:45,16684,-704,-1272
2026-05-25 12:11:47,16716,-720,-1244
2026-05-25 12:11:49,16708,-692,-1256
2026-05-25 12:11:51,16704,-680,-1168
2026-05-25 12:11:53,16664,-712,-1228
2026-05-25 12:11:55,16692,-708,-1204
2026-05-25 12:11:57,16700,-644,-1164
2026-05-25 12:11:59,16692,-712,-1152
2026-05-25 12:12:01,16728,-732,-1148
2026-05-25 12:12:03,16612,-704,-1224
2026-05-25 12:12:05,16628,-664,-1132
2026-05-25 12:12:07,16692,-704,-1264
2026-05-25 12:12:09,16676,-736,-1252
2026-05-25 12:12:11,16700,-736,-1144
2026-05-25 12:12:13,16732,-728,-1208
2026-05-25 12:12:15,16732,-720,-1156
2026-05-25 12:12:17,16676,-656,-1128
2026-05-25 12:12:19,16708,-652,-1192
2026-05-25 12:12:21,16668,-704,-1240
2026-05-25 12:12:23,16648,-708,-1264
2026-05-25 12:12:25,16684,-708,-1200
2026-05-25 12:12:27,16728,-728,-1244
2026-05-25 12:12:29,16672,-688,-1260
2026-05-25 12:12:31,16664,-728,-1284
2026-05-25 12:12:33,16684,-720,-1216
2026-05-25 12:12:35,16712,-728,-1252
2026-05-25 12:12:37,16672,-708,-1264
2026-05-25 12:12:39,16668,-720,-1204
2026-05-25 12:12:41,16728,-648,-1196
2026-05-25 12:12:43,16716,-724,-1188
2026-05-25 12:12:45,16684,-712,-1236
2026-05-25 12:12:47,16684,-712,-1208
2026-05-25 12:12:49,16728,-712,-1212
2026-05-25 12:12:51,16728,-700,-1220
2026-05-25 12:12:53,16740,-680,-1240
2026-05-25 12:12:55,16756,-712,-1164
2026-05-25 12:12:57,16680,-704,-1156
2026-05-25 12:12:59,16716,-740,-1140
2026-05-25 12:13:01,16648,-692,-1232
2026-05-25 12:13:03,16636,-704,-1276
2026-05-25 12:13:05,16748,-652,-1160
2026-05-25 12:13:07,16672,-668,-1160
2026-05-25 12:13:09,16644,-660,-1120
2026-05-25 12:13:11,16732,-704,-1120
2026-05-25 12:13:13,16636,-708,-1164
2026-05-25 12:13:15,16696,-708,-1240
2026-05-25 12:13:17,16704,-720,-1168
2026-05-25 12:13:19,16684,-648,-1272
2026-05-25 12:13:21,16740,-692,-1056
2026-05-25 12:13:23,16736,-720,-1184
2026-05-25 12:13:25,16696,-740,-1224
2026-05-25 12:13:27,16688,-728,-1192
2026-05-25 12:13:29,16720,-724,-1212
2026-05-25 12:13:31,16696,-680,-1168
2026-05-25 12:13:33,16728,-712,-1188
2026-05-25 12:13:35,16708,-692,-1200
2026-05-25 12:13:37,16656,-692,-1176
2026-05-25 12:13:39,16640,-648,-1208
2026-05-25 12:13:41,16708,-688,-1216
2026-05-25 12:13:43,16660,-808,-1128
2026-05-25 12:13:45,16680,-688,-1268
2026-05-25 12:13:47,16684,-684,-1156
2026-05-25 12:13:49,16740,-692,-1188
2026-05-25 12:13:51,16744,-736,-1200
2026-05-25 12:13:53,16640,-692,-1188
2026-05-25 12:13:55,16684,-684,-1208
2026-05-25 12:13:57,16668,-672,-1156
2026-05-25 12:13:59,16680,-720,-1296
2026-05-25 12:14:01,16696,-772,-1176
2026-05-25 12:14:03,16644,-696,-1192
2026-05-25 12:14:05,16664,-664,-1228
2026-05-25 12:14:07,16708,-720,-1184
2026-05-25 12:14:09,16688,-684,-1232
2026-05-25 12:14:11,16712,-756,-1276
2026-05-25 12:14:13,16720,-732,-1244
2026-05-25 12:14:15,16652,-692,-1168
2026-05-25 12:14:17,16688,-648,-1240
2026-05-25 12:14:19,16680,-740,-1248
2026-05-25 12:14:21,16636,-748,-1112
2026-05-25 12:14:23,16652,-720,-1272
2026-05-25 12:14:25,16624,-652,-1252
2026-05-25 12:14:27,16732,-744,-1200
2026-05-25 12:14:29,16648,-692,-1192
2026-05-25 12:14:31,16688,-680,-1176
2026-05-25 12:14:33,16660,-744,-1196
2026-05-25 12:14:35,16676,-692,-1340
2026-05-25 12:14:37,16736,-664,-1272
2026-05-25 12:14:39,16696,-668,-1156
2026-05-25 12:14:41,16676,-688,-1252
2026-05-25 12:14:43,16692,-684,-1184
2026-05-25 12:14:45,16680,-804,-1096
2026-05-25 12:14:47,16660,-716,-1284
2026-05-25 12:14:49,16692,-760,-1168
2026-05-25 12:14:51,16692,-732,-1200
2026-05-25 12:14:53,16704,-712,-1264
2026-05-25 12:14:55,16724,-676,-1256
2026-05-25 12:14:57,16660,-752,-1176
2026-05-25 12:14:59,16700,-656,-1308
2026-05-25 12:15:01,16708,-700,-1256
2026-05-25 12:15:03,16652,-700,-1208
2026-05-25 12:15:05,16704,-700,-1288
2026-05-25 12:15:07,16640,-716,-1232
2026-05-25 12:15:09,16688,-760,-1164
2026-05-25 12:15:11,16632,-728,-1168
2026-05-25 12:15:13,16604,-744,-1156
2026-05-25 12:15:15,16764,-636,-1228
2026-05-25 12:15:17,16644,-688,-1136
2026-05-25 12:15:19,16748,-708,-1216
2026-05-25 12:15:21,16712,-712,-1196
2026-05-25 12:15:23,16704,-696,-1216
2026-05-25 12:15:25,16712,-684,-1180
2026-05-25 12:15:27,16688,-716,-1148
2026-05-25 12:15:29,16740,-792,-1224
2026-05-25 12:15:31,16676,-736,-1264
2026-05-25 12:15:33,16680,-724,-1300
2026-05-25 12:15:35,16676,-716,-1116
2026-05-25 12:15:37,16680,-712,-1180
2026-05-25 12:15:39,16668,-708,-1128
2026-05-25 12:15:41,16672,-636,-1104
2026-05-25 12:15:43,16668,-712,-1168
2026-05-25 12:15:45,16732,-704,-1180
2026-05-25 12:15:47,16672,-692,-1260
2026-05-25 12:15:49,16752,-636,-1108
2026-05-25 12:15:51,16640,-712,-1172
2026-05-25 12:15:53,16712,-760,-1156
2026-05-25 12:15:55,16692,-700,-1244
2026-05-25 12:15:57,16700,-760,-1176
2026-05-25 12:15:59,16724,-648,-1252
2026-05-25 12:16:01,16724,-652,-1280
2026-05-25 12:16:03,16648,-664,-1100
2026-05-25 12:16:05,16676,-700,-1124
2026-05-25 12:16:07,16652,-692,-1244
2026-05-25 12:16:09,16672,-716,-1180
2026-05-25 12:16:11,16644,-676,-1204
2026-05-25 12:16:13,16692,-700,-1208
2026-05-25 12:16:15,16676,-688,-1280
2026-05-25 12:16:17,16700,-704,-1336
2026-05-25 12:16:19,16672,-704,-1224
2026-05-25 12:16:21,16692,-652,-1240
2026-05-25 12:16:23,16644,-780,-1092
2026-05-25 12:16:25,16724,-684,-1224
2026-05-25 12:16:27,16704,-680,-1192
2026-05-25 12:16:29,16600,-696,-1184
2026-05-25 12:16:31,16588,-652,-1208
2026-05-25 12:16:33,16732,-672,-1260
2026-05-25 12:16:35,16716,-728,-1244
2026-05-25 12:16:37,16676,-708,-1168
2026-05-25 12:16:39,16696,-740,-1248
2026-05-25 12:16:41,16652,-724,-1216
2026-05-25 12:16:43,16740,-708,-1224
2026-05-25 12:16:45,16756,-712,-1192
2026-05-25 12:16:47,16684,-672,-1192
2026-05-25 12:16:49,16652,-676,-1196
2026-05-25 12:16:51,16692,-712,-1248
2026-05-25 12:16:53,16696,-688,-1216
2026-05-25 12:16:55,16760,-728,-1296
2026-05-25 12:16:57,16712,-760,-1168
2026-05-25 12:16:59,16664,-704,-1284
2026-05-25 12:17:01,16676,-712,-1180
2026-05-25 12:17:03,16668,-724,-1192
2026-05-25 12:17:05,16712,-672,-1136
2026-05-25 12:17:07,16688,-756,-1216
2026-05-25 12:17:09,16692,-688,-1208
2026-05-25 12:17:11,16748,-720,-1104
2026-05-25 12:17:13,16732,-704,-1188
2026-05-25 12:17:15,16652,-712,-1248
2026-05-25 12:17:17,16676,-704,-1180
2026-05-25 12:17:19,16684,-716,-1232
2026-05-25 12:17:21,16704,-668,-1320
2026-05-25 12:17:23,16708,-680,-1172
2026-05-25 12:17:25,16700,-724,-1140
2026-05-25 12:17:27,16716,-724,-1204
2026-05-25 12:17:29,16660,-588,-1160
2026-05-25 12:17:31,16716,-672,-1184
2026-05-25 12:17:33,16660,-700,-1204
2026-05-25 12:17:35,16688,-704,-1196
2026-05-25 12:17:37,16696,-664,-1060
2026-05-25 12:17:39,16620,-652,-1208
2026-05-25 12:17:41,16704,-776,-1200
2026-05-25 12:17:43,16716,-724,-1128
2026-05-25 12:17:45,16736,-684,-1164
2026-05-25 12:17:47,16668,-704,-1172
2026-05-25 12:17:49,16712,-660,-1276
2026-05-25 12:17:51,16648,-692,-1136
2026-05-25 12:17:53,16676,-656,-1280
2026-05-25 12:17:55,16728,-728,-1188
2026-05-25 12:17:57,16720,-716,-1172
2026-05-25 12:17:59,16664,-772,-1232
2026-05-25 12:18:01,16700,-672,-1160
2026-05-25 12:18:03,16624,-716,-1176
2026-05-25 12:18:05,16680,-712,-1280
2026-05-25 12:18:07,16692,-684,-1228
2026-05-25 12:18:09,16668,-704,-1136
2026-05-25 12:18:11,16616,-732,-1120
2026-05-25 12:18:13,16704,-708,-1272
2026-05-25 12:18:15,16716,-824,-1220
2026-05-25 12:18:17,16680,-660,-1212
2026-05-25 12:18:19,16696,-720,-1252
2026-05-25 12:18:21,16672,-704,-1164
2026-05-25 12:18:23,16720,-668,-1264
2026-05-25 12:18:25,16688,-656,-1272
2026-05-25 12:18:27,16676,-772,-1248
2026-05-25 12:18:29,16652,-672,-1212
2026-05-25 12:18:31,16684,-664,-1140
2026-05-25 12:18:33,16672,-800,-1360
2026-05-25 12:18:35,16636,-628,-1224
2026-05-25 12:18:37,16720,-580,-1196
2026-05-25 12:18:39,16676,-656,-1196
2026-05-25 12:18:41,16692,-660,-1112
2026-05-25 12:18:43,16636,-636,-1160
2026-05-25 12:18:45,16696,-672,-1160
2026-05-25 12:18:47,16716,-640,-1164
2026-05-25 12:18:49,16668,-712,-1216
2026-05-25 12:18:51,16684,-652,-1008
2026-05-25 12:18:53,16660,-628,-1172
2026-05-25 12:18:55,16696,-664,-1244
2026-05-25 12:18:57,16656,-672,-1232
2026-05-25 12:18:59,16692,-680,-1220
2026-05-25 12:19:01,16692,-724,-1228
2026-05-25 12:19:03,16660,-688,-1168
2026-05-25 12:19:05,16760,-656,-1156
2026-05-25 12:19:07,16680,-660,-1192
2026-05-25 12:19:09,16652,-692,-1148
2026-05-25 12:19:11,16696,-616,-1268
2026-05-25 12:19:13,16752,-672,-1204
2026-05-25 12:19:15,16700,-672,-1256
2026-05-25 12:19:17,16620,-660,-1184
2026-05-25 12:19:19,16680,-676,-1180
2026-05-25 12:19:21,16660,-696,-1148
2026-05-25 12:19:23,16676,-708,-1228
2026-05-25 12:19:25,16668,-680,-1272
2026-05-25 12:19:27,16688,-636,-1252
2026-05-25 12:19:29,16668,-628,-1216
2026-05-25 12:19:31,16660,-720,-1136
2026-05-25 12:19:33,16700,-716,-1108
2026-05-25 12:19:35,16628,-680,-1232
2026-05-25 12:19:37,16712,-656,-1196
2026-05-25 12:19:39,16768,-644,-1152
2026-05-25 12:19:41,16692,-608,-1192
2026-05-25 12:19:43,16696,-680,-1120
2026-05-25 12:19:45,16712,-708,-1084
2026-05-25 12:19:47,16652,-704,-1112
2026-05-25 12:19:49,16656,-692,-1288
2026-05-25 12:19:51,16668,-696,-1248
2026-05-25 12:19:53,16720,-644,-1212
2026-05-25 12:19:55,16668,-688,-1220
2026-05-25 12:19:57,16672,-700,-1196
2026-05-25 12:19:59,16732,-604,-1240
2026-05-25 12:20:01,16716,-568,-1136
2026-05-25 12:20:03,16676,-744,-1196
2026-05-25 12:20:05,16708,-692,-1148
2026-05-25 12:20:07,16736,-656,-1236
2026-05-25 12:20:09,16668,-696,-1156
2026-05-25 12:20:11,16644,-628,-1112
2026-05-25 12:20:13,16684,-628,-1180
2026-05-25 12:20:15,16644,-684,-1188
2026-05-25 12:20:17,16656,-600,-1176
2026-05-25 12:20:19,16684,-656,-1244
2026-05-25 12:20:21,16676,-724,-1196
2026-05-25 12:20:23,16768,-660,-1148
2026-05-25 12:20:25,16704,-692,-1284
2026-05-25 12:20:27,16740,-640,-1180
2026-05-25 12:20:29,16684,-680,-1236
2026-05-25 12:20:31,16732,-632,-1104
2026-05-25 12:20:33,16688,-628,-1132
2026-05-25 12:20:35,16728,-664,-1232
2026-05-25 12:20:37,16664,-648,-1160
2026-05-25 12:20:39,16708,-692,-1156
2026-05-25 12:20:41,16664,-592,-1032
2026-05-25 12:20:43,16720,-628,-1112
2026-05-25 12:20:45,16664,-624,-1168
2026-05-25 12:20:47,16636,-688,-1144
2026-05-25 12:20:49,16660,-660,-1196
2026-05-25 12:20:51,16652,-708,-1124
2026-05-25 12:20:53,16780,-660,-1216
2026-05-25 12:20:55,16696,-596,-1188
2026-05-25 12:20:57,16720,-664,-1156
2026-05-25 12:20:59,16688,-580,-1224
2026-05-25 12:21:01,16700,-728,-1164
2026-05-25 12:21:03,16684,-680,-1124
2026-05-25 12:21:05,16768,-612,-1244
2026-05-25 12:21:07,16700,-668,-1188
2026-05-25 12:21:09,16640,-640,-1188
2026-05-25 12:21:11,16764,-652,-1132
2026-05-25 12:21:13,16708,-696,-1160
2026-05-25 12:21:15,16676,-600,-1084
2026-05-25 12:21:17,16716,-632,-1228
2026-05-25 12:21:19,16700,-656,-1232
2026-05-25 12:21:21,16632,-660,-1224
2026-05-25 12:21:23,16628,-696,-1196
2026-05-25 12:21:25,16584,-632,-1136
2026-05-25 12:21:27,16660,-700,-1052
2026-05-25 12:21:29,16740,-704,-1240
2026-05-25 12:21:31,16644,-644,-1052
2026-05-25 12:21:33,16712,-656,-1220
2026-05-25 12:21:35,16688,-668,-1096
2026-05-25 12:21:37,16664,-656,-1252
2026-05-25 12:21:39,16696,-692,-1132
2026-05-25 12:21:41,16704,-692,-1244
2026-05-25 12:21:43,16692,-640,-1176
2026-05-25 12:21:45,16664,-612,-1136
2026-05-25 12:21:47,16644,-716,-1080
2026-05-25 12:21:49,16700,-632,-1204
2026-05-25 12:21:51,16700,-624,-1228
2026-05-25 12:21:53,16660,-696,-1132
2026-05-25 12:21:55,16724,-680,-1184
2026-05-25 12:21:57,16712,-608,-1140
2026-05-25 12:21:59,16728,-648,-1144
2026-05-25 12:22:01,16700,-652,-1124
2026-05-25 12:22:03,16704,-696,-1148
2026-05-25 12:22:05,16676,-628,-1248
2026-05-25 12:22:07,16692,-648,-1216
2026-05-25 12:22:09,16720,-696,-1076
2026-05-25 12:22:11,16688,-648,-1048
2026-05-25 12:22:13,16720,-652,-1204
2026-05-25 12:22:15,16668,-668,-1200
2026-05-25 12:22:17,16692,-652,-1208
2026-05-25 12:22:19,16692,-660,-1192
2026-05-25 12:22:21,16772,-640,-1148
2026-05-25 12:22:23,16716,-688,-1188
2026-05-25 12:22:25,16696,-640,-1212
2026-05-25 12:22:27,16716,-644,-1068
2026-05-25 12:22:29,16684,-736,-1220
2026-05-25 12:22:31,16744,-640,-1092
2026-05-25 12:22:33,16640,-640,-1100
2026-05-25 12:22:35,16672,-620,-1156
2026-05-25 12:22:37,16744,-692,-1252
2026-05-25 12:22:39,16704,-680,-1160
2026-05-25 12:22:41,16720,-716,-1128
2026-05-25 12:22:43,16692,-632,-1188
2026-05-25 12:22:45,16716,-696,-1200
2026-05-25 12:22:47,16672,-696,-1204
2026-05-25 12:22:49,16756,-740,-1184
2026-05-25 12:22:51,16740,-756,-1140
2026-05-25 12:22:53,16716,-700,-1196
2026-05-25 12:22:55,16720,-656,-1088
2026-05-25 12:22:57,16676,-616,-1204
2026-05-25 12:22:59,16668,-648,-1132
2026-05-25 12:23:01,16680,-708,-1140
2026-05-25 12:23:03,16720,-704,-1096
2026-05-25 12:23:05,16684,-640,-1248
2026-05-25 12:23:07,16656,-696,-1124
2026-05-25 12:23:09,16684,-680,-1192
2026-05-25 12:23:11,16692,-668,-1208
2026-05-25 12:23:13,16676,-632,-1160
2026-05-25 12:23:15,16724,-628,-1160
2026-05-25 12:23:17,16716,-660,-1184
2026-05-25 12:23:19,16708,-640,-1260
2026-05-25 12:23:21,16656,-676,-1148
2026-05-25 12:23:23,16704,-668,-1168
2026-05-25 12:23:25,16688,-644,-1180
2026-05-25 12:23:27,16652,-616,-1216
2026-05-25 12:23:29,16660,-612,-1092
2026-05-25 12:23:31,16660,-700,-1096
2026-05-25 12:23:33,16672,-740,-1128
2026-05-25 12:23:35,16664,-684,-1228
2026-05-25 12:23:37,16668,-672,-1260
2026-05-25 12:23:39,16740,-636,-1168
2026-05-25 12:23:41,16672,-680,-1120
2026-05-25 12:23:43,16708,-648,-1144
2026-05-25 12:23:45,16692,-664,-1272
2026-05-25 12:23:47,16684,-604,-1156
2026-05-25 12:23:49,16720,-664,-1168
2026-05-25 12:23:51,16696,-640,-1040
2026-05-25 12:23:53,16692,-636,-1156
2026-05-25 12:23:55,16776,-684,-1140
2026-05-25 12:23:57,16652,-676,-1200
2026-05-25 12:23:59,16632,-700,-1140
2026-05-25 12:24:01,16708,-648,-1200
2026-05-25 12:24:03,16660,-700,-1204
2026-05-25 12:24:05,16696,-700,-1228
2026-05-25 12:24:07,16696,-676,-1124
2026-05-25 12:24:09,16664,-672,-1128
2026-05-25 12:24:11,16744,-652,-1148
2026-05-25 12:24:13,16720,-676,-1124
2026-05-25 12:24:15,16740,-700,-1156
2026-05-25 12:24:17,16696,-656,-1156
2026-05-25 12:24:19,16740,-688,-1192
2026-05-25 12:24:21,16696,-688,-1124
2026-05-25 12:24:23,16692,-692,-1060
2026-05-25 12:24:25,16648,-660,-1136
2026-05-25 12:24:27,16700,-672,-1136
2026-05-25 12:24:29,16664,-640,-1260
2026-05-25 12:24:31,16740,-612,-1168
2026-05-25 12:24:33,16684,-704,-1120
2026-05-25 12:24:35,16696,-612,-1148
2026-05-25 12:24:37,16700,-640,-1100
2026-05-25 12:24:39,16724,-632,-1124
2026-05-25 12:24:41,16688,-660,-1236
2026-05-25 12:24:43,16716,-680,-1196
2026-05-25 12:24:45,16680,-628,-1096
2026-05-25 12:24:47,16708,-676,-1252
2026-05-25 12:24:49,16648,-648,-1200
2026-05-25 12:24:51,16688,-704,-1212
2026-05-25 12:24:53,16680,-684,-1216
2026-05-25 12:24:55,16632,-668,-1212
2026-05-25 12:24:57,16712,-652,-1136
2026-05-25 12:24:59,16716,-628,-1216
2026-05-25 12:25:01,16712,-668,-1184
2026-05-25 12:25:03,16712,-712,-1184
2026-05-25 12:25:05,16688,-628,-1244
2026-05-25 12:25:07,16724,-720,-1156
2026-05-25 12:25:09,16644,-624,-1176
2026-05-25 12:25:11,16664,-628,-1108
2026-05-25 12:25:13,16720,-836,-1148
2026-05-25 12:25:15,16620,-600,-1224
2026-05-25 12:25:17,16620,-688,-1260
2026-05-25 12:25:19,16720,-672,-1212
2026-05-25 12:25:21,16664,-620,-1080
2026-05-25 12:25:23,16692,-696,-1132
2026-05-25 12:25:25,16692,-648,-1084
2026-05-25 12:25:27,16668,-640,-1032
2026-05-25 12:25:29,16768,-628,-1092
2026-05-25 12:25:31,16676,-652,-1144
2026-05-25 12:25:33,16688,-676,-1136
2026-05-25 12:25:35,16684,-692,-1164
2026-05-25 12:25:37,16684,-628,-1132
2026-05-25 12:25:39,16720,-648,-1180
2026-05-25 12:25:41,16664,-684,-1208
2026-05-25 12:25:43,16704,-740,-1104
2026-05-25 12:25:45,16676,-672,-1072
2026-05-25 12:25:47,16604,-636,-1052
2026-05-25 12:25:49,16736,-668,-1036
2026-05-25 12:25:51,16704,-696,-1140
2026-05-25 12:25:53,16696,-708,-1124
2026-05-25 12:25:55,16592,-668,-1144
2026-05-25 12:25:57,16680,-724,-1208
2026-05-25 12:25:59,16744,-668,-1012
2026-05-25 12:26:01,16664,-660,-1132
2026-05-25 12:26:03,16676,-656,-1200
2026-05-25 12:26:05,16668,-684,-1044
2026-05-25 12:26:07,16692,-640,-1220
2026-05-25 12:26:09,16672,-676,-1168
2026-05-25 12:26:11,16652,-668,-1204
2026-05-25 12:26:13,16676,-640,-1276
2026-05-25 12:26:15,16708,-656,-1124
2026-05-25 12:26:17,16724,-636,-1060
2026-05-25 12:26:19,16648,-692,-1088
2026-05-25 12:26:21,16680,-724,-1152
2026-05-25 12:26:23,16704,-656,-1120
2026-05-25 12:26:25,16740,-692,-1160
2026-05-25 12:26:27,16700,-568,-1196
2026-05-25 12:26:29,16680,-592,-1096
2026-05-25 12:26:31,16676,-688,-1156
2026-05-25 12:26:33,16696,-624,-1108
2026-05-25 12:26:35,16748,-748,-1136
2026-05-25 12:26:37,16788,-688,-1172
2026-05-25 12:26:39,16708,-692,-1160
2026-05-25 12:26:41,16684,-680,-1080
2026-05-25 12:26:43,16676,-652,-1128
2026-05-25 12:26:45,16684,-676,-1144
2026-05-25 12:26:47,16644,-676,-1084
2026-05-25 12:26:49,16708,-628,-1156
2026-05-25 12:26:51,16720,-736,-1120
2026-05-25 12:26:53,16676,-716,-1044
2026-05-25 12:26:55,16696,-648,-1172
2026-05-25 12:26:57,16708,-620,-1132
2026-05-25 12:26:59,16720,-720,-1156
2026-05-25 12:27:01,16672,-656,-1144
2026-05-25 12:27:03,16720,-660,-1120
2026-05-25 12:27:05,16720,-696,-1204
2026-05-25 12:27:07,16696,-664,-1128
2026-05-25 12:27:09,16676,-700,-1108
2026-05-25 12:27:11,16692,-676,-1180
2026-05-25 12:27:13,16652,-624,-1252
2026-05-25 12:27:15,16632,-692,-1184
2026-05-25 12:27:17,16676,-648,-1100
2026-05-25 12:27:19,16632,-708,-1192
2026-05-25 12:27:21,16696,-672,-1168
2026-05-25 12:27:23,16676,-656,-1204
2026-05-25 12:27:25,16716,-676,-1128
2026-05-25 12:27:27,16672,-632,-1160
2026-05-25 12:27:29,16652,-676,-1212
2026-05-25 12:27:31,16704,-696,-1164
2026-05-25 12:27:33,16660,-704,-1120
2026-05-25 12:27:35,16712,-668,-1088
2026-05-25 12:27:37,16692,-708,-1092
2026-05-25 12:27:39,16660,-668,-1096
2026-05-25 12:27:41,16704,-680,-1080
2026-05-25 12:27:43,16708,-664,-1160
2026-05-25 12:27:45,16688,-640,-1076
2026-05-25 12:27:47,16708,-704,-1128
2026-05-25 12:27:49,16680,-700,-1164
2026-05-25 12:27:51,16704,-688,-1132
2026-05-25 12:27:53,16688,-688,-1132
2026-05-25 12:27:55,16636,-688,-1048
2026-05-25 12:27:57,16708,-640,-1148
2026-05-25 12:27:59,16692,-716,-1124
2026-05-25 12:28:01,16704,-720,-1152
2026-05-25 12:28:03,16692,-664,-1180
2026-05-25 12:28:05,16760,-620,-1124
2026-05-25 12:28:07,16656,-696,-1108
2026-05-25 12:28:09,16668,-648,-1156
2026-05-25 12:28:11,16612,-660,-1156
2026-05-25 12:28:13,16620,-668,-1044
2026-05-25 12:28:15,16640,-776,-1112
2026-05-25 12:28:17,16684,-712,-1176
2026-05-25 12:28:19,16696,-684,-1220
2026-05-25 12:28:21,16700,-644,-1096
2026-05-25 12:28:23,16636,-696,-1124
2026-05-25 12:28:25,16692,-732,-1040
2026-05-25 12:28:27,16632,-624,-1140
2026-05-25 12:28:29,16752,-732,-1136
2026-05-25 12:28:31,16720,-700,-1096
2026-05-25 12:28:33,16652,-640,-1080
2026-05-25 12:28:35,16632,-668,-1056
2026-05-25 12:28:37,16748,-676,-1200
2026-05-25 12:28:39,16700,-632,-1208
2026-05-25 12:28:41,16680,-696,-1140
2026-05-25 12:28:43,16700,-752,-1096
2026-05-25 12:28:45,16712,-732,-1096
2026-05-25 12:28:47,16728,-656,-1220
2026-05-25 12:28:49,16776,-684,-1164
2026-05-25 12:28:51,16708,-672,-1116
2026-05-25 12:28:53,16672,-712,-1028
2026-05-25 12:28:55,16732,-708,-1128
2026-05-25 12:28:57,16700,-648,-1080
2026-05-25 12:28:59,16724,-696,-1064
2026-05-25 12:29:01,16748,-588,-1168
2026-05-25 12:29:03,16720,-676,-1096
2026-05-25 12:29:05,16684,-656,-968
2026-05-25 12:29:07,16660,-684,-1144
2026-05-25 12:29:09,16704,-740,-1168
2026-05-25 12:29:11,16660,-708,-1040
2026-05-25 12:29:13,16704,-672,-1088
2026-05-25 12:29:15,16716,-704,-1080
2026-05-25 12:29:17,16712,-672,-1036
2026-05-25 12:29:19,16720,-652,-1152
2026-05-25 12:29:21,16668,-660,-1160
2026-05-25 12:29:23,16692,-668,-1204
2026-05-25 12:29:25,16792,-688,-1152
2026-05-25 12:29:27,16700,-596,-1092
2026-05-25 12:29:29,16740,-692,-980
2026-05-25 12:29:31,16688,-664,-1108
2026-05-25 12:29:33,16720,-688,-1180
2026-05-25 12:29:35,16716,-636,-1168
2026-05-25 12:29:37,16700,-724,-1104
2026-05-25 12:29:39,16716,-692,-1076
2026-05-25 12:29:41,16684,-688,-1172
2026-05-25 12:29:43,16644,-636,-1288
2026-05-25 12:29:45,16708,-772,-1032
2026-05-25 12:29:47,16704,-696,-1076
2026-05-25 12:29:49,16736,-720,-1180
2026-05-25 12:29:51,16676,-684,-1112
2026-05-25 12:29:53,16660,-648,-1064
2026-05-25 12:29:55,16684,-660,-1084
2026-05-25 12:29:57,16704,-684,-1128
2026-05-25 12:29:59,16688,-684,-1180
2026-05-25 12:30:01,16704,-688,-1024
2026-05-25 12:30:03,16640,-636,-1132
2026-05-25 12:30:05,16680,-648,-1116
2026-05-25 12:30:07,16660,-616,-1160
2026-05-25 12:30:09,16696,-640,-1104
2026-05-25 12:30:11,16676,-648,-1096
2026-05-25 12:30:13,16680,-688,-1140
2026-05-25 12:30:15,16636,-712,-1088
2026-05-25 12:30:17,16692,-620,-1140
2026-05-25 12:30:19,16640,-724,-1092
2026-05-25 12:30:21,16684,-676,-1112
2026-05-25 12:30:23,16724,-664,-1004
2026-05-25 12:30:25,16692,-660,-1196
2026-05-25 12:30:27,16580,-664,-1152
2026-05-25 12:30:29,16704,-620,-1112
2026-05-25 12:30:31,16740,-732,-1068
2026-05-25 12:30:33,16688,-664,-1064
2026-05-25 12:30:35,16712,-672,-1196
2026-05-25 12:30:37,16680,-712,-1176
2026-05-25 12:30:39,16628,-696,-1144
2026-05-25 12:30:41,16708,-716,-1120
2026-05-25 12:30:43,16684,-696,-980
2026-05-25 12:30:45,16656,-700,-1100
2026-05-25 12:30:47,16648,-700,-1148
2026-05-25 12:30:49,16700,-676,-1112
2026-05-25 12:30:51,16664,-636,-1144
2026-05-25 12:30:53,16656,-620,-1116
2026-05-25 12:30:55,16620,-700,-1084
2026-05-25 12:30:57,16696,-584,-1124
2026-05-25 12:30:59,16688,-720,-1140
2026-05-25 12:31:01,16696,-716,-1192
2026-05-25 12:31:03,16668,-672,-1168
2026-05-25 12:31:05,16716,-728,-1160
2026-05-25 12:31:07,16712,-692,-1124
2026-05-25 12:31:09,16732,-736,-1136
2026-05-25 12:31:11,16688,-648,-1216
2026-05-25 12:31:13,16648,-604,-1156
2026-05-25 12:31:15,16724,-704,-1116
2026-05-25 12:31:17,16740,-696,-1160
2026-05-25 12:31:19,16680,-636,-1232
2026-05-25 12:31:21,16692,-656,-1020
2026-05-25 12:31:23,16780,-700,-1156
2026-05-25 12:31:25,16708,-672,-1172
2026-05-25 12:31:27,16692,-688,-1076
2026-05-25 12:31:29,16704,-704,-1140
2026-05-25 12:31:31,16648,-676,-1092
2026-05-25 12:31:33,16768,-712,-1136
2026-05-25 12:31:35,16740,-712,-1132
2026-05-25 12:31:37,16712,-704,-1140
2026-05-25 12:31:39,16732,-728,-992
2026-05-25 12:31:41,16696,-664,-1208
2026-05-25 12:31:43,16760,-692,-1152
2026-05-25 12:31:45,16672,-692,-1164
2026-05-25 12:31:47,16720,-688,-1080
2026-05-25 12:31:49,16688,-660,-1052
2026-05-25 12:31:51,16708,-676,-1128
2026-05-25 12:31:53,16676,-708,-1300
2026-05-25 12:31:55,16676,-712,-1148
2026-05-25 12:31:57,16644,-716,-1184
2026-05-25 12:31:59,16684,-676,-1016
2026-05-25 12:32:01,16692,-660,-1160
2026-05-25 12:32:03,16664,-676,-1100
2026-05-25 12:32:05,16684,-664,-1180
2026-05-25 12:32:07,16716,-664,-1184
2026-05-25 12:32:09,16756,-704,-1096
2026-05-25 12:32:11,16652,-684,-1200
2026-05-25 12:32:13,16720,-644,-1076
2026-05-25 12:32:15,16708,-700,-1104
2026-05-25 12:32:17,16732,-668,-1140
2026-05-25 12:32:19,16700,-680,-988
2026-05-25 12:32:21,16736,-708,-1156
2026-05-25 12:32:23,16724,-640,-1068
2026-05-25 12:32:25,16660,-596,-1160
2026-05-25 12:32:27,16700,-640,-1176
2026-05-25 12:32:29,16712,-652,-1076
2026-05-25 12:32:31,16668,-636,-1176
2026-05-25 12:32:33,16696,-716,-1076
2026-05-25 12:32:35,16704,-600,-1128
2026-05-25 12:32:37,16684,-628,-1156
2026-05-25 12:32:39,16728,-612,-1020
2026-05-25 12:32:41,16636,-672,-1144
2026-05-25 12:32:43,16736,-640,-1160
2026-05-25 12:32:45,16672,-684,-1264
2026-05-25 12:32:47,16704,-704,-1312
2026-05-25 12:32:49,16700,-692,-1168
2026-05-25 12:32:51,16744,-672,-1140
2026-05-25 12:32:53,16652,-656,-1232
2026-05-25 12:32:55,16660,-628,-1128
2026-05-25 12:32:57,16716,-676,-1060
2026-05-25 12:32:59,16688,-688,-1256
2026-05-25 12:33:01,16712,-656,-1180
2026-05-25 12:33:03,16664,-704,-1200
2026-05-25 12:33:05,16688,-692,-1112
2026-05-25 12:33:07,16736,-620,-1196
2026-05-25 12:33:09,16720,-704,-1136
2026-05-25 12:33:11,16680,-652,-1148
2026-05-25 12:33:13,16640,-664,-1136
2026-05-25 12:33:15,16708,-728,-1228
2026-05-25 12:33:17,16736,-632,-1204
2026-05-25 12:33:19,16660,-668,-1188
2026-05-25 12:33:21,16644,-688,-1092
2026-05-25 12:33:23,16684,-640,-1196
2026-05-25 12:33:25,16696,-648,-1240
2026-05-25 12:33:27,16692,-620,-1108
2026-05-25 12:33:29,16620,-768,-1152
2026-05-25 12:33:31,16736,-624,-1092
2026-05-25 12:33:33,16724,-692,-1280
2026-05-25 12:33:35,16776,-708,-1152
2026-05-25 12:33:37,16732,-656,-1200
2026-05-25 12:33:39,16692,-636,-1076
2026-05-25 12:33:41,16716,-628,-1164
2026-05-25 12:33:43,16716,-716,-1220
2026-05-25 12:33:45,16648,-688,-1196
2026-05-25 12:33:47,16652,-696,-1148
2026-05-25 12:33:49,16640,-680,-1072
2026-05-25 12:33:51,16684,-680,-1168
2026-05-25 12:33:53,16708,-692,-1148
2026-05-25 12:33:55,16672,-664,-1200
2026-05-25 12:33:57,16716,-704,-1192
2026-05-25 12:33:59,16676,-648,-1132
2026-05-25 12:34:01,16680,-672,-1184
2026-05-25 12:34:03,16720,-672,-1176
2026-05-25 12:34:05,16688,-640,-1128
2026-05-25 12:34:07,16692,-720,-1116
2026-05-25 12:34:09,16676,-656,-1168
2026-05-25 12:34:11,16720,-640,-1124
2026-05-25 12:34:13,16708,-708,-1228
2026-05-25 12:34:15,16672,-676,-1132
2026-05-25 12:34:17,16700,-652,-1140
2026-05-25 12:34:19,16688,-664,-1244
2026-05-25 12:34:21,16668,-648,-1200
2026-05-25 12:34:23,16660,-648,-1180
2026-05-25 12:34:25,16668,-684,-1184
2026-05-25 12:34:27,16708,-688,-1028
2026-05-25 12:34:29,16676,-640,-1136
2026-05-25 12:34:31,16668,-672,-1192
2026-05-25 12:34:33,16704,-652,-1168
2026-05-25 12:34:35,16712,-680,-1168
2026-05-25 12:34:37,16784,-648,-1136
2026-05-25 12:34:39,16684,-632,-1160
2026-05-25 12:34:41,16696,-740,-1224
2026-05-25 12:34:43,16724,-684,-1112
2026-05-25 12:34:45,16676,-712,-1224
2026-05-25 12:34:47,16716,-616,-1224
2026-05-25 12:34:49,16648,-604,-1256
2026-05-25 12:34:51,16688,-660,-1120
2026-05-25 12:34:53,16696,-680,-1184
2026-05-25 12:34:55,16728,-632,-1168
2026-05-25 12:34:57,16716,-664,-1076
2026-05-25 12:34:59,16736,-632,-1188
2026-05-25 12:35:01,16680,-688,-1056
2026-05-25 12:35:03,16684,-732,-1136
2026-05-25 12:35:05,16668,-624,-1168
2026-05-25 12:35:07,16708,-712,-1140
2026-05-25 12:35:09,16676,-656,-1100
2026-05-25 12:35:11,16648,-636,-1276
2026-05-25 12:35:13,16644,-764,-1176
2026-05-25 12:35:15,16680,-660,-1192
2026-05-25 12:35:17,16636,-652,-1196
2026-05-25 12:35:19,16692,-652,-1212
2026-05-25 12:35:21,16684,-708,-1128
2026-05-25 12:35:23,16648,-664,-1160
2026-05-25 12:35:25,16664,-704,-1068
2026-05-25 12:35:27,16684,-692,-1212
2026-05-25 12:35:29,16700,-608,-1228
2026-05-25 12:35:31,16668,-728,-1220
2026-05-25 12:35:33,16692,-712,-1140
2026-05-25 12:35:35,16688,-672,-1108
2026-05-25 12:35:37,16712,-668,-1148
2026-05-25 12:35:39,16660,-644,-1136
2026-05-25 12:35:41,16648,-656,-1044
2026-05-25 12:35:43,16672,-628,-1232
2026-05-25 12:35:45,16692,-632,-1152
2026-05-25 12:35:47,16660,-640,-1136
2026-05-25 12:35:49,16720,-700,-1192
2026-05-25 12:35:51,16700,-688,-1164
2026-05-25 12:35:53,16700,-632,-1072
2026-05-25 12:35:55,16692,-664,-1176
2026-05-25 12:35:57,16716,-696,-1260
2026-05-25 12:35:59,16684,-656,-1120
2026-05-25 12:36:01,16648,-688,-1124
2026-05-25 12:36:03,16668,-688,-1156
2026-05-25 12:36:05,16672,-668,-1084
2026-05-25 12:36:07,16716,-688,-1092
2026-05-25 12:36:09,16692,-700,-1164
2026-05-25 12:36:11,16680,-672,-1140
2026-05-25 12:36:13,16620,-640,-1140
2026-05-25 12:36:15,16748,-652,-1148
2026-05-25 12:36:17,16660,-672,-1084
2026-05-25 12:36:19,16748,-652,-1188
2026-05-25 12:36:21,16672,-612,-1224
2026-05-25 12:36:23,16700,-696,-1052
2026-05-25 12:36:25,16668,-696,-1236
2026-05-25 12:36:27,16724,-652,-1112
2026-05-25 12:36:29,16612,-700,-1180
2026-05-25 12:36:31,16724,-680,-1236
2026-05-25 12:36:33,16624,-636,-1136
2026-05-25 12:36:35,16672,-704,-1068
2026-05-25 12:36:37,16704,-628,-1088
2026-05-25 12:36:39,16676,-640,-1176
2026-05-25 12:36:41,16724,-660,-1184
2026-05-25 12:36:43,16692,-676,-1120
2026-05-25 12:36:45,16704,-632,-1148
2026-05-25 12:36:47,16644,-704,-1208
2026-05-25 12:36:49,16740,-660,-1208
2026-05-25 12:36:51,16692,-704,-1176
2026-05-25 12:36:53,16652,-676,-1208
2026-05-25 12:36:55,16660,-664,-1248
2026-05-25 12:36:57,16712,-656,-1116
2026-05-25 12:36:59,16660,-720,-1128
2026-05-25 12:37:01,16676,-672,-1260
2026-05-25 12:37:03,16680,-692,-1148
2026-05-25 12:37:05,16736,-668,-1156
2026-05-25 12:37:07,16668,-616,-1164
2026-05-25 12:37:09,16656,-644,-1140
2026-05-25 12:37:11,16708,-612,-1184
2026-05-25 12:37:13,16732,-620,-1136
2026-05-25 12:37:15,16672,-628,-1088
2026-05-25 12:37:17,16704,-636,-1200
2026-05-25 12:37:19,16704,-672,-1108
2026-05-25 12:37:21,16700,-652,-1092
2026-05-25 12:37:23,16732,-684,-1188
2026-05-25 12:37:25,16724,-680,-1172
2026-05-25 12:37:27,16732,-656,-1060
2026-05-25 12:37:29,16684,-644,-1052
2026-05-25 12:37:31,16684,-680,-1200
2026-05-25 12:37:33,16644,-704,-1168
2026-05-25 12:37:35,16736,-676,-1092
2026-05-25 12:37:37,16672,-672,-1140
2026-05-25 12:37:39,16700,-700,-1168
2026-05-25 12:37:41,16712,-684,-1148
2026-05-25 12:37:43,16660,-660,-1180
2026-05-25 12:37:45,16724,-676,-1216
2026-05-25 12:37:47,16660,-648,-1196
2026-05-25 12:37:49,16680,-624,-1124
2026-05-25 12:37:51,16736,-680,-1156
2026-05-25 12:37:53,16680,-672,-1172
2026-05-25 12:37:55,16712,-632,-1184
2026-05-25 12:37:57,16764,-692,-1152
2026-05-25 12:37:59,16680,-644,-1152
2026-05-25 12:38:01,16668,-724,-1108
2026-05-25 12:38:03,16696,-692,-1136
2026-05-25 12:38:05,16684,-696,-1128
2026-05-25 12:38:07,16636,-608,-1164
2026-05-25 12:38:09,16688,-656,-1192
2026-05-25 12:38:11,16736,-716,-1132
2026-05-25 12:38:13,16712,-680,-1120
2026-05-25 12:38:15,16736,-696,-1108
2026-05-25 12:38:17,16672,-684,-1152
2026-05-25 12:38:19,16664,-672,-1208
2026-05-25 12:38:21,16664,-624,-1184
2026-05-25 12:38:23,16656,-596,-1128
2026-05-25 12:38:25,16668,-664,-1168
2026-05-25 12:38:27,16684,-684,-1092
2026-05-25 12:38:29,16668,-612,-1148
2026-05-25 12:38:31,16680,-708,-1068
2026-05-25 12:38:33,16724,-720,-1020
2026-05-25 12:38:35,16688,-684,-1172
2026-05-25 12:38:37,16712,-652,-1196
2026-05-25 12:38:39,16688,-680,-1220
2026-05-25 12:38:41,16708,-692,-1148
2026-05-25 12:38:43,16708,-668,-1196
2026-05-25 12:38:45,16716,-728,-1204
2026-05-25 12:38:47,16640,-664,-1148
2026-05-25 12:38:49,16760,-652,-1016
2026-05-25 12:38:51,16692,-624,-1188
2026-05-25 12:38:53,16656,-652,-1096
2026-05-25 12:38:55,16724,-760,-1172
2026-05-25 12:38:57,16688,-648,-1072
2026-05-25 12:38:59,16668,-688,-1104
2026-05-25 12:39:01,16696,-700,-1176
2026-05-25 12:39:03,16744,-624,-1180
2026-05-25 12:39:05,16660,-652,-1112
2026-05-25 12:39:07,16648,-692,-1116
2026-05-25 12:39:09,16728,-680,-1200
2026-05-25 12:39:11,16628,-704,-1180
2026-05-25 12:39:13,16716,-612,-1084
2026-05-25 12:39:15,16692,-648,-1168
2026-05-25 12:39:17,16700,-684,-1192
2026-05-25 12:39:19,16712,-620,-1152
2026-05-25 12:39:21,16636,-720,-1120
2026-05-25 12:39:23,16648,-656,-1180
2026-05-25 12:39:25,16656,-668,-1180
2026-05-25 12:39:27,16636,-592,-1168
2026-05-25 12:39:29,16784,-624,-1104
2026-05-25 12:39:31,16688,-660,-1144
2026-05-25 12:39:33,16656,-704,-1212
2026-05-25 12:39:35,16652,-600,-1132
2026-05-25 12:39:37,16704,-676,-1148
2026-05-25 12:39:39,16736,-652,-1168
2026-05-25 12:39:41,16756,-664,-1108
2026-05-25 12:39:43,16708,-692,-1176
2026-05-25 12:39:45,16676,-720,-1200
2026-05-25 12:39:47,16716,-692,-1136
2026-05-25 12:39:49,16724,-684,-1076
2026-05-25 12:39:51,16708,-688,-1176
2026-05-25 12:39:53,16668,-680,-1136
2026-05-25 12:39:55,16684,-680,-1204
2026-05-25 12:39:57,16708,-628,-1152
2026-05-25 12:39:59,16712,-672,-1228
2026-05-25 12:40:01,16656,-644,-1192
2026-05-25 12:40:03,16616,-720,-1184
2026-05-25 12:40:05,16680,-636,-1032
2026-05-25 12:40:07,16696,-640,-1120
2026-05-25 12:40:09,16704,-668,-1208
2026-05-25 12:40:11,16688,-680,-1188
2026-05-25 12:40:13,16668,-668,-1220
2026-05-25 12:40:15,16704,-660,-1148
2026-05-25 12:40:17,16708,-668,-1128
2026-05-25 12:40:19,16660,-708,-1136
2026-05-25 12:40:21,16764,-732,-1208
2026-05-25 12:40:23,16724,-708,-1156
2026-05-25 12:40:25,16744,-708,-1140
2026-05-25 12:40:27,16708,-592,-1092
2026-05-25 12:40:29,16728,-660,-1168
2026-05-25 12:40:31,16700,-620,-1208
2026-05-25 12:40:33,16636,-672,-1148
2026-05-25 12:40:35,16716,-680,-1240
2026-05-25 12:40:37,16696,-704,-1224
2026-05-25 12:40:39,16664,-640,-1144
2026-05-25 12:40:41,16720,-656,-1064
2026-05-25 12:40:43,16724,-748,-1208
2026-05-25 12:40:45,16740,-628,-1244
2026-05-25 12:40:47,16732,-632,-1160
2026-05-25 12:40:49,16676,-680,-1176
2026-05-25 12:40:51,16692,-744,-1196
2026-05-25 12:40:53,16704,-712,-1132
2026-05-25 12:40:55,16728,-692,-1152
2026-05-25 12:40:57,16692,-692,-1160
2026-05-25 12:40:59,16688,-644,-1192
2026-05-25 12:41:01,16684,-648,-1176
2026-05-25 12:41:03,16684,-680,-1120
2026-05-25 12:41:05,16684,-632,-1156
2026-05-25 12:41:07,16692,-684,-1176
2026-05-25 12:41:09,16676,-724,-1172
2026-05-25 12:41:11,16664,-716,-1200
2026-05-25 12:41:13,16664,-704,-1032
2026-05-25 12:41:15,16684,-652,-1116
2026-05-25 12:41:17,16744,-680,-1200
2026-05-25 12:41:19,16748,-684,-1180
2026-05-25 12:41:21,16716,-648,-1196
2026-05-25 12:41:23,16656,-668,-1116
2026-05-25 12:41:25,16716,-676,-1172
2026-05-25 12:41:27,16644,-668,-1136
2026-05-25 12:41:29,16644,-644,-1264
2026-05-25 12:41:31,16696,-640,-1048
2026-05-25 12:41:33,16768,-676,-1148
2026-05-25 12:41:35,16712,-672,-1124
2026-05-25 12:41:37,16720,-672,-1104
2026-05-25 12:41:39,16664,-660,-1136
2026-05-25 12:41:41,16684,-692,-1148
2026-05-25 12:41:43,16680,-688,-1108
2026-05-25 12:41:45,16676,-672,-1120
2026-05-25 12:41:47,16696,-648,-1108
2026-05-25 12:41:49,16644,-692,-1128
2026-05-25 12:41:51,16692,-716,-1060
2026-05-25 12:41:53,16712,-688,-1112
2026-05-25 12:41:55,16704,-628,-1188
2026-05-25 12:41:57,16720,-728,-1128
2026-05-25 12:41:59,16732,-628,-1112
2026-05-25 12:42:01,16700,-660,-1156
2026-05-25 12:42:03,16692,-612,-1132
2026-05-25 12:42:05,16680,-676,-1136
2026-05-25 12:42:07,16640,-680,-1172
2026-05-25 12:42:09,16680,-652,-1140
2026-05-25 12:42:11,16728,-680,-1104
2026-05-25 12:42:13,16712,-644,-1152
2026-05-25 12:42:15,16664,-664,-1112
2026-05-25 12:42:17,16756,-692,-1172
2026-05-25 12:42:19,16740,-628,-1100
2026-05-25 12:42:21,16696,-676,-1160
2026-05-25 12:42:23,16656,-668,-1096
2026-05-25 12:42:25,16672,-596,-1148
2026-05-25 12:42:27,16700,-684,-1152
2026-05-25 12:42:29,16648,-692,-1144
2026-05-25 12:42:31,16704,-676,-1132
2026-05-25 12:42:33,16672,-664,-1140
2026-05-25 12:42:35,16716,-616,-1128
2026-05-25 12:42:37,16660,-640,-1164
2026-05-25 12:42:39,16656,-604,-1200
2026-05-25 12:42:41,16712,-632,-1140
2026-05-25 12:42:43,16700,-652,-1172
2026-05-25 12:42:45,16664,-636,-1160
2026-05-25 12:42:47,16648,-708,-1084
2026-05-25 12:42:49,16708,-644,-1148
2026-05-25 12:42:51,16652,-660,-1076
2026-05-25 12:42:53,16728,-624,-1100
2026-05-25 12:42:55,16708,-612,-1168
2026-05-25 12:42:57,16708,-668,-1100
2026-05-25 12:42:59,16692,-672,-1148
2026-05-25 12:43:01,16688,-628,-1168
2026-05-25 12:43:03,16680,-664,-1180
2026-05-25 12:43:05,16624,-716,-1136
2026-05-25 12:43:07,16680,-592,-1116
2026-05-25 12:43:09,16704,-664,-1200
2026-05-25 12:43:11,16700,-688,-1204
2026-05-25 12:43:13,16652,-676,-1124
2026-05-25 12:43:15,16668,-604,-1124
2026-05-25 12:43:17,16692,-596,-1120
2026-05-25 12:43:19,16716,-624,-1228
2026-05-25 12:43:21,16700,-668,-1104
2026-05-25 12:43:23,16752,-704,-1120
2026-05-25 12:43:25,16636,-628,-1176
2026-05-25 12:43:27,16672,-668,-1144
2026-05-25 12:43:29,16736,-668,-1100
2026-05-25 12:43:31,16672,-620,-1064
2026-05-25 12:43:33,16692,-700,-1144
2026-05-25 12:43:35,16676,-652,-1084
2026-05-25 12:43:37,16680,-684,-1112
2026-05-25 12:43:39,16748,-680,-1120
2026-05-25 12:43:41,16696,-672,-1188
2026-05-25 12:43:43,16640,-640,-1128
2026-05-25 12:43:45,16716,-548,-1072
2026-05-25 12:43:47,16688,-644,-1180
2026-05-25 12:43:49,16704,-672,-1184
2026-05-25 12:43:51,16696,-600,-1092
2026-05-25 12:43:53,16704,-668,-1204
2026-05-25 12:43:55,16712,-648,-1164
2026-05-25 12:43:57,16660,-664,-1088
2026-05-25 12:43:59,16700,-664,-1180
2026-05-25 12:44:01,16632,-696,-1164
2026-05-25 12:44:03,16656,-696,-1140
2026-05-25 12:44:05,16696,-724,-1228
2026-05-25 12:44:07,16640,-656,-1168
2026-05-25 12:44:09,16792,-648,-1180
2026-05-25 12:44:11,16692,-720,-1112
2026-05-25 12:44:13,16632,-692,-1116
2026-05-25 12:44:15,16732,-648,-1156
2026-05-25 12:44:17,16676,-632,-1232
2026-05-25 12:44:19,16700,-624,-1104
2026-05-25 12:44:21,16672,-676,-1100
2026-05-25 12:44:23,16732,-624,-1160
2026-05-25 12:44:25,16628,-624,-1156
2026-05-25 12:44:27,16708,-616,-1176
2026-05-25 12:44:29,16688,-640,-1212
2026-05-25 12:44:31,16676,-688,-1160
2026-05-25 12:44:33,16676,-668,-1272
2026-05-25 12:44:35,16632,-680,-1132
2026-05-25 12:44:37,16648,-728,-1228
2026-05-25 12:44:39,16700,-644,-1200
2026-05-25 12:44:41,16684,-680,-1204
2026-05-25 12:44:43,16692,-628,-1132
2026-05-25 12:44:45,16712,-680,-1160
2026-05-25 12:44:47,16704,-656,-1168
2026-05-25 12:44:49,16716,-652,-1148
2026-05-25 12:44:51,16708,-656,-1144
2026-05-25 12:44:53,16688,-708,-1208
2026-05-25 12:44:55,16656,-676,-1128
2026-05-25 12:44:57,16692,-668,-1180
2026-05-25 12:44:59,16704,-616,-1132
2026-05-25 12:45:01,16688,-668,-1136
2026-05-25 12:45:03,16708,-632,-1140
2026-05-25 12:45:05,16680,-660,-1108
2026-05-25 12:45:07,16732,-672,-1180
2026-05-25 12:45:09,16648,-696,-1184
2026-05-25 12:45:11,16740,-652,-1124
2026-05-25 12:45:13,16660,-764,-1064
2026-05-25 12:45:15,16744,-576,-1164
2026-05-25 12:45:17,16652,-628,-1204
2026-05-25 12:45:19,16724,-672,-1116
2026-05-25 12:45:21,16656,-636,-1140
2026-05-25 12:45:23,16688,-672,-1156
2026-05-25 12:45:25,16688,-708,-1200
2026-05-25 12:45:27,16708,-656,-1092
2026-05-25 12:45:29,16716,-576,-1140
2026-05-25 12:45:31,16700,-600,-1124
2026-05-25 12:45:33,16704,-620,-1132
2026-05-25 12:45:35,16660,-652,-1068
2026-05-25 12:45:37,16744,-660,-1200
2026-05-25 12:45:39,16716,-656,-1172
2026-05-25 12:45:41,16712,-668,-1204
2026-05-25 12:45:43,16664,-664,-1084
2026-05-25 12:45:45,16680,-612,-1180
2026-05-25 12:45:47,16732,-640,-1160
2026-05-25 12:45:49,16664,-708,-1132
2026-05-25 12:45:51,16680,-660,-1108
2026-05-25 12:45:53,16672,-672,-1136
2026-05-25 12:45:55,16704,-680,-1240
2026-05-25 12:45:57,16692,-664,-1096
2026-05-25 12:45:59,16708,-728,-1200
2026-05-25 12:46:01,16664,-676,-1156
2026-05-25 12:46:03,16660,-596,-1152
2026-05-25 12:46:05,16688,-660,-1156
2026-05-25 12:46:07,16704,-668,-1132
2026-05-25 12:46:09,16696,-704,-1128
2026-05-25 12:46:11,16676,-604,-1132
2026-05-25 12:46:13,16664,-652,-1104
2026-05-25 12:46:15,16680,-660,-1132
2026-05-25 12:46:17,16664,-684,-1064
2026-05-25 12:46:19,16700,-568,-1156
2026-05-25 12:46:21,16764,-688,-1232
2026-05-25 12:46:23,16636,-688,-1220
2026-05-25 12:46:25,16620,-656,-1096
2026-05-25 12:46:27,16668,-688,-1140
2026-05-25 12:46:29,16672,-664,-1052
2026-05-25 12:46:31,16700,-676,-1224
2026-05-25 12:46:33,16664,-620,-1156
2026-05-25 12:46:35,16768,-708,-1128
2026-05-25 12:46:37,16684,-656,-1116
2026-05-25 12:46:39,16732,-608,-1248
2026-05-25 12:46:41,16724,-644,-1132
2026-05-25 12:46:43,16688,-656,-1132
2026-05-25 12:46:45,16704,-652,-1148
2026-05-25 12:46:47,16684,-644,-1128
2026-05-25 12:46:49,16668,-732,-1232
2026-05-25 12:46:51,16688,-608,-1088
2026-05-25 12:46:53,16652,-708,-1136
2026-05-25 12:46:55,16716,-692,-1056
2026-05-25 12:46:57,16700,-720,-1128
2026-05-25 12:46:59,16716,-648,-1236
2026-05-25 12:47:01,16640,-684,-1168
2026-05-25 12:47:03,16740,-728,-1116
2026-05-25 12:47:05,16696,-616,-1096
2026-05-25 12:47:07,16640,-680,-1164
2026-05-25 12:47:09,16700,-664,-1172
2026-05-25 12:47:11,16728,-656,-1096
2026-05-25 12:47:13,16672,-660,-1212
2026-05-25 12:47:15,16688,-744,-1144
2026-05-25 12:47:17,16644,-720,-1220
2026-05-25 12:47:19,16712,-628,-1216
2026-05-25 12:47:21,16728,-688,-1148
2026-05-25 12:47:23,16684,-604,-1136
2026-05-25 12:47:25,16672,-640,-1180
2026-05-25 12:47:27,16752,-688,-1140
2026-05-25 12:47:29,16648,-668,-1144
2026-05-25 12:47:31,16652,-684,-1208
2026-05-25 12:47:33,16704,-660,-1148
2026-05-25 12:47:35,16708,-712,-1112
2026-05-25 12:47:37,16700,-656,-1048
2026-05-25 12:47:39,16720,-652,-1240
2026-05-25 12:47:41,16736,-648,-1152
2026-05-25 12:47:43,16700,-664,-1164
2026-05-25 12:47:45,16668,-592,-1228
2026-05-25 12:47:47,16676,-676,-1248
2026-05-25 12:47:49,16664,-628,-1092
2026-05-25 12:47:51,16648,-696,-1204
2026-05-25 12:47:53,16708,-636,-1224
2026-05-25 12:47:55,16708,-676,-1148
2026-05-25 12:47:57,16668,-652,-1188
2026-05-25 12:47:59,16724,-728,-1128
2026-05-25 12:48:01,16716,-652,-1176
2026-05-25 12:48:03,16700,-648,-1144
2026-05-25 12:48:05,16712,-664,-1100
2026-05-25 12:48:07,16632,-672,-1176
2026-05-25 12:48:09,16668,-644,-1120
2026-05-25 12:48:11,16700,-644,-1208
2026-05-25 12:48:13,16672,-648,-1156
2026-05-25 12:48:15,16664,-624,-1108
2026-05-25 12:48:17,16636,-672,-1244
2026-05-25 12:48:19,16676,-688,-1144
2026-05-25 12:48:21,16744,-616,-1188
2026-05-25 12:48:23,16700,-704,-1140
2026-05-25 12:48:25,16736,-644,-1196
2026-05-25 12:48:27,16676,-684,-1196
2026-05-25 12:48:29,16680,-652,-1180
2026-05-25 12:48:31,16716,-640,-1084
2026-05-25 12:48:33,16716,-616,-1220
2026-05-25 12:48:35,16644,-632,-1128
2026-05-25 12:48:37,16684,-676,-1112
2026-05-25 12:48:39,16744,-688,-1152
2026-05-25 12:48:41,16688,-660,-1132
2026-05-25 12:48:43,16692,-620,-1076
2026-05-25 12:48:45,16676,-684,-1228
2026-05-25 12:48:47,16688,-656,-1096
2026-05-25 12:48:49,16728,-672,-1224
2026-05-25 12:48:51,16752,-696,-1164
2026-05-25 12:48:53,16696,-640,-1196
2026-05-25 12:48:55,16712,-672,-1096
2026-05-25 12:48:57,16668,-720,-1212
2026-05-25 12:48:59,16688,-644,-1200
2026-05-25 12:49:01,16696,-656,-1168
2026-05-25 12:49:03,16672,-652,-1216
2026-05-25 12:49:05,16716,-616,-1008
2026-05-25 12:49:07,16712,-696,-1044
2026-05-25 12:49:09,16640,-684,-1080
2026-05-25 12:49:11,16680,-604,-1248
2026-05-25 12:49:13,16684,-688,-1172
2026-05-25 12:49:15,16700,-636,-1240
2026-05-25 12:49:17,16708,-656,-1036
2026-05-25 12:49:19,16684,-656,-1144
2026-05-25 12:49:21,16720,-652,-1160
2026-05-25 12:49:23,16728,-688,-1204
2026-05-25 12:49:25,16700,-636,-1132
2026-05-25 12:49:27,16680,-632,-1148
2026-05-25 12:49:29,16644,-648,-1120
2026-05-25 12:49:31,16672,-676,-1148
2026-05-25 12:49:33,16684,-596,-1136
2026-05-25 12:49:35,16716,-628,-1152
2026-05-25 12:49:37,16696,-680,-1148
2026-05-25 12:49:39,16624,-660,-1152
2026-05-25 12:49:41,16696,-636,-1180
2026-05-25 12:49:43,16676,-740,-1152
2026-05-25 12:49:45,16684,-628,-1156
2026-05-25 12:49:47,16704,-664,-1232
2026-05-25 12:49:49,16728,-624,-1148
2026-05-25 12:49:51,16696,-704,-1200
2026-05-25 12:49:53,16720,-640,-1176
2026-05-25 12:49:55,16692,-644,-1176
2026-05-25 12:49:57,16668,-676,-1192
2026-05-25 12:49:59,16620,-692,-1144
2026-05-25 12:50:01,16772,-668,-1164
2026-05-25 12:50:03,16704,-684,-1112
2026-05-25 12:50:05,16760,-704,-1216
2026-05-25 12:50:07,16664,-676,-1104
2026-05-25 12:50:09,16672,-716,-1188
2026-05-25 12:50:11,16728,-720,-1168
2026-05-25 12:50:13,16684,-656,-1180
2026-05-25 12:50:15,16660,-556,-1164
2026-05-25 12:50:17,16672,-656,-1156
2026-05-25 12:50:19,16660,-628,-1140
2026-05-25 12:50:21,16720,-692,-1160
2026-05-25 12:50:23,16596,-752,-1228
2026-05-25 12:50:25,16708,-668,-1152
2026-05-25 12:50:27,16676,-660,-1068
2026-05-25 12:50:29,16680,-676,-1124
2026-05-25 12:50:31,16716,-700,-1072
2026-05-25 12:50:33,16676,-664,-1128
2026-05-25 12:50:35,16760,-656,-1204
2026-05-25 12:50:37,16696,-668,-1224
2026-05-25 12:50:39,16700,-664,-1204
2026-05-25 12:50:41,16720,-680,-1104
2026-05-25 12:50:43,16744,-708,-1044
2026-05-25 12:50:45,16692,-676,-1148
2026-05-25 12:50:47,16660,-656,-1216
2026-05-25 12:50:49,16740,-668,-1228
2026-05-25 12:50:51,16708,-708,-1108
2026-05-25 12:50:53,16748,-628,-1068
2026-05-25 12:50:55,16704,-656,-1168
2026-05-25 12:50:57,16744,-656,-1152
2026-05-25 12:50:59,16728,-652,-1280
2026-05-25 12:51:01,16656,-688,-1172
2026-05-25 12:51:03,16760,-704,-1132
2026-05-25 12:51:05,16640,-672,-948
2026-05-25 12:51:07,16712,-700,-1104
2026-05-25 12:51:09,16680,-672,-1116
2026-05-25 12:51:11,16660,-708,-1172
2026-05-25 12:51:13,16684,-664,-1188
2026-05-25 12:51:15,16644,-592,-1196
2026-05-25 12:51:17,16716,-680,-1180
2026-05-25 12:51:19,16676,-648,-1120
2026-05-25 12:51:21,16708,-592,-1192
2026-05-25 12:51:23,16684,-632,-1140
2026-05-25 12:51:25,16648,-680,-1056
2026-05-25 12:51:27,16692,-680,-1160
2026-05-25 12:51:29,16716,-728,-1172
2026-05-25 12:51:31,16656,-680,-1140
2026-05-25 12:51:33,16708,-676,-1128
2026-05-25 12:51:35,16676,-668,-1144
2026-05-25 12:51:37,16704,-696,-1104
2026-05-25 12:51:39,16656,-664,-1156
2026-05-25 12:51:41,16664,-692,-1168
2026-05-25 12:51:43,16704,-660,-1172
2026-05-25 12:51:45,16656,-640,-1212
2026-05-25 12:51:47,16648,-636,-1276
2026-05-25 12:51:49,16708,-728,-1124
2026-05-25 12:51:51,16684,-668,-1100
2026-05-25 12:51:53,16668,-696,-1176
2026-05-25 12:51:55,16712,-632,-1092
2026-05-25 12:51:57,16664,-600,-1216
2026-05-25 12:51:59,16668,-648,-1124
2026-05-25 12:52:01,16704,-676,-1224
2026-05-25 12:52:03,16672,-636,-1120
2026-05-25 12:52:05,16696,-668,-1156
2026-05-25 12:52:07,16708,-620,-1044
2026-05-25 12:52:09,16692,-680,-1180
2026-05-25 12:52:11,16596,-668,-1184
2026-05-25 12:52:13,16700,-688,-1164
2026-05-25 12:52:15,16688,-648,-1188
2026-05-25 12:52:17,16756,-640,-1120
2026-05-25 12:52:19,16724,-664,-1128
2026-05-25 12:52:21,16620,-624,-1192
2026-05-25 12:52:23,16636,-636,-1172
2026-05-25 12:52:25,16696,-652,-1176
2026-05-25 12:52:27,16704,-684,-1224
2026-05-25 12:52:29,16656,-652,-1248
2026-05-25 12:52:31,16680,-628,-1160
2026-05-25 12:52:33,16736,-632,-1160
2026-05-25 12:52:35,16700,-764,-1212
2026-05-25 12:52:37,16672,-712,-1132
2026-05-25 12:52:39,16732,-660,-1112
2026-05-25 12:52:41,16620,-660,-1108
2026-05-25 12:52:43,16652,-688,-1148
2026-05-25 12:52:45,16688,-652,-1168
2026-05-25 12:52:47,16736,-628,-1176
2026-05-25 12:52:49,16728,-632,-1128
2026-05-25 12:52:51,16672,-652,-1188
2026-05-25 12:52:53,16732,-696,-1064
2026-05-25 12:52:55,16708,-608,-1212
2026-05-25 12:52:57,16664,-636,-1108
2026-05-25 12:52:59,16696,-684,-1208
2026-05-25 12:53:01,16664,-652,-1156
2026-05-25 12:53:03,16724,-608,-1172
2026-05-25 12:53:05,16668,-680,-1116
2026-05-25 12:53:07,16708,-652,-1204
2026-05-25 12:53:09,16656,-680,-1100
2026-05-25 12:53:11,16688,-624,-1120
2026-05-25 12:53:13,16732,-548,-1132
2026-05-25 12:53:15,16740,-652,-1116
2026-05-25 12:53:17,16676,-596,-1096
2026-05-25 12:53:19,16668,-716,-1140
2026-05-25 12:53:21,16684,-632,-1120
2026-05-25 12:53:23,16684,-676,-1128
2026-05-25 12:53:25,16692,-636,-1260
2026-05-25 12:53:27,16700,-692,-1144
2026-05-25 12:53:29,16728,-684,-1228
2026-05-25 12:53:31,16736,-676,-1212
2026-05-25 12:53:33,16696,-628,-1096
2026-05-25 12:53:35,16736,-624,-1104
2026-05-25 12:53:37,16700,-700,-1120
2026-05-25 12:53:39,16696,-620,-1116
2026-05-25 12:53:41,16652,-668,-1196
2026-05-25 12:53:43,16712,-588,-1264
2026-05-25 12:53:45,16720,-644,-1168
2026-05-25 12:53:47,16752,-760,-1124
2026-05-25 12:53:49,16668,-708,-1140
2026-05-25 12:53:51,16692,-752,-1128
2026-05-25 12:53:53,16680,-684,-1184
2026-05-25 12:53:55,16688,-592,-1280
2026-05-25 12:53:57,16712,-664,-1148
2026-05-25 12:53:59,16648,-600,-1260
2026-05-25 12:54:01,16760,-640,-1200
2026-05-25 12:54:03,16744,-720,-1164
2026-05-25 12:54:05,16660,-608,-1184
2026-05-25 12:54:07,16724,-676,-1188
2026-05-25 12:54:09,16648,-672,-1092
2026-05-25 12:54:11,16680,-704,-1196
2026-05-25 12:54:13,16712,-664,-1156
2026-05-25 12:54:15,16676,-676,-1204
2026-05-25 12:54:17,16684,-660,-1152
2026-05-25 12:54:19,16708,-656,-1104
2026-05-25 12:54:21,16660,-672,-1192
2026-05-25 12:54:23,16732,-696,-1088
2026-05-25 12:54:25,16668,-612,-1196
2026-05-25 12:54:27,16620,-688,-1132
2026-05-25 12:54:29,16680,-700,-1152
2026-05-25 12:54:31,16648,-676,-1184
2026-05-25 12:54:33,16672,-652,-1112
2026-05-25 12:54:35,16704,-644,-1096
2026-05-25 12:54:37,16716,-636,-1236
2026-05-25 12:54:39,16700,-628,-1148
2026-05-25 12:54:41,16752,-684,-1192
2026-05-25 12:54:43,16656,-700,-1168
2026-05-25 12:54:45,16652,-680,-1132
2026-05-25 12:54:47,16656,-664,-1080
2026-05-25 12:54:49,16596,-644,-1152
2026-05-25 12:54:51,16692,-668,-1184
2026-05-25 12:54:53,16724,-660,-1072
2026-05-25 12:54:55,16668,-680,-1084
2026-05-25 12:54:57,16696,-664,-1052
2026-05-25 12:54:59,16724,-692,-1108
2026-05-25 12:55:01,16664,-672,-1148
2026-05-25 12:55:03,16680,-640,-1212
2026-05-25 12:55:05,16704,-652,-1076
2026-05-25 12:55:07,16756,-652,-1044
2026-05-25 12:55:09,16668,-720,-1176
2026-05-25 12:55:11,16676,-728,-1200
2026-05-25 12:55:13,16728,-656,-1224
2026-05-25 12:55:15,16652,-660,-1088
2026-05-25 12:55:17,16696,-648,-1152
2026-05-25 12:55:19,16680,-636,-1160
2026-05-25 12:55:21,16616,-640,-1164
2026-05-25 12:55:23,16744,-688,-1136
2026-05-25 12:55:25,16660,-660,-1200
2026-05-25 12:55:27,16652,-732,-1068
2026-05-25 12:55:29,16688,-628,-1052
2026-05-25 12:55:31,16696,-628,-1180
2026-05-25 12:55:33,16684,-668,-1180
2026-05-25 12:55:35,16704,-672,-1172
2026-05-25 12:55:37,16664,-696,-1040
2026-05-25 12:55:39,16704,-668,-1100
2026-05-25 12:55:41,16684,-684,-1236
2026-05-25 12:55:43,16756,-704,-1172
2026-05-25 12:55:45,16736,-660,-1128
2026-05-25 12:55:47,16728,-664,-1176
2026-05-25 12:55:49,16740,-640,-1100
2026-05-25 12:55:51,16728,-716,-1196
2026-05-25 12:55:53,16744,-644,-1184
2026-05-25 12:55:55,16692,-668,-1180
2026-05-25 12:55:57,16688,-660,-1196
2026-05-25 12:55:59,16692,-620,-1108
2026-05-25 12:56:01,16660,-652,-1092
2026-05-25 12:56:03,16700,-772,-1140
2026-05-25 12:56:05,16708,-692,-1164
2026-05-25 12:56:07,16680,-648,-1168
2026-05-25 12:56:09,16708,-664,-1168
2026-05-25 12:56:11,16696,-716,-1188
2026-05-25 12:56:13,16668,-652,-1100
2026-05-25 12:56:15,16656,-636,-1280
2026-05-25 12:56:17,16660,-644,-1088
2026-05-25 12:56:19,16716,-736,-1148
2026-05-25 12:56:21,16688,-620,-1060
2026-05-25 12:56:23,16736,-700,-1084
2026-05-25 12:56:25,16708,-648,-1160
2026-05-25 12:56:27,16708,-692,-1208
2026-05-25 12:56:29,16676,-588,-1084
2026-05-25 12:56:31,16640,-680,-1228
2026-05-25 12:56:33,16756,-600,-1244
2026-05-25 12:56:35,16712,-648,-1120
2026-05-25 12:56:37,16740,-688,-1236
2026-05-25 12:56:39,16704,-700,-1172
2026-05-25 12:56:41,16696,-616,-1100
2026-05-25 12:56:43,16676,-636,-1160
2026-05-25 12:56:45,16620,-688,-1136
2026-05-25 12:56:47,16736,-628,-1088
2026-05-25 12:56:49,16696,-608,-1192
2026-05-25 12:56:51,16700,-600,-1156
2026-05-25 12:56:53,16712,-624,-1128
2026-05-25 12:56:55,16804,-660,-1212
2026-05-25 12:56:57,16704,-640,-1172
2026-05-25 12:56:59,16716,-696,-1096
2026-05-25 12:57:01,16700,-648,-1220
2026-05-25 12:57:03,16708,-728,-1144
2026-05-25 12:57:05,16668,-664,-1192
2026-05-25 12:57:07,16672,-672,-1184
2026-05-25 12:57:09,16732,-712,-1188
2026-05-25 12:57:11,16668,-632,-1200
2026-05-25 12:57:13,16708,-664,-1232
2026-05-25 12:57:15,16772,-616,-1160
2026-05-25 12:57:17,16676,-648,-1220
2026-05-25 12:57:19,16712,-632,-1128
2026-05-25 12:57:21,16760,-644,-1196
2026-05-25 12:57:23,16668,-672,-1164
2026-05-25 12:57:25,16712,-692,-1200
2026-05-25 12:57:27,16732,-696,-1112
2026-05-25 12:57:29,16672,-668,-1104
2026-05-25 12:57:31,16660,-628,-1180
2026-05-25 12:57:33,16692,-652,-1196
2026-05-25 12:57:35,16688,-628,-1080
2026-05-25 12:57:37,16696,-660,-1132
2026-05-25 12:57:39,16684,-656,-1180
2026-05-25 12:57:41,16708,-600,-1168
2026-05-25 12:57:43,16752,-692,-1148
2026-05-25 12:57:45,16716,-712,-1184
2026-05-25 12:57:47,16664,-632,-1128
2026-05-25 12:57:49,16708,-672,-1136
2026-05-25 12:57:51,16724,-640,-1072
2026-05-25 12:57:53,16684,-712,-1144
2026-05-25 12:57:55,16668,-608,-1172
2026-05-25 12:57:57,16624,-620,-1164
2026-05-25 12:57:59,16720,-648,-1156
2026-05-25 12:58:01,16676,-644,-1120
2026-05-25 12:58:03,16720,-680,-1100
2026-05-25 12:58:05,16688,-668,-1116
2026-05-25 12:58:07,16716,-632,-1164
2026-05-25 12:58:09,16680,-676,-1232
2026-05-25 12:58:11,16736,-664,-1100
2026-05-25 12:58:13,16700,-668,-1168
2026-05-25 12:58:15,16612,-684,-1044
2026-05-25 12:58:17,16684,-660,-1196
2026-05-25 12:58:19,16680,-680,-1168
2026-05-25 12:58:21,16648,-652,-1224
2026-05-25 12:58:23,16592,-640,-1080
2026-05-25 12:58:25,16704,-672,-1080
2026-05-25 12:58:27,16696,-672,-1192
2026-05-25 12:58:29,16648,-684,-1148
2026-05-25 12:58:31,16676,-708,-1156
2026-05-25 12:58:33,16636,-684,-1156
2026-05-25 12:58:35,16692,-644,-1160
2026-05-25 12:58:37,16676,-664,-1120
2026-05-25 12:58:39,16740,-604,-1112
2026-05-25 12:58:41,16712,-684,-1196
2026-05-25 12:58:43,16740,-640,-1208
2026-05-25 12:58:45,16720,-644,-1156
2026-05-25 12:58:47,16640,-684,-1176
2026-05-25 12:58:49,16632,-680,-1272
2026-05-25 12:58:51,16664,-700,-1096
2026-05-25 12:58:53,16688,-640,-1092
2026-05-25 12:58:55,16664,-672,-1172
2026-05-25 12:58:57,16680,-680,-1160
2026-05-25 12:58:59,16712,-692,-1276
2026-05-25 12:59:01,16680,-668,-1204
2026-05-25 12:59:03,16720,-724,-1132
2026-05-25 12:59:05,16712,-640,-1204
2026-05-25 12:59:07,16692,-660,-1148
2026-05-25 12:59:09,16688,-636,-1160
2026-05-25 12:59:11,16676,-648,-1048
2026-05-25 12:59:13,16728,-752,-1200
2026-05-25 12:59:15,16636,-692,-1168
2026-05-25 12:59:17,16684,-620,-1104
2026-05-25 12:59:19,16684,-660,-1180
2026-05-25 12:59:21,16704,-668,-1128
2026-05-25 12:59:23,16648,-704,-1128
2026-05-25 12:59:25,16664,-624,-1124
2026-05-25 12:59:27,16684,-644,-1080
2026-05-25 12:59:29,16660,-704,-1124
2026-05-25 12:59:31,16728,-740,-1152
2026-05-25 12:59:33,16672,-692,-1136
2026-05-25 12:59:35,16672,-676,-1084
2026-05-25 12:59:37,16620,-696,-1184
2026-05-25 12:59:39,16712,-672,-1156
2026-05-25 12:59:41,16704,-676,-1184
2026-05-25 12:59:43,16668,-684,-1184
2026-05-25 12:59:45,16648,-660,-1144
2026-05-25 12:59:47,16740,-712,-1104
2026-05-25 12:59:49,16668,-608,-1132
2026-05-25 12:59:51,16700,-656,-1196
2026-05-25 12:59:53,16748,-672,-1168
2026-05-25 12:59:55,16636,-712,-1172
2026-05-25 12:59:57,16652,-712,-1200
2026-05-25 12:59:59,16868,-612,-1140
2026-05-25 13:00:01,16632,-752,-1264
2026-05-25 13:00:03,16816,-724,-1356
2026-05-25 13:00:05,16732,-636,-1184
2026-05-25 13:00:07,16724,-772,-1204
2026-05-25 13:00:09,16448,-1256,-856
